path,filename,class_code,source_split,extension,file_size_bytes,read_ok,width,height,channels,mode,mean_brightness,median_brightness,std_brightness,dark_pixel_ratio,bright_pixel_ratio,sha256
C:\Users\Dell\Desktop\Kacper Błachowiak - praca magisterska - klasyfikacja znaków drogowych\KB_Praca_Magisterska\data\raw\polish_traffic_signs_dataset\train\A-2\2020_0321_094429_005 1858_mirrored_1.jpg,2020_0321_094429_005 1858_mirrored_1.jpg,A-2,train_original,.jpg,1807,True,49,53,3,RGB,50.19960021972656,48.422401428222656,14.15526294708252,0.0015402387370042356,0.0,007c7bbbafc7f51b300b241bd830e4e6ae41084c83410d47b38d9bfef9d1ff88
C:\Users\Dell\Desktop\Kacper Błachowiak - praca magisterska - klasyfikacja znaków drogowych\KB_Praca_Magisterska\data\raw\polish_traffic_signs_dataset\train\A-2\2020_0321_094429_005 1858_mirrored_0.jpg,2020_0321_094429_005 1858_mirrored_0.jpg,A-2,train_original,.jpg,1807,True,49,53,3,RGB,50.19960021972656,48.422401428222656,14.15526294708252,0.0015402387370042356,0.0,007c7bbbafc7f51b300b241bd830e4e6ae41084c83410d47b38d9bfef9d1ff88
C:\Users\Dell\Desktop\Kacper Błachowiak - praca magisterska - klasyfikacja znaków drogowych\KB_Praca_Magisterska\data\raw\polish_traffic_signs_dataset\train\D-28\2020_0321_094429_005 0329_1.jpg,2020_0321_094429_005 0329_1.jpg,D-28,train_original,.jpg,2667,True,50,61,3,RGB,90.81497192382812,85.77300262451172,46.45023727416992,0.02622950819672131,0.0,01b92b3dadcdf76c4eeabea7a294f5fde728807f0c5cba2caf4f9bea0925da19
C:\Users\Dell\Desktop\Kacper Błachowiak - praca magisterska - klasyfikacja znaków drogowych\KB_Praca_Magisterska\data\raw\polish_traffic_signs_dataset\train\D-28\2020_0321_094429_005 0329_0.jpg,2020_0321_094429_005 0329_0.jpg,D-28,train_original,.jpg,2667,True,50,61,3,RGB,90.81497192382812,85.77300262451172,46.45023727416992,0.02622950819672131,0.0,01b92b3dadcdf76c4eeabea7a294f5fde728807f0c5cba2caf4f9bea0925da19
C:\Users\Dell\Desktop\Kacper Błachowiak - praca magisterska - klasyfikacja znaków drogowych\KB_Praca_Magisterska\data\raw\polish_traffic_signs_dataset\train\A-18b\2020_0321_094429_005 0628_1.jpg,2020_0321_094429_005 0628_1.jpg,A-18b,train_original,.jpg,2034,True,56,57,3,RGB,71.72930145263672,57.37910079956055,36.69725036621094,0.014097744360902255,0.0,037856018c34b8cb6f1cb3ef754e621fe43aed67632b4a09bc64307a4254d3b4
C:\Users\Dell\Desktop\Kacper Błachowiak - praca magisterska - klasyfikacja znaków drogowych\KB_Praca_Magisterska\data\raw\polish_traffic_signs_dataset\train\A-18b\2020_0321_094429_005 0628_0.jpg,2020_0321_094429_005 0628_0.jpg,A-18b,train_original,.jpg,2034,True,56,57,3,RGB,71.72930145263672,57.37910079956055,36.69725036621094,0.014097744360902255,0.0,037856018c34b8cb6f1cb3ef754e621fe43aed67632b4a09bc64307a4254d3b4
C:\Users\Dell\Desktop\Kacper Błachowiak - praca magisterska - klasyfikacja znaków drogowych\KB_Praca_Magisterska\data\raw\polish_traffic_signs_dataset\train\D-43\2020_0321_094429_005 0322_0.jpg,2020_0321_094429_005 0322_0.jpg,D-43,train_original,.jpg,1962,True,57,38,3,RGB,88.17388153076172,76.92379760742188,47.01998519897461,0.030470914127423823,0.0,03b96f9970327a9ab5705fe23c7f3da33edb175ba1931f7d8414ace7b94d447a
C:\Users\Dell\Desktop\Kacper Błachowiak - praca magisterska - klasyfikacja znaków drogowych\KB_Praca_Magisterska\data\raw\polish_traffic_signs_dataset\train\D-43\2020_0321_094429_005 0322_1.jpg,2020_0321_094429_005 0322_1.jpg,D-43,train_original,.jpg,1962,True,57,38,3,RGB,88.17388153076172,76.92379760742188,47.01998519897461,0.030470914127423823,0.0,03b96f9970327a9ab5705fe23c7f3da33edb175ba1931f7d8414ace7b94d447a
C:\Users\Dell\Desktop\Kacper Błachowiak - praca magisterska - klasyfikacja znaków drogowych\KB_Praca_Magisterska\data\raw\polish_traffic_signs_dataset\train\D-3\2020_0321_094429_005 0112_0.jpg,2020_0321_094429_005 0112_0.jpg,D-3,train_original,.jpg,1104,True,26,29,3,RGB,84.7100601196289,66.96900177001953,35.17439651489258,0.0,0.0,0458a2871afbae30a5176b8641885c684b3af1c79147202b96b1e747ce716a03
C:\Users\Dell\Desktop\Kacper Błachowiak - praca magisterska - klasyfikacja znaków drogowych\KB_Praca_Magisterska\data\raw\polish_traffic_signs_dataset\train\D-3\2020_0321_094429_005 0112_1.jpg,2020_0321_094429_005 0112_1.jpg,D-3,train_original,.jpg,1104,True,26,29,3,RGB,84.7100601196289,66.96900177001953,35.17439651489258,0.0,0.0,0458a2871afbae30a5176b8641885c684b3af1c79147202b96b1e747ce716a03
C:\Users\Dell\Desktop\Kacper Błachowiak - praca magisterska - klasyfikacja znaków drogowych\KB_Praca_Magisterska\data\raw\polish_traffic_signs_dataset\train\D-26c\2020_0321_094429_005 0203_0.jpg,2020_0321_094429_005 0203_0.jpg,D-26c,train_original,.jpg,1255,True,35,33,3,RGB,54.699947357177734,57.14839553833008,20.80666160583496,0.006926406926406926,0.0,062f3248d88534e136452e9f68dfaaf827fceabead2050b21b8cc78e4700f40b
C:\Users\Dell\Desktop\Kacper Błachowiak - praca magisterska - klasyfikacja znaków drogowych\KB_Praca_Magisterska\data\raw\polish_traffic_signs_dataset\train\D-26c\2020_0321_094429_005 0203_1.jpg,2020_0321_094429_005 0203_1.jpg,D-26c,train_original,.jpg,1255,True,35,33,3,RGB,54.699947357177734,57.14839553833008,20.80666160583496,0.006926406926406926,0.0,062f3248d88534e136452e9f68dfaaf827fceabead2050b21b8cc78e4700f40b
C:\Users\Dell\Desktop\Kacper Błachowiak - praca magisterska - klasyfikacja znaków drogowych\KB_Praca_Magisterska\data\raw\polish_traffic_signs_dataset\train\D-23\2020_0321_094429_005 0363_0.jpg,2020_0321_094429_005 0363_0.jpg,D-23,train_original,.jpg,2370,True,51,52,3,RGB,94.11180114746094,92.11030578613281,52.34907531738281,0.007918552036199095,0.0007541478129713424,06491f2079caa663c1248486de5e3fc70d7aa429bc9b9a57866410713bfa3b23
C:\Users\Dell\Desktop\Kacper Błachowiak - praca magisterska - klasyfikacja znaków drogowych\KB_Praca_Magisterska\data\raw\polish_traffic_signs_dataset\train\D-23\2020_0321_094429_005 0363_1.jpg,2020_0321_094429_005 0363_1.jpg,D-23,train_original,.jpg,2370,True,51,52,3,RGB,94.11180114746094,92.11030578613281,52.34907531738281,0.007918552036199095,0.0007541478129713424,06491f2079caa663c1248486de5e3fc70d7aa429bc9b9a57866410713bfa3b23
C:\Users\Dell\Desktop\Kacper Błachowiak - praca magisterska - klasyfikacja znaków drogowych\KB_Praca_Magisterska\data\raw\polish_traffic_signs_dataset\train\A-32\2020_0321_094429_005 0201_1.jpg,2020_0321_094429_005 0201_1.jpg,A-32,train_original,.jpg,2005,True,57,55,3,RGB,74.76482391357422,70.18460083007812,25.547672271728516,0.002551834130781499,0.0,0a8d88cef514d89ba7128a251fca026ae3e774f36dc1d8efa2ed0e0e18f87641
C:\Users\Dell\Desktop\Kacper Błachowiak - praca magisterska - klasyfikacja znaków drogowych\KB_Praca_Magisterska\data\raw\polish_traffic_signs_dataset\train\A-32\2020_0321_094429_005 0201_0.jpg,2020_0321_094429_005 0201_0.jpg,A-32,train_original,.jpg,2005,True,57,55,3,RGB,74.76482391357422,70.18460083007812,25.547672271728516,0.002551834130781499,0.0,0a8d88cef514d89ba7128a251fca026ae3e774f36dc1d8efa2ed0e0e18f87641
C:\Users\Dell\Desktop\Kacper Błachowiak - praca magisterska - klasyfikacja znaków drogowych\KB_Praca_Magisterska\data\raw\polish_traffic_signs_dataset\train\B-36\2020_0321_094429_005 0112_0.jpg,2020_0321_094429_005 0112_0.jpg,B-36,train_original,.jpg,1398,True,33,37,3,RGB,101.30160522460938,72.59080505371094,52.511505126953125,0.0,0.0,0b7b8adb520b16c805ebcb190be199e287ef6344b2da8566740ff5440476be49
C:\Users\Dell\Desktop\Kacper Błachowiak - praca magisterska - klasyfikacja znaków drogowych\KB_Praca_Magisterska\data\raw\polish_traffic_signs_dataset\train\B-36\2020_0321_094429_005 0112_1.jpg,2020_0321_094429_005 0112_1.jpg,B-36,train_original,.jpg,1398,True,33,37,3,RGB,101.30160522460938,72.59080505371094,52.511505126953125,0.0,0.0,0b7b8adb520b16c805ebcb190be199e287ef6344b2da8566740ff5440476be49
C:\Users\Dell\Desktop\Kacper Błachowiak - praca magisterska - klasyfikacja znaków drogowych\KB_Praca_Magisterska\data\raw\polish_traffic_signs_dataset\train\A-32\2020_0321_094429_005 0543_0.jpg,2020_0321_094429_005 0543_0.jpg,A-32,train_original,.jpg,5122,True,90,94,3,RGB,85.03648376464844,57.51519775390625,55.28054428100586,0.03877068557919622,0.00047281323877068556,0d7df8774704a92e0676db1d9ad807982c6b7ec63ad09dd28507afcccff28795
C:\Users\Dell\Desktop\Kacper Błachowiak - praca magisterska - klasyfikacja znaków drogowych\KB_Praca_Magisterska\data\raw\polish_traffic_signs_dataset\train\A-32\2020_0321_094429_005 0543_1.jpg,2020_0321_094429_005 0543_1.jpg,A-32,train_original,.jpg,5122,True,90,94,3,RGB,85.03648376464844,57.51519775390625,55.28054428100586,0.03877068557919622,0.00047281323877068556,0d7df8774704a92e0676db1d9ad807982c6b7ec63ad09dd28507afcccff28795
C:\Users\Dell\Desktop\Kacper Błachowiak - praca magisterska - klasyfikacja znaków drogowych\KB_Praca_Magisterska\data\raw\polish_traffic_signs_dataset\train\D-1\2019_0901_165821_014 1010_0.jpg,2019_0901_165821_014 1010_0.jpg,D-1,train_original,.jpg,1826,True,55,52,3,RGB,44.84130096435547,32.50279998779297,30.68262481689453,0.4034965034965035,0.0,0dca597d0a4cf065520225a49fc3555e85d965f27f7dda9c01696f0d0a198d90
C:\Users\Dell\Desktop\Kacper Błachowiak - praca magisterska - klasyfikacja znaków drogowych\KB_Praca_Magisterska\data\raw\polish_traffic_signs_dataset\train\D-1\2019_0901_165821_014 1010_1.jpg,2019_0901_165821_014 1010_1.jpg,D-1,train_original,.jpg,1826,True,55,52,3,RGB,44.84130096435547,32.50279998779297,30.68262481689453,0.4034965034965035,0.0,0dca597d0a4cf065520225a49fc3555e85d965f27f7dda9c01696f0d0a198d90
C:\Users\Dell\Desktop\Kacper Błachowiak - praca magisterska - klasyfikacja znaków drogowych\KB_Praca_Magisterska\data\raw\polish_traffic_signs_dataset\train\A-18b\2020_0321_094429_005 0514_0.jpg,2020_0321_094429_005 0514_0.jpg,A-18b,train_original,.jpg,2446,True,65,56,3,RGB,126.02667236328125,114.97370147705078,65.6783676147461,0.020054945054945057,0.004395604395604396,0e970ca8b5cc626ad4980f4b096f78be98abcaf407b911be5bff876d34644c39
C:\Users\Dell\Desktop\Kacper Błachowiak - praca magisterska - klasyfikacja znaków drogowych\KB_Praca_Magisterska\data\raw\polish_traffic_signs_dataset\train\A-18b\2020_0321_094429_005 0514_1.jpg,2020_0321_094429_005 0514_1.jpg,A-18b,train_original,.jpg,2446,True,65,56,3,RGB,126.02667236328125,114.97370147705078,65.6783676147461,0.020054945054945057,0.004395604395604396,0e970ca8b5cc626ad4980f4b096f78be98abcaf407b911be5bff876d34644c39
C:\Users\Dell\Desktop\Kacper Błachowiak - praca magisterska - klasyfikacja znaków drogowych\KB_Praca_Magisterska\data\raw\polish_traffic_signs_dataset\train\A-18b\2020_0321_094429_005 0574_0.jpg,2020_0321_094429_005 0574_0.jpg,A-18b,train_original,.jpg,3601,True,87,102,3,RGB,68.29151153564453,76.5238037109375,42.99383544921875,0.11674554879423034,0.0,108aa8b9cb0f8c5c67fb7007dcee580fe108445d115714bac6fe9c827a6de1a1
C:\Users\Dell\Desktop\Kacper Błachowiak - praca magisterska - klasyfikacja znaków drogowych\KB_Praca_Magisterska\data\raw\polish_traffic_signs_dataset\train\A-18b\2020_0321_094429_005 0574_1.jpg,2020_0321_094429_005 0574_1.jpg,A-18b,train_original,.jpg,3601,True,87,102,3,RGB,68.29151153564453,76.5238037109375,42.99383544921875,0.11674554879423034,0.0,108aa8b9cb0f8c5c67fb7007dcee580fe108445d115714bac6fe9c827a6de1a1
C:\Users\Dell\Desktop\Kacper Błachowiak - praca magisterska - klasyfikacja znaków drogowych\KB_Praca_Magisterska\data\raw\polish_traffic_signs_dataset\train\B-2\2020_0321_094429_005 0016_1.jpg,2020_0321_094429_005 0016_1.jpg,B-2,train_original,.jpg,2542,True,43,61,3,RGB,142.603271484375,163.2335968017578,66.91593170166016,0.0041936713686618375,0.040411742279832255,111e0436b6297aa0ba6ba7872fdd6a8ecc15e98ed1c37c13f0a9940252b35297
C:\Users\Dell\Desktop\Kacper Błachowiak - praca magisterska - klasyfikacja znaków drogowych\KB_Praca_Magisterska\data\raw\polish_traffic_signs_dataset\train\B-2\2020_0321_094429_005 0016_0.jpg,2020_0321_094429_005 0016_0.jpg,B-2,train_original,.jpg,2542,True,43,61,3,RGB,142.603271484375,163.2335968017578,66.91593170166016,0.0041936713686618375,0.040411742279832255,111e0436b6297aa0ba6ba7872fdd6a8ecc15e98ed1c37c13f0a9940252b35297
C:\Users\Dell\Desktop\Kacper Błachowiak - praca magisterska - klasyfikacja znaków drogowych\KB_Praca_Magisterska\data\raw\polish_traffic_signs_dataset\train\A-29\2019_0901_165821_014 1029_0.jpg,2019_0901_165821_014 1029_0.jpg,A-29,train_original,.jpg,3786,True,112,133,3,RGB,14.157718658447266,2.6956000328063965,17.193490982055664,0.6610499462943072,0.0,11325b0fad26d57b2773873688a18cbfd00b884d9db92a1ea130f7567cdc6101
C:\Users\Dell\Desktop\Kacper Błachowiak - praca magisterska - klasyfikacja znaków drogowych\KB_Praca_Magisterska\data\raw\polish_traffic_signs_dataset\train\A-29\2019_0901_165821_014 1029_1.jpg,2019_0901_165821_014 1029_1.jpg,A-29,train_original,.jpg,3786,True,112,133,3,RGB,14.157718658447266,2.6956000328063965,17.193490982055664,0.6610499462943072,0.0,11325b0fad26d57b2773873688a18cbfd00b884d9db92a1ea130f7567cdc6101
C:\Users\Dell\Desktop\Kacper Błachowiak - praca magisterska - klasyfikacja znaków drogowych\KB_Praca_Magisterska\data\raw\polish_traffic_signs_dataset\train\D-tablica\2020_0321_094429_005 0362_0.jpg,2020_0321_094429_005 0362_0.jpg,D-tablica,train_original,.jpg,2101,True,42,49,3,RGB,82.80615234375,80.08900451660156,38.353248596191406,0.02089407191448008,0.0,17b1c8cea404d962b0db7d6a677a0ad154a6cce395f553bbc285dedcce23eda7
C:\Users\Dell\Desktop\Kacper Błachowiak - praca magisterska - klasyfikacja znaków drogowych\KB_Praca_Magisterska\data\raw\polish_traffic_signs_dataset\train\D-tablica\2020_0321_094429_005 0362_1.jpg,2020_0321_094429_005 0362_1.jpg,D-tablica,train_original,.jpg,2101,True,42,49,3,RGB,82.80615234375,80.08900451660156,38.353248596191406,0.02089407191448008,0.0,17b1c8cea404d962b0db7d6a677a0ad154a6cce395f553bbc285dedcce23eda7
C:\Users\Dell\Desktop\Kacper Błachowiak - praca magisterska - klasyfikacja znaków drogowych\KB_Praca_Magisterska\data\raw\polish_traffic_signs_dataset\train\D-24\2020_0321_094429_005 0218_1.jpg,2020_0321_094429_005 0218_1.jpg,D-24,train_original,.jpg,3313,True,94,95,3,RGB,38.542476654052734,44.604000091552734,22.227880477905273,0.36103023516237404,0.0,1849b3a816bad784c057474a662a7c14fa97d1672d899dbac8b944c4da9083b2
C:\Users\Dell\Desktop\Kacper Błachowiak - praca magisterska - klasyfikacja znaków drogowych\KB_Praca_Magisterska\data\raw\polish_traffic_signs_dataset\train\D-24\2020_0321_094429_005 0218_0.jpg,2020_0321_094429_005 0218_0.jpg,D-24,train_original,.jpg,3313,True,94,95,3,RGB,38.542476654052734,44.604000091552734,22.227880477905273,0.36103023516237404,0.0,1849b3a816bad784c057474a662a7c14fa97d1672d899dbac8b944c4da9083b2
C:\Users\Dell\Desktop\Kacper Błachowiak - praca magisterska - klasyfikacja znaków drogowych\KB_Praca_Magisterska\data\raw\polish_traffic_signs_dataset\train\A-6d\2020_0321_094429_005 0633_0.jpg,2020_0321_094429_005 0633_0.jpg,A-6d,train_original,.jpg,3241,True,72,80,3,RGB,89.91190338134766,104.76419830322266,40.772918701171875,0.05138888888888889,0.0,1c5afe6bf8e8976cc0a82f30b18e09e10cf70c2ea06aa9477ba5e78696d9591b
C:\Users\Dell\Desktop\Kacper Błachowiak - praca magisterska - klasyfikacja znaków drogowych\KB_Praca_Magisterska\data\raw\polish_traffic_signs_dataset\train\A-6d\2020_0321_094429_005 0633_1.jpg,2020_0321_094429_005 0633_1.jpg,A-6d,train_original,.jpg,3241,True,72,80,3,RGB,89.91190338134766,104.76419830322266,40.772918701171875,0.05138888888888889,0.0,1c5afe6bf8e8976cc0a82f30b18e09e10cf70c2ea06aa9477ba5e78696d9591b
C:\Users\Dell\Desktop\Kacper Błachowiak - praca magisterska - klasyfikacja znaków drogowych\KB_Praca_Magisterska\data\raw\polish_traffic_signs_dataset\train\D-26c\2020_0321_094429_005 0218_1.jpg,2020_0321_094429_005 0218_1.jpg,D-26c,train_original,.jpg,3710,True,90,91,3,RGB,39.10986328125,44.589599609375,23.044048309326172,0.2824175824175824,0.0,1f5ab398bcf7a48a09f6bb4f00a881406210386ad9054cd594269de9217004d7
C:\Users\Dell\Desktop\Kacper Błachowiak - praca magisterska - klasyfikacja znaków drogowych\KB_Praca_Magisterska\data\raw\polish_traffic_signs_dataset\train\D-26c\2020_0321_094429_005 0218_0.jpg,2020_0321_094429_005 0218_0.jpg,D-26c,train_original,.jpg,3710,True,90,91,3,RGB,39.10986328125,44.589599609375,23.044048309326172,0.2824175824175824,0.0,1f5ab398bcf7a48a09f6bb4f00a881406210386ad9054cd594269de9217004d7
C:\Users\Dell\Desktop\Kacper Błachowiak - praca magisterska - klasyfikacja znaków drogowych\KB_Praca_Magisterska\data\raw\polish_traffic_signs_dataset\train\A-6d\2020_0321_094429_005 0311_1.jpg,2020_0321_094429_005 0311_1.jpg,A-6d,train_original,.jpg,3340,True,86,80,3,RGB,123.30178833007812,140.4427032470703,50.721641540527344,0.0008720930232558139,0.0,24a2a18a52393901624b38d1091ffe893a7e256c3dd528ae2c1a277d3dbd3253
C:\Users\Dell\Desktop\Kacper Błachowiak - praca magisterska - klasyfikacja znaków drogowych\KB_Praca_Magisterska\data\raw\polish_traffic_signs_dataset\train\A-6d\2020_0321_094429_005 0311_0.jpg,2020_0321_094429_005 0311_0.jpg,A-6d,train_original,.jpg,3340,True,86,80,3,RGB,123.30178833007812,140.4427032470703,50.721641540527344,0.0008720930232558139,0.0,24a2a18a52393901624b38d1091ffe893a7e256c3dd528ae2c1a277d3dbd3253
C:\Users\Dell\Desktop\Kacper Błachowiak - praca magisterska - klasyfikacja znaków drogowych\KB_Praca_Magisterska\data\raw\polish_traffic_signs_dataset\train\B-36\2020_0321_094429_005 0201_1.jpg,2020_0321_094429_005 0201_1.jpg,B-36,train_original,.jpg,3198,True,80,88,3,RGB,44.714447021484375,28.169601440429688,32.43366241455078,0.090625,0.00014204545454545454,2666c302cd6c3379e5a03dfe3cab7a132ea231022c415d3f7205ae49e4a37c6b
C:\Users\Dell\Desktop\Kacper Błachowiak - praca magisterska - klasyfikacja znaków drogowych\KB_Praca_Magisterska\data\raw\polish_traffic_signs_dataset\train\B-36\2020_0321_094429_005 0201_0.jpg,2020_0321_094429_005 0201_0.jpg,B-36,train_original,.jpg,3198,True,80,88,3,RGB,44.714447021484375,28.169601440429688,32.43366241455078,0.090625,0.00014204545454545454,2666c302cd6c3379e5a03dfe3cab7a132ea231022c415d3f7205ae49e4a37c6b
C:\Users\Dell\Desktop\Kacper Błachowiak - praca magisterska - klasyfikacja znaków drogowych\KB_Praca_Magisterska\data\raw\polish_traffic_signs_dataset\train\A-6e\2020_0321_094429_005 0310_mirrored_0.jpg,2020_0321_094429_005 0310_mirrored_0.jpg,A-6e,train_original,.jpg,1236,True,38,32,3,RGB,82.9410400390625,103.88969421386719,36.45378112792969,0.027138157894736843,0.0,2770c6dfb18b0c347296613c599e76a6d7b9a0868e4978eb4084f0850dc39f6e
C:\Users\Dell\Desktop\Kacper Błachowiak - praca magisterska - klasyfikacja znaków drogowych\KB_Praca_Magisterska\data\raw\polish_traffic_signs_dataset\train\A-6e\2020_0321_094429_005 0310_mirrored_1.jpg,2020_0321_094429_005 0310_mirrored_1.jpg,A-6e,train_original,.jpg,1236,True,38,32,3,RGB,82.9410400390625,103.88969421386719,36.45378112792969,0.027138157894736843,0.0,2770c6dfb18b0c347296613c599e76a6d7b9a0868e4978eb4084f0850dc39f6e
C:\Users\Dell\Desktop\Kacper Błachowiak - praca magisterska - klasyfikacja znaków drogowych\KB_Praca_Magisterska\data\raw\polish_traffic_signs_dataset\train\A-6d\2020_0321_094429_005 0251_0.jpg,2020_0321_094429_005 0251_0.jpg,A-6d,train_original,.jpg,1599,True,33,36,3,RGB,113.5145492553711,85.80229187011719,70.56204986572266,0.018518518518518517,0.047979797979797977,299cabcc42a13f425e9bb385cbe9ed00b752f5d1a7e5535b5d87ed06b8d249b3
C:\Users\Dell\Desktop\Kacper Błachowiak - praca magisterska - klasyfikacja znaków drogowych\KB_Praca_Magisterska\data\raw\polish_traffic_signs_dataset\train\A-6d\2020_0321_094429_005 0251_1.jpg,2020_0321_094429_005 0251_1.jpg,A-6d,train_original,.jpg,1599,True,33,36,3,RGB,113.5145492553711,85.80229187011719,70.56204986572266,0.018518518518518517,0.047979797979797977,299cabcc42a13f425e9bb385cbe9ed00b752f5d1a7e5535b5d87ed06b8d249b3
C:\Users\Dell\Desktop\Kacper Błachowiak - praca magisterska - klasyfikacja znaków drogowych\KB_Praca_Magisterska\data\raw\polish_traffic_signs_dataset\train\B-36\2020_0321_094429_005 0113_0.jpg,2020_0321_094429_005 0113_0.jpg,B-36,train_original,.jpg,2461,True,64,61,3,RGB,144.974609375,103.86319732666016,65.48817443847656,0.00025614754098360657,0.14626024590163936,2afba157dfd68706a922a8a90aa3214c8f3464a8a17282dff11ed3f21c54df82
C:\Users\Dell\Desktop\Kacper Błachowiak - praca magisterska - klasyfikacja znaków drogowych\KB_Praca_Magisterska\data\raw\polish_traffic_signs_dataset\train\B-36\2020_0321_094429_005 0113_1.jpg,2020_0321_094429_005 0113_1.jpg,B-36,train_original,.jpg,2461,True,64,61,3,RGB,144.974609375,103.86319732666016,65.48817443847656,0.00025614754098360657,0.14626024590163936,2afba157dfd68706a922a8a90aa3214c8f3464a8a17282dff11ed3f21c54df82
C:\Users\Dell\Desktop\Kacper Błachowiak - praca magisterska - klasyfikacja znaków drogowych\KB_Praca_Magisterska\data\raw\polish_traffic_signs_dataset\train\D-42\2019_0901_165821_014 1009_0.jpg,2019_0901_165821_014 1009_0.jpg,D-42,train_original,.jpg,1826,True,68,37,3,RGB,56.685699462890625,74.79019927978516,36.81296157836914,0.30723370429252783,0.0,2b0c55116bf7a4e4fb4813ad5c7f7fb4f589da2675a4913fa37494601c9e308b
C:\Users\Dell\Desktop\Kacper Błachowiak - praca magisterska - klasyfikacja znaków drogowych\KB_Praca_Magisterska\data\raw\polish_traffic_signs_dataset\train\D-42\2019_0901_165821_014 1009_1.jpg,2019_0901_165821_014 1009_1.jpg,D-42,train_original,.jpg,1826,True,68,37,3,RGB,56.685699462890625,74.79019927978516,36.81296157836914,0.30723370429252783,0.0,2b0c55116bf7a4e4fb4813ad5c7f7fb4f589da2675a4913fa37494601c9e308b
C:\Users\Dell\Desktop\Kacper Błachowiak - praca magisterska - klasyfikacja znaków drogowych\KB_Praca_Magisterska\data\raw\polish_traffic_signs_dataset\train\A-6e\2020_0321_094429_005 0451_mirrored_0.jpg,2020_0321_094429_005 0451_mirrored_0.jpg,A-6e,train_original,.jpg,1850,True,53,47,3,RGB,79.94242095947266,91.56439971923828,40.54048156738281,0.053392211963067045,0.0,31599991e3a7a378115b8a70b65d40cc15acb63493df3fd10254fb2a3f3cd627
C:\Users\Dell\Desktop\Kacper Błachowiak - praca magisterska - klasyfikacja znaków drogowych\KB_Praca_Magisterska\data\raw\polish_traffic_signs_dataset\train\A-6e\2020_0321_094429_005 0451_mirrored_1.jpg,2020_0321_094429_005 0451_mirrored_1.jpg,A-6e,train_original,.jpg,1850,True,53,47,3,RGB,79.94242095947266,91.56439971923828,40.54048156738281,0.053392211963067045,0.0,31599991e3a7a378115b8a70b65d40cc15acb63493df3fd10254fb2a3f3cd627
C:\Users\Dell\Desktop\Kacper Błachowiak - praca magisterska - klasyfikacja znaków drogowych\KB_Praca_Magisterska\data\raw\polish_traffic_signs_dataset\train\A-6e\2020_0321_094429_005 0450_mirrored_0.jpg,2020_0321_094429_005 0450_mirrored_0.jpg,A-6e,train_original,.jpg,2479,True,53,52,3,RGB,122.34834289550781,103.05270385742188,63.811614990234375,0.026124818577648767,0.0021770682148040637,31c2cf4e67a1c10dcfc19c5da8133df77c8abf0fe430700fc3d4727ead0dc768
C:\Users\Dell\Desktop\Kacper Błachowiak - praca magisterska - klasyfikacja znaków drogowych\KB_Praca_Magisterska\data\raw\polish_traffic_signs_dataset\train\A-6e\2020_0321_094429_005 0450_mirrored_1.jpg,2020_0321_094429_005 0450_mirrored_1.jpg,A-6e,train_original,.jpg,2479,True,53,52,3,RGB,122.34834289550781,103.05270385742188,63.811614990234375,0.026124818577648767,0.0021770682148040637,31c2cf4e67a1c10dcfc19c5da8133df77c8abf0fe430700fc3d4727ead0dc768
C:\Users\Dell\Desktop\Kacper Błachowiak - praca magisterska - klasyfikacja znaków drogowych\KB_Praca_Magisterska\data\raw\polish_traffic_signs_dataset\train\A-6c\2020_0321_094429_005 0383_mirrored_1.jpg,2020_0321_094429_005 0383_mirrored_1.jpg,A-6c,train_original,.jpg,3828,True,79,82,3,RGB,58.14826202392578,58.857398986816406,23.19900131225586,0.029330040135844396,0.0,32f50b60887745f491e424aa22e434b17826b5ce8640ee41f6b8edba63ac95dc
C:\Users\Dell\Desktop\Kacper Błachowiak - praca magisterska - klasyfikacja znaków drogowych\KB_Praca_Magisterska\data\raw\polish_traffic_signs_dataset\train\A-6c\2020_0321_094429_005 0383_mirrored_0.jpg,2020_0321_094429_005 0383_mirrored_0.jpg,A-6c,train_original,.jpg,3828,True,79,82,3,RGB,58.14826202392578,58.857398986816406,23.19900131225586,0.029330040135844396,0.0,32f50b60887745f491e424aa22e434b17826b5ce8640ee41f6b8edba63ac95dc
C:\Users\Dell\Desktop\Kacper Błachowiak - praca magisterska - klasyfikacja znaków drogowych\KB_Praca_Magisterska\data\raw\polish_traffic_signs_dataset\train\A-11a\2020_0321_094429_005 0040_0.jpg,2020_0321_094429_005 0040_0.jpg,A-11a,train_original,.jpg,2260,True,55,47,3,RGB,133.49961853027344,151.98899841308594,43.327762603759766,0.00038684719535783365,0.0,3374c04dce21735d5573b1cccd488919580d32c4b593632d9096a2ff6cdf52fd
C:\Users\Dell\Desktop\Kacper Błachowiak - praca magisterska - klasyfikacja znaków drogowych\KB_Praca_Magisterska\data\raw\polish_traffic_signs_dataset\train\A-11a\2020_0321_094429_005 0040_1.jpg,2020_0321_094429_005 0040_1.jpg,A-11a,train_original,.jpg,2260,True,55,47,3,RGB,133.49961853027344,151.98899841308594,43.327762603759766,0.00038684719535783365,0.0,3374c04dce21735d5573b1cccd488919580d32c4b593632d9096a2ff6cdf52fd
C:\Users\Dell\Desktop\Kacper Błachowiak - praca magisterska - klasyfikacja znaków drogowych\KB_Praca_Magisterska\data\raw\polish_traffic_signs_dataset\train\D-7\2020_0321_094429_005 0461_1.jpg,2020_0321_094429_005 0461_1.jpg,D-7,train_original,.jpg,3331,True,61,102,3,RGB,43.172401428222656,29.438199996948242,26.8339786529541,0.05191256830601093,0.0,3403cd4ac6b6461b2b61e1095cfffabfa74d3928155a7470e11f726747f6fce4
C:\Users\Dell\Desktop\Kacper Błachowiak - praca magisterska - klasyfikacja znaków drogowych\KB_Praca_Magisterska\data\raw\polish_traffic_signs_dataset\train\D-7\2020_0321_094429_005 0461_0.jpg,2020_0321_094429_005 0461_0.jpg,D-7,train_original,.jpg,3331,True,61,102,3,RGB,43.172401428222656,29.438199996948242,26.8339786529541,0.05191256830601093,0.0,3403cd4ac6b6461b2b61e1095cfffabfa74d3928155a7470e11f726747f6fce4
C:\Users\Dell\Desktop\Kacper Błachowiak - praca magisterska - klasyfikacja znaków drogowych\KB_Praca_Magisterska\data\raw\polish_traffic_signs_dataset\train\A-6d\2020_0321_094429_005 0266_1.jpg,2020_0321_094429_005 0266_1.jpg,A-6d,train_original,.jpg,2002,True,46,46,3,RGB,138.91128540039062,154.28399658203125,70.08210754394531,0.013705103969754254,0.0666351606805293,369880b6e61415114615e34991b068910036fe4280e02d9e3cdc558590ceb0d6
C:\Users\Dell\Desktop\Kacper Błachowiak - praca magisterska - klasyfikacja znaków drogowych\KB_Praca_Magisterska\data\raw\polish_traffic_signs_dataset\train\A-6d\2020_0321_094429_005 0266_0.jpg,2020_0321_094429_005 0266_0.jpg,A-6d,train_original,.jpg,2002,True,46,46,3,RGB,138.91128540039062,154.28399658203125,70.08210754394531,0.013705103969754254,0.0666351606805293,369880b6e61415114615e34991b068910036fe4280e02d9e3cdc558590ceb0d6
C:\Users\Dell\Desktop\Kacper Błachowiak - praca magisterska - klasyfikacja znaków drogowych\KB_Praca_Magisterska\data\raw\polish_traffic_signs_dataset\train\A-6d\2020_0321_094429_005 0310_1.jpg,2020_0321_094429_005 0310_1.jpg,A-6d,train_original,.jpg,1430,True,38,32,3,RGB,159.52841186523438,202.4971923828125,69.88668823242188,0.003289473684210526,0.05674342105263158,3868970416d03fe7a81a3c9cd827e4b7eb4892e1d873f69a4c00c9a1c7e67fa5
C:\Users\Dell\Desktop\Kacper Błachowiak - praca magisterska - klasyfikacja znaków drogowych\KB_Praca_Magisterska\data\raw\polish_traffic_signs_dataset\train\A-6d\2020_0321_094429_005 0310_0.jpg,2020_0321_094429_005 0310_0.jpg,A-6d,train_original,.jpg,1430,True,38,32,3,RGB,159.52841186523438,202.4971923828125,69.88668823242188,0.003289473684210526,0.05674342105263158,3868970416d03fe7a81a3c9cd827e4b7eb4892e1d873f69a4c00c9a1c7e67fa5
C:\Users\Dell\Desktop\Kacper Błachowiak - praca magisterska - klasyfikacja znaków drogowych\KB_Praca_Magisterska\data\raw\polish_traffic_signs_dataset\train\B-36\2020_0321_094429_005 0222_0.jpg,2020_0321_094429_005 0222_0.jpg,B-36,train_original,.jpg,2052,True,61,55,3,RGB,48.120277404785156,36.25760269165039,27.94816780090332,0.021162444113263786,0.0,387620c06840c5243409701594a2bad95972149b954724b7637785f119f820c2
C:\Users\Dell\Desktop\Kacper Błachowiak - praca magisterska - klasyfikacja znaków drogowych\KB_Praca_Magisterska\data\raw\polish_traffic_signs_dataset\train\B-36\2020_0321_094429_005 0222_1.jpg,2020_0321_094429_005 0222_1.jpg,B-36,train_original,.jpg,2052,True,61,55,3,RGB,48.120277404785156,36.25760269165039,27.94816780090332,0.021162444113263786,0.0,387620c06840c5243409701594a2bad95972149b954724b7637785f119f820c2
C:\Users\Dell\Desktop\Kacper Błachowiak - praca magisterska - klasyfikacja znaków drogowych\KB_Praca_Magisterska\data\raw\polish_traffic_signs_dataset\train\D-15\2020_0321_094429_005 0500_0.jpg,2020_0321_094429_005 0500_0.jpg,D-15,train_original,.jpg,2395,True,51,76,3,RGB,47.80274963378906,46.915496826171875,24.08005714416504,0.08436532507739938,0.0,39057b7ca5a6488f33fd3e81f2ac95f5e25976c52bc7bb13cf0bba37fb7ac6f1
C:\Users\Dell\Desktop\Kacper Błachowiak - praca magisterska - klasyfikacja znaków drogowych\KB_Praca_Magisterska\data\raw\polish_traffic_signs_dataset\train\D-15\2020_0321_094429_005 0500_1.jpg,2020_0321_094429_005 0500_1.jpg,D-15,train_original,.jpg,2395,True,51,76,3,RGB,47.80274963378906,46.915496826171875,24.08005714416504,0.08436532507739938,0.0,39057b7ca5a6488f33fd3e81f2ac95f5e25976c52bc7bb13cf0bba37fb7ac6f1
C:\Users\Dell\Desktop\Kacper Błachowiak - praca magisterska - klasyfikacja znaków drogowych\KB_Praca_Magisterska\data\raw\polish_traffic_signs_dataset\train\D-15\2020_0321_094429_005 0188_1.jpg,2020_0321_094429_005 0188_1.jpg,D-15,train_original,.jpg,1987,True,48,67,3,RGB,40.58268356323242,38.64580154418945,19.71702766418457,0.13370646766169153,0.0,3a674e5aced7808893c4ffa4555cbb1ea2090e2f8b0db59ba41c96c7195d304b
C:\Users\Dell\Desktop\Kacper Błachowiak - praca magisterska - klasyfikacja znaków drogowych\KB_Praca_Magisterska\data\raw\polish_traffic_signs_dataset\train\D-15\2020_0321_094429_005 0188_0.jpg,2020_0321_094429_005 0188_0.jpg,D-15,train_original,.jpg,1987,True,48,67,3,RGB,40.58268356323242,38.64580154418945,19.71702766418457,0.13370646766169153,0.0,3a674e5aced7808893c4ffa4555cbb1ea2090e2f8b0db59ba41c96c7195d304b
C:\Users\Dell\Desktop\Kacper Błachowiak - praca magisterska - klasyfikacja znaków drogowych\KB_Praca_Magisterska\data\raw\polish_traffic_signs_dataset\train\B-36\2020_0321_094429_005 0319_0.jpg,2020_0321_094429_005 0319_0.jpg,B-36,train_original,.jpg,1613,True,37,47,3,RGB,53.04969024658203,56.14500045776367,22.350248336791992,0.04312823461759632,0.0,3b81e1caad9d9fa2b09341686d74329f0d709b68f5742dad0aa3f524cdf0a198
C:\Users\Dell\Desktop\Kacper Błachowiak - praca magisterska - klasyfikacja znaków drogowych\KB_Praca_Magisterska\data\raw\polish_traffic_signs_dataset\train\B-36\2020_0321_094429_005 0319_1.jpg,2020_0321_094429_005 0319_1.jpg,B-36,train_original,.jpg,1613,True,37,47,3,RGB,53.04969024658203,56.14500045776367,22.350248336791992,0.04312823461759632,0.0,3b81e1caad9d9fa2b09341686d74329f0d709b68f5742dad0aa3f524cdf0a198
C:\Users\Dell\Desktop\Kacper Błachowiak - praca magisterska - klasyfikacja znaków drogowych\KB_Praca_Magisterska\data\raw\polish_traffic_signs_dataset\train\D-26b\2020_0321_094429_005 0218_0.jpg,2020_0321_094429_005 0218_0.jpg,D-26b,train_original,.jpg,3408,True,79,94,3,RGB,50.42352294921875,46.459598541259766,40.30188751220703,0.2305413412335039,0.0,3c1137b8147121567e7dde699c474695446172474e9ccf976c2038a3acafe366
C:\Users\Dell\Desktop\Kacper Błachowiak - praca magisterska - klasyfikacja znaków drogowych\KB_Praca_Magisterska\data\raw\polish_traffic_signs_dataset\train\D-26b\2020_0321_094429_005 0218_1.jpg,2020_0321_094429_005 0218_1.jpg,D-26b,train_original,.jpg,3408,True,79,94,3,RGB,50.42352294921875,46.459598541259766,40.30188751220703,0.2305413412335039,0.0,3c1137b8147121567e7dde699c474695446172474e9ccf976c2038a3acafe366
C:\Users\Dell\Desktop\Kacper Błachowiak - praca magisterska - klasyfikacja znaków drogowych\KB_Praca_Magisterska\data\raw\polish_traffic_signs_dataset\train\D-8\2020_0321_094429_005 0689_1.jpg,2020_0321_094429_005 0689_1.jpg,D-8,train_original,.jpg,2976,True,73,87,3,RGB,32.94252014160156,28.076200485229492,14.686810493469238,0.05495197606676114,0.0,40b87f185733f73ac8f6670bf2e293199e95d2fc18192f6e9d934c8993922490
C:\Users\Dell\Desktop\Kacper Błachowiak - praca magisterska - klasyfikacja znaków drogowych\KB_Praca_Magisterska\data\raw\polish_traffic_signs_dataset\train\D-8\2020_0321_094429_005 0689_0.jpg,2020_0321_094429_005 0689_0.jpg,D-8,train_original,.jpg,2976,True,73,87,3,RGB,32.94252014160156,28.076200485229492,14.686810493469238,0.05495197606676114,0.0,40b87f185733f73ac8f6670bf2e293199e95d2fc18192f6e9d934c8993922490
C:\Users\Dell\Desktop\Kacper Błachowiak - praca magisterska - klasyfikacja znaków drogowych\KB_Praca_Magisterska\data\raw\polish_traffic_signs_dataset\train\A-6e\2020_0321_094429_005 0311_mirrored_1.jpg,2020_0321_094429_005 0311_mirrored_1.jpg,A-6e,train_original,.jpg,3944,True,86,80,3,RGB,172.77000427246094,194.37051391601562,70.79871368408203,0.00043604651162790697,0.15901162790697673,40d436cadd3ab1fd5be3f8c27898fb48ca239c30dba43181ee233600ad120bba
C:\Users\Dell\Desktop\Kacper Błachowiak - praca magisterska - klasyfikacja znaków drogowych\KB_Praca_Magisterska\data\raw\polish_traffic_signs_dataset\train\A-6e\2020_0321_094429_005 0311_mirrored_0.jpg,2020_0321_094429_005 0311_mirrored_0.jpg,A-6e,train_original,.jpg,3944,True,86,80,3,RGB,172.77000427246094,194.37051391601562,70.79871368408203,0.00043604651162790697,0.15901162790697673,40d436cadd3ab1fd5be3f8c27898fb48ca239c30dba43181ee233600ad120bba
C:\Users\Dell\Desktop\Kacper Błachowiak - praca magisterska - klasyfikacja znaków drogowych\KB_Praca_Magisterska\data\raw\polish_traffic_signs_dataset\train\D-26\2020_0321_094429_005 0544_0.jpg,2020_0321_094429_005 0544_0.jpg,D-26,train_original,.jpg,4939,True,80,123,3,RGB,53.68129348754883,40.54949951171875,40.19560241699219,0.10254065040650406,0.0001016260162601626,45cc80cf1b96aeba88a57d7e7431dd58519b4349a01b1eda301d4e4f24fe6ad9
C:\Users\Dell\Desktop\Kacper Błachowiak - praca magisterska - klasyfikacja znaków drogowych\KB_Praca_Magisterska\data\raw\polish_traffic_signs_dataset\train\D-26\2020_0321_094429_005 0544_1.jpg,2020_0321_094429_005 0544_1.jpg,D-26,train_original,.jpg,4939,True,80,123,3,RGB,53.68129348754883,40.54949951171875,40.19560241699219,0.10254065040650406,0.0001016260162601626,45cc80cf1b96aeba88a57d7e7431dd58519b4349a01b1eda301d4e4f24fe6ad9
C:\Users\Dell\Desktop\Kacper Błachowiak - praca magisterska - klasyfikacja znaków drogowych\KB_Praca_Magisterska\data\raw\polish_traffic_signs_dataset\train\A-6c\2020_0321_094429_005 1869_1.jpg,2020_0321_094429_005 1869_1.jpg,A-6c,train_original,.jpg,5744,True,86,84,3,RGB,100.82424926757812,93.93009948730469,54.41986846923828,0.03696013289036545,0.011904761904761904,46ecda664874135959a5d60d512dbe2e2df21f5a32dc93b13ececcb27720c4c4
C:\Users\Dell\Desktop\Kacper Błachowiak - praca magisterska - klasyfikacja znaków drogowych\KB_Praca_Magisterska\data\raw\polish_traffic_signs_dataset\train\A-6c\2020_0321_094429_005 1869_0.jpg,2020_0321_094429_005 1869_0.jpg,A-6c,train_original,.jpg,5744,True,86,84,3,RGB,100.82424926757812,93.93009948730469,54.41986846923828,0.03696013289036545,0.011904761904761904,46ecda664874135959a5d60d512dbe2e2df21f5a32dc93b13ececcb27720c4c4
C:\Users\Dell\Desktop\Kacper Błachowiak - praca magisterska - klasyfikacja znaków drogowych\KB_Praca_Magisterska\data\raw\polish_traffic_signs_dataset\train\A-30\2019_0901_165821_014 1024_1.jpg,2019_0901_165821_014 1024_1.jpg,A-30,train_original,.jpg,3672,True,67,71,3,RGB,107.94662475585938,59.776397705078125,84.25315856933594,0.10426739541727979,0.019970569686777382,479a3af6731b8aeecf596e61329b7638a9ca42ff21e85cdc786a770253d4053f
C:\Users\Dell\Desktop\Kacper Błachowiak - praca magisterska - klasyfikacja znaków drogowych\KB_Praca_Magisterska\data\raw\polish_traffic_signs_dataset\train\A-30\2019_0901_165821_014 1024_0.jpg,2019_0901_165821_014 1024_0.jpg,A-30,train_original,.jpg,3672,True,67,71,3,RGB,107.94662475585938,59.776397705078125,84.25315856933594,0.10426739541727979,0.019970569686777382,479a3af6731b8aeecf596e61329b7638a9ca42ff21e85cdc786a770253d4053f
C:\Users\Dell\Desktop\Kacper Błachowiak - praca magisterska - klasyfikacja znaków drogowych\KB_Praca_Magisterska\data\raw\polish_traffic_signs_dataset\train\A-6e\2020_0321_094429_005 0428_mirrored_1.jpg,2020_0321_094429_005 0428_mirrored_1.jpg,A-6e,train_original,.jpg,2075,True,59,57,3,RGB,92.48971557617188,116.014404296875,43.92863464355469,0.04906333630686887,0.0,48e6aaebbdc3888b16a53a79b83bf31c1dc61bfad2918d5d56d4ee75c6986661
C:\Users\Dell\Desktop\Kacper Błachowiak - praca magisterska - klasyfikacja znaków drogowych\KB_Praca_Magisterska\data\raw\polish_traffic_signs_dataset\train\A-6e\2020_0321_094429_005 0428_mirrored_0.jpg,2020_0321_094429_005 0428_mirrored_0.jpg,A-6e,train_original,.jpg,2075,True,59,57,3,RGB,92.48971557617188,116.014404296875,43.92863464355469,0.04906333630686887,0.0,48e6aaebbdc3888b16a53a79b83bf31c1dc61bfad2918d5d56d4ee75c6986661
C:\Users\Dell\Desktop\Kacper Błachowiak - praca magisterska - klasyfikacja znaków drogowych\KB_Praca_Magisterska\data\raw\polish_traffic_signs_dataset\train\D-29\2020_0321_094429_005 0295_1.jpg,2020_0321_094429_005 0295_1.jpg,D-29,train_original,.jpg,1249,True,26,29,3,RGB,95.15935516357422,97.302001953125,57.027156829833984,0.04774535809018567,0.05305039787798409,4b3c5ba2a833e75248880dfaf1e4687a075c370894d553c276354a2d3967c188
C:\Users\Dell\Desktop\Kacper Błachowiak - praca magisterska - klasyfikacja znaków drogowych\KB_Praca_Magisterska\data\raw\polish_traffic_signs_dataset\train\D-29\2020_0321_094429_005 0295_0.jpg,2020_0321_094429_005 0295_0.jpg,D-29,train_original,.jpg,1249,True,26,29,3,RGB,95.15935516357422,97.302001953125,57.027156829833984,0.04774535809018567,0.05305039787798409,4b3c5ba2a833e75248880dfaf1e4687a075c370894d553c276354a2d3967c188
C:\Users\Dell\Desktop\Kacper Błachowiak - praca magisterska - klasyfikacja znaków drogowych\KB_Praca_Magisterska\data\raw\polish_traffic_signs_dataset\train\D-27\2020_0321_094429_005 0363_0.jpg,2020_0321_094429_005 0363_0.jpg,D-27,train_original,.jpg,1597,True,41,48,3,RGB,78.52826690673828,93.20849609375,38.83750915527344,0.027439024390243903,0.0,4c8c2d508ddf5d03483f43fdbd8a0514ec4664d40964b9c4f92a0179ae10b751
C:\Users\Dell\Desktop\Kacper Błachowiak - praca magisterska - klasyfikacja znaków drogowych\KB_Praca_Magisterska\data\raw\polish_traffic_signs_dataset\train\D-27\2020_0321_094429_005 0363_1.jpg,2020_0321_094429_005 0363_1.jpg,D-27,train_original,.jpg,1597,True,41,48,3,RGB,78.52826690673828,93.20849609375,38.83750915527344,0.027439024390243903,0.0,4c8c2d508ddf5d03483f43fdbd8a0514ec4664d40964b9c4f92a0179ae10b751
C:\Users\Dell\Desktop\Kacper Błachowiak - praca magisterska - klasyfikacja znaków drogowych\KB_Praca_Magisterska\data\raw\polish_traffic_signs_dataset\train\D-29\2020_0321_094429_005 0344_0.jpg,2020_0321_094429_005 0344_0.jpg,D-29,train_original,.jpg,3658,True,63,108,3,RGB,83.33970642089844,96.63670349121094,38.18935775756836,0.012345679012345678,0.0,4d9d00b7b8ec390e7fda48c66a0fdf7d697d94390f0b5aae828bb379699e5100
C:\Users\Dell\Desktop\Kacper Błachowiak - praca magisterska - klasyfikacja znaków drogowych\KB_Praca_Magisterska\data\raw\polish_traffic_signs_dataset\train\D-29\2020_0321_094429_005 0344_1.jpg,2020_0321_094429_005 0344_1.jpg,D-29,train_original,.jpg,3658,True,63,108,3,RGB,83.33970642089844,96.63670349121094,38.18935775756836,0.012345679012345678,0.0,4d9d00b7b8ec390e7fda48c66a0fdf7d697d94390f0b5aae828bb379699e5100
C:\Users\Dell\Desktop\Kacper Błachowiak - praca magisterska - klasyfikacja znaków drogowych\KB_Praca_Magisterska\data\raw\polish_traffic_signs_dataset\train\B-25\2019_0901_165821_014 1003_0.jpg,2019_0901_165821_014 1003_0.jpg,B-25,train_original,.jpg,2718,True,57,55,3,RGB,82.98041534423828,83.57759857177734,61.52866744995117,0.08835725677830941,0.05007974481658692,514b0a3d40e91bc194a2398d7a3b12fba764ac07187260e95446bccd0b1d7052
C:\Users\Dell\Desktop\Kacper Błachowiak - praca magisterska - klasyfikacja znaków drogowych\KB_Praca_Magisterska\data\raw\polish_traffic_signs_dataset\train\B-25\2019_0901_165821_014 1003_1.jpg,2019_0901_165821_014 1003_1.jpg,B-25,train_original,.jpg,2718,True,57,55,3,RGB,82.98041534423828,83.57759857177734,61.52866744995117,0.08835725677830941,0.05007974481658692,514b0a3d40e91bc194a2398d7a3b12fba764ac07187260e95446bccd0b1d7052
C:\Users\Dell\Desktop\Kacper Błachowiak - praca magisterska - klasyfikacja znaków drogowych\KB_Praca_Magisterska\data\raw\polish_traffic_signs_dataset\train\D-24\2020_0321_094429_005 0203_1.jpg,2020_0321_094429_005 0203_1.jpg,D-24,train_original,.jpg,1132,True,32,36,3,RGB,50.04522705078125,54.899696350097656,19.14810562133789,0.024305555555555556,0.0,51f24b5d7896b2d2fd7bf6ff18840a44370fd1965abec84902659ca9a0e3e9c0
C:\Users\Dell\Desktop\Kacper Błachowiak - praca magisterska - klasyfikacja znaków drogowych\KB_Praca_Magisterska\data\raw\polish_traffic_signs_dataset\train\D-24\2020_0321_094429_005 0203_0.jpg,2020_0321_094429_005 0203_0.jpg,D-24,train_original,.jpg,1132,True,32,36,3,RGB,50.04522705078125,54.899696350097656,19.14810562133789,0.024305555555555556,0.0,51f24b5d7896b2d2fd7bf6ff18840a44370fd1965abec84902659ca9a0e3e9c0
C:\Users\Dell\Desktop\Kacper Błachowiak - praca magisterska - klasyfikacja znaków drogowych\KB_Praca_Magisterska\data\raw\polish_traffic_signs_dataset\train\A-18b\2019_0901_165821_014 0981_0.jpg,2019_0901_165821_014 0981_0.jpg,A-18b,train_original,.jpg,1655,True,39,37,3,RGB,130.64425659179688,82.2372055053711,84.22124481201172,0.029106029106029108,0.036729036729036726,541386cb41699f673865e68f6e52517bcdd5bd7bdbe0df241f1945b75963bcd5
C:\Users\Dell\Desktop\Kacper Błachowiak - praca magisterska - klasyfikacja znaków drogowych\KB_Praca_Magisterska\data\raw\polish_traffic_signs_dataset\train\A-18b\2019_0901_165821_014 0981_1.jpg,2019_0901_165821_014 0981_1.jpg,A-18b,train_original,.jpg,1655,True,39,37,3,RGB,130.64425659179688,82.2372055053711,84.22124481201172,0.029106029106029108,0.036729036729036726,541386cb41699f673865e68f6e52517bcdd5bd7bdbe0df241f1945b75963bcd5
C:\Users\Dell\Desktop\Kacper Błachowiak - praca magisterska - klasyfikacja znaków drogowych\KB_Praca_Magisterska\data\raw\polish_traffic_signs_dataset\train\C-5\2020_0321_094429_005 0455_1.jpg,2020_0321_094429_005 0455_1.jpg,C-5,train_original,.jpg,2198,True,41,68,3,RGB,79.59502410888672,68.45419311523438,54.03660202026367,0.055236728837876614,0.0,58d789e1bfbe5fff330f8686f73b99c3264f2b62aa3458578904767f7cbfdedd
C:\Users\Dell\Desktop\Kacper Błachowiak - praca magisterska - klasyfikacja znaków drogowych\KB_Praca_Magisterska\data\raw\polish_traffic_signs_dataset\train\C-5\2020_0321_094429_005 0455_0.jpg,2020_0321_094429_005 0455_0.jpg,C-5,train_original,.jpg,2198,True,41,68,3,RGB,79.59502410888672,68.45419311523438,54.03660202026367,0.055236728837876614,0.0,58d789e1bfbe5fff330f8686f73b99c3264f2b62aa3458578904767f7cbfdedd
C:\Users\Dell\Desktop\Kacper Błachowiak - praca magisterska - klasyfikacja znaków drogowych\KB_Praca_Magisterska\data\raw\polish_traffic_signs_dataset\train\B-6-B-8-B-9\2020_0321_094429_005 0310_0.jpg,2020_0321_094429_005 0310_0.jpg,B-6-B-8-B-9,train_original,.jpg,4057,True,71,79,3,RGB,115.78799438476562,102.49620056152344,70.8799819946289,0.017293635229096094,0.1312176858620075,5dd6362caf346209a90d932d4f5ea613d4cead7aeb66f961edc9a858706fba17
C:\Users\Dell\Desktop\Kacper Błachowiak - praca magisterska - klasyfikacja znaków drogowych\KB_Praca_Magisterska\data\raw\polish_traffic_signs_dataset\train\B-6-B-8-B-9\2020_0321_094429_005 0310_1.jpg,2020_0321_094429_005 0310_1.jpg,B-6-B-8-B-9,train_original,.jpg,4057,True,71,79,3,RGB,115.78799438476562,102.49620056152344,70.8799819946289,0.017293635229096094,0.1312176858620075,5dd6362caf346209a90d932d4f5ea613d4cead7aeb66f961edc9a858706fba17
C:\Users\Dell\Desktop\Kacper Błachowiak - praca magisterska - klasyfikacja znaków drogowych\KB_Praca_Magisterska\data\raw\polish_traffic_signs_dataset\train\A-6b\2020_0321_094429_005 0382_0.jpg,2020_0321_094429_005 0382_0.jpg,A-6b,train_original,.jpg,1411,True,35,29,3,RGB,79.35208892822266,73.06819915771484,30.293615341186523,0.0,0.0,5f1188d1843bdcc6b4e227ede1f1356a8f811be225c70a05ef7c31e13ad7ee15
C:\Users\Dell\Desktop\Kacper Błachowiak - praca magisterska - klasyfikacja znaków drogowych\KB_Praca_Magisterska\data\raw\polish_traffic_signs_dataset\train\A-6b\2020_0321_094429_005 0382_1.jpg,2020_0321_094429_005 0382_1.jpg,A-6b,train_original,.jpg,1411,True,35,29,3,RGB,79.35208892822266,73.06819915771484,30.293615341186523,0.0,0.0,5f1188d1843bdcc6b4e227ede1f1356a8f811be225c70a05ef7c31e13ad7ee15
C:\Users\Dell\Desktop\Kacper Błachowiak - praca magisterska - klasyfikacja znaków drogowych\KB_Praca_Magisterska\data\raw\polish_traffic_signs_dataset\train\D-28\2020_0321_094429_005 0343_0.jpg,2020_0321_094429_005 0343_0.jpg,D-28,train_original,.jpg,1778,True,39,36,3,RGB,96.28306579589844,103.91610717773438,47.402584075927734,0.027065527065527065,0.0,6122179bb581a23988db2fc85d378afb6de3a002b99c0012b92c2328657a4542
C:\Users\Dell\Desktop\Kacper Błachowiak - praca magisterska - klasyfikacja znaków drogowych\KB_Praca_Magisterska\data\raw\polish_traffic_signs_dataset\train\D-28\2020_0321_094429_005 0343_1.jpg,2020_0321_094429_005 0343_1.jpg,D-28,train_original,.jpg,1778,True,39,36,3,RGB,96.28306579589844,103.91610717773438,47.402584075927734,0.027065527065527065,0.0,6122179bb581a23988db2fc85d378afb6de3a002b99c0012b92c2328657a4542
C:\Users\Dell\Desktop\Kacper Błachowiak - praca magisterska - klasyfikacja znaków drogowych\KB_Praca_Magisterska\data\raw\polish_traffic_signs_dataset\train\D-7\2020_0321_094429_005 0425_1.jpg,2020_0321_094429_005 0425_1.jpg,D-7,train_original,.jpg,2027,True,44,55,3,RGB,95.24979400634766,62.87779998779297,60.8530158996582,0.0,0.013636363636363636,617c3e9511d9d8dcf27d8511c21c0d25e3937b3590000de0079110eaf44d50a7
C:\Users\Dell\Desktop\Kacper Błachowiak - praca magisterska - klasyfikacja znaków drogowych\KB_Praca_Magisterska\data\raw\polish_traffic_signs_dataset\train\D-7\2020_0321_094429_005 0425_0.jpg,2020_0321_094429_005 0425_0.jpg,D-7,train_original,.jpg,2027,True,44,55,3,RGB,95.24979400634766,62.87779998779297,60.8530158996582,0.0,0.013636363636363636,617c3e9511d9d8dcf27d8511c21c0d25e3937b3590000de0079110eaf44d50a7
C:\Users\Dell\Desktop\Kacper Błachowiak - praca magisterska - klasyfikacja znaków drogowych\KB_Praca_Magisterska\data\raw\polish_traffic_signs_dataset\train\B-36\2020_0321_094429_005 0048_1.jpg,2020_0321_094429_005 0048_1.jpg,B-36,train_original,.jpg,2399,True,49,54,3,RGB,111.71416473388672,92.77639770507812,51.198463439941406,0.0,0.0,620faa673ada9a26ee142b40c4a308b059910e9a2c06a13b5b0417b9d2a41305
C:\Users\Dell\Desktop\Kacper Błachowiak - praca magisterska - klasyfikacja znaków drogowych\KB_Praca_Magisterska\data\raw\polish_traffic_signs_dataset\train\B-36\2020_0321_094429_005 0048_0.jpg,2020_0321_094429_005 0048_0.jpg,B-36,train_original,.jpg,2399,True,49,54,3,RGB,111.71416473388672,92.77639770507812,51.198463439941406,0.0,0.0,620faa673ada9a26ee142b40c4a308b059910e9a2c06a13b5b0417b9d2a41305
C:\Users\Dell\Desktop\Kacper Błachowiak - praca magisterska - klasyfikacja znaków drogowych\KB_Praca_Magisterska\data\raw\polish_traffic_signs_dataset\train\D-28\2020_0321_094429_005 0344_0.jpg,2020_0321_094429_005 0344_0.jpg,D-28,train_original,.jpg,4554,True,74,114,3,RGB,93.89126586914062,108.85189819335938,40.29949188232422,0.0040303461356092935,0.0,6237c10e8226a6f22c5b535be1042fe99ca28c126fafaf6eea0118254abd7063
C:\Users\Dell\Desktop\Kacper Błachowiak - praca magisterska - klasyfikacja znaków drogowych\KB_Praca_Magisterska\data\raw\polish_traffic_signs_dataset\train\D-28\2020_0321_094429_005 0344_1.jpg,2020_0321_094429_005 0344_1.jpg,D-28,train_original,.jpg,4554,True,74,114,3,RGB,93.89126586914062,108.85189819335938,40.29949188232422,0.0040303461356092935,0.0,6237c10e8226a6f22c5b535be1042fe99ca28c126fafaf6eea0118254abd7063
C:\Users\Dell\Desktop\Kacper Błachowiak - praca magisterska - klasyfikacja znaków drogowych\KB_Praca_Magisterska\data\raw\polish_traffic_signs_dataset\train\A-11a\2020_0321_094429_005 0021_1.jpg,2020_0321_094429_005 0021_1.jpg,A-11a,train_original,.jpg,11775,True,186,158,3,RGB,137.04185485839844,141.92919921875,44.00670623779297,0.0030965019735946643,0.0039812168231931405,65cbfbc19990652c710755ff58683dcfb567fc3430cd4a2d67224a7cadca5823
C:\Users\Dell\Desktop\Kacper Błachowiak - praca magisterska - klasyfikacja znaków drogowych\KB_Praca_Magisterska\data\raw\polish_traffic_signs_dataset\train\A-11a\2020_0321_094429_005 0021_0.jpg,2020_0321_094429_005 0021_0.jpg,A-11a,train_original,.jpg,11775,True,186,158,3,RGB,137.04185485839844,141.92919921875,44.00670623779297,0.0030965019735946643,0.0039812168231931405,65cbfbc19990652c710755ff58683dcfb567fc3430cd4a2d67224a7cadca5823
C:\Users\Dell\Desktop\Kacper Błachowiak - praca magisterska - klasyfikacja znaków drogowych\KB_Praca_Magisterska\data\raw\polish_traffic_signs_dataset\train\D-26b\2020_0321_094429_005 0203_1.jpg,2020_0321_094429_005 0203_1.jpg,D-26b,train_original,.jpg,1060,True,32,31,3,RGB,52.30223083496094,55.64580154418945,20.083024978637695,0.02620967741935484,0.0,6bc8302488866b5129b20d568f768f4599188cbf6c78427e775460d34335ad10
C:\Users\Dell\Desktop\Kacper Błachowiak - praca magisterska - klasyfikacja znaków drogowych\KB_Praca_Magisterska\data\raw\polish_traffic_signs_dataset\train\D-26b\2020_0321_094429_005 0203_0.jpg,2020_0321_094429_005 0203_0.jpg,D-26b,train_original,.jpg,1060,True,32,31,3,RGB,52.30223083496094,55.64580154418945,20.083024978637695,0.02620967741935484,0.0,6bc8302488866b5129b20d568f768f4599188cbf6c78427e775460d34335ad10
C:\Users\Dell\Desktop\Kacper Błachowiak - praca magisterska - klasyfikacja znaków drogowych\KB_Praca_Magisterska\data\raw\polish_traffic_signs_dataset\train\D-42\2019_0901_165821_014 1010_1.jpg,2019_0901_165821_014 1010_1.jpg,D-42,train_original,.jpg,6781,True,186,112,3,RGB,71.00431823730469,74.74040222167969,50.160648345947266,0.20540514592933948,0.005088325652841782,6c00eca015434cc40066c2928362147236ce73d807e082623fa4d24862ba6173
C:\Users\Dell\Desktop\Kacper Błachowiak - praca magisterska - klasyfikacja znaków drogowych\KB_Praca_Magisterska\data\raw\polish_traffic_signs_dataset\train\D-42\2019_0901_165821_014 1010_0.jpg,2019_0901_165821_014 1010_0.jpg,D-42,train_original,.jpg,6781,True,186,112,3,RGB,71.00431823730469,74.74040222167969,50.160648345947266,0.20540514592933948,0.005088325652841782,6c00eca015434cc40066c2928362147236ce73d807e082623fa4d24862ba6173
C:\Users\Dell\Desktop\Kacper Błachowiak - praca magisterska - klasyfikacja znaków drogowych\KB_Praca_Magisterska\data\raw\polish_traffic_signs_dataset\train\A-6b\2020_0321_094429_005 0381_0.jpg,2020_0321_094429_005 0381_0.jpg,A-6b,train_original,.jpg,955,True,23,24,3,RGB,66.37144470214844,52.992000579833984,27.171239852905273,0.0036231884057971015,0.0,6f58dde6f19d6bdb9a1bd601f699224464712cfcef22703920be3ba4bc5c77f5
C:\Users\Dell\Desktop\Kacper Błachowiak - praca magisterska - klasyfikacja znaków drogowych\KB_Praca_Magisterska\data\raw\polish_traffic_signs_dataset\train\A-6b\2020_0321_094429_005 0381_1.jpg,2020_0321_094429_005 0381_1.jpg,A-6b,train_original,.jpg,955,True,23,24,3,RGB,66.37144470214844,52.992000579833984,27.171239852905273,0.0036231884057971015,0.0,6f58dde6f19d6bdb9a1bd601f699224464712cfcef22703920be3ba4bc5c77f5
C:\Users\Dell\Desktop\Kacper Błachowiak - praca magisterska - klasyfikacja znaków drogowych\KB_Praca_Magisterska\data\raw\polish_traffic_signs_dataset\train\A-6d\2020_0321_094429_005 0428_0.jpg,2020_0321_094429_005 0428_0.jpg,A-6d,train_original,.jpg,2412,True,59,57,3,RGB,155.60716247558594,195.72439575195312,73.63330841064453,0.018435920309247695,0.008325899494498959,7152115a32027b0a9342bfa103c29ecd6f16f38f72a40b83964a484fa0355827
C:\Users\Dell\Desktop\Kacper Błachowiak - praca magisterska - klasyfikacja znaków drogowych\KB_Praca_Magisterska\data\raw\polish_traffic_signs_dataset\train\A-6d\2020_0321_094429_005 0428_1.jpg,2020_0321_094429_005 0428_1.jpg,A-6d,train_original,.jpg,2412,True,59,57,3,RGB,155.60716247558594,195.72439575195312,73.63330841064453,0.018435920309247695,0.008325899494498959,7152115a32027b0a9342bfa103c29ecd6f16f38f72a40b83964a484fa0355827
C:\Users\Dell\Desktop\Kacper Błachowiak - praca magisterska - klasyfikacja znaków drogowych\KB_Praca_Magisterska\data\raw\polish_traffic_signs_dataset\train\A-1\2020_0321_094429_005 1858_0.jpg,2020_0321_094429_005 1858_0.jpg,A-1,train_original,.jpg,2176,True,49,53,3,RGB,89.11614227294922,86.30500030517578,24.88507843017578,0.0003850596842510589,0.0,716d0a7c98c76996af3e0fc092a984c21f794d1ac30be15ab634e5afc0abca1e
C:\Users\Dell\Desktop\Kacper Błachowiak - praca magisterska - klasyfikacja znaków drogowych\KB_Praca_Magisterska\data\raw\polish_traffic_signs_dataset\train\A-1\2020_0321_094429_005 1858_1.jpg,2020_0321_094429_005 1858_1.jpg,A-1,train_original,.jpg,2176,True,49,53,3,RGB,89.11614227294922,86.30500030517578,24.88507843017578,0.0003850596842510589,0.0,716d0a7c98c76996af3e0fc092a984c21f794d1ac30be15ab634e5afc0abca1e
C:\Users\Dell\Desktop\Kacper Błachowiak - praca magisterska - klasyfikacja znaków drogowych\KB_Praca_Magisterska\data\raw\polish_traffic_signs_dataset\train\A-6c\2020_0321_094429_005 1868_0.jpg,2020_0321_094429_005 1868_0.jpg,A-6c,train_original,.jpg,1479,True,30,28,3,RGB,104.93156433105469,105.22700500488281,53.25370407104492,0.04642857142857143,0.008333333333333333,71f684fe47237856866b520215ceb105a82e1ff734d8cf9aaceedc4b9faeaef7
C:\Users\Dell\Desktop\Kacper Błachowiak - praca magisterska - klasyfikacja znaków drogowych\KB_Praca_Magisterska\data\raw\polish_traffic_signs_dataset\train\A-6c\2020_0321_094429_005 1868_1.jpg,2020_0321_094429_005 1868_1.jpg,A-6c,train_original,.jpg,1479,True,30,28,3,RGB,104.93156433105469,105.22700500488281,53.25370407104492,0.04642857142857143,0.008333333333333333,71f684fe47237856866b520215ceb105a82e1ff734d8cf9aaceedc4b9faeaef7
C:\Users\Dell\Desktop\Kacper Błachowiak - praca magisterska - klasyfikacja znaków drogowych\KB_Praca_Magisterska\data\raw\polish_traffic_signs_dataset\train\A-6d\2020_0321_094429_005 0566_0.jpg,2020_0321_094429_005 0566_0.jpg,A-6d,train_original,.jpg,1580,True,48,42,3,RGB,95.45377349853516,121.3152084350586,42.28706741333008,0.00248015873015873,0.0,77a3f9de665bb980e9053c3545e80d6f15df30cd45eb88717be1d1cbe17e049d
C:\Users\Dell\Desktop\Kacper Błachowiak - praca magisterska - klasyfikacja znaków drogowych\KB_Praca_Magisterska\data\raw\polish_traffic_signs_dataset\train\A-6d\2020_0321_094429_005 0566_1.jpg,2020_0321_094429_005 0566_1.jpg,A-6d,train_original,.jpg,1580,True,48,42,3,RGB,95.45377349853516,121.3152084350586,42.28706741333008,0.00248015873015873,0.0,77a3f9de665bb980e9053c3545e80d6f15df30cd45eb88717be1d1cbe17e049d
C:\Users\Dell\Desktop\Kacper Błachowiak - praca magisterska - klasyfikacja znaków drogowych\KB_Praca_Magisterska\data\raw\polish_traffic_signs_dataset\train\D-23\2020_0321_094429_005 0203_0.jpg,2020_0321_094429_005 0203_0.jpg,D-23,train_original,.jpg,1054,True,32,32,3,RGB,51.73625564575195,47.790199279785156,19.37575340270996,0.0029296875,0.0,7a4d0f36cfd46358eb9ba92c6ccb788fcd1f82a9fd4235ba05f34a0810561b51
C:\Users\Dell\Desktop\Kacper Błachowiak - praca magisterska - klasyfikacja znaków drogowych\KB_Praca_Magisterska\data\raw\polish_traffic_signs_dataset\train\D-23\2020_0321_094429_005 0203_1.jpg,2020_0321_094429_005 0203_1.jpg,D-23,train_original,.jpg,1054,True,32,32,3,RGB,51.73625564575195,47.790199279785156,19.37575340270996,0.0029296875,0.0,7a4d0f36cfd46358eb9ba92c6ccb788fcd1f82a9fd4235ba05f34a0810561b51
C:\Users\Dell\Desktop\Kacper Błachowiak - praca magisterska - klasyfikacja znaków drogowych\KB_Praca_Magisterska\data\raw\polish_traffic_signs_dataset\train\A-6b\2020_0321_094429_005 1899_mirrored_1.jpg,2020_0321_094429_005 1899_mirrored_1.jpg,A-6b,train_original,.jpg,7990,True,149,147,3,RGB,92.11658477783203,75.51339721679688,44.41694259643555,0.002511071542711044,0.0,7b5d240a6ec51b51f792f9c06f6462c356f22765f8009762383cde443dcadda3
C:\Users\Dell\Desktop\Kacper Błachowiak - praca magisterska - klasyfikacja znaków drogowych\KB_Praca_Magisterska\data\raw\polish_traffic_signs_dataset\train\A-6b\2020_0321_094429_005 1899_mirrored_0.jpg,2020_0321_094429_005 1899_mirrored_0.jpg,A-6b,train_original,.jpg,7990,True,149,147,3,RGB,92.11658477783203,75.51339721679688,44.41694259643555,0.002511071542711044,0.0,7b5d240a6ec51b51f792f9c06f6462c356f22765f8009762383cde443dcadda3
C:\Users\Dell\Desktop\Kacper Błachowiak - praca magisterska - klasyfikacja znaków drogowych\KB_Praca_Magisterska\data\raw\polish_traffic_signs_dataset\train\D-tablica\2020_0321_094429_005 0363_0.jpg,2020_0321_094429_005 0363_0.jpg,D-tablica,train_original,.jpg,6174,True,87,111,3,RGB,82.85234832763672,77.64179992675781,48.546966552734375,0.026198612405508956,0.005591798695246971,7b775de632759e7a592fb3edf0185e9828313fae49ef8fac591a470f6b1d8f7a
C:\Users\Dell\Desktop\Kacper Błachowiak - praca magisterska - klasyfikacja znaków drogowych\KB_Praca_Magisterska\data\raw\polish_traffic_signs_dataset\train\D-tablica\2020_0321_094429_005 0363_1.jpg,2020_0321_094429_005 0363_1.jpg,D-tablica,train_original,.jpg,6174,True,87,111,3,RGB,82.85234832763672,77.64179992675781,48.546966552734375,0.026198612405508956,0.005591798695246971,7b775de632759e7a592fb3edf0185e9828313fae49ef8fac591a470f6b1d8f7a
C:\Users\Dell\Desktop\Kacper Błachowiak - praca magisterska - klasyfikacja znaków drogowych\KB_Praca_Magisterska\data\raw\polish_traffic_signs_dataset\train\A-18b\2020_0321_094429_005 1847_0.jpg,2020_0321_094429_005 1847_0.jpg,A-18b,train_original,.jpg,4080,True,128,116,3,RGB,120.07603454589844,119.85559844970703,19.117515563964844,0.0,6.734913793103448e-05,7b9ad55402660febc7107f12433626437dedfe998a626e66c3c01fb2e9f239f5
C:\Users\Dell\Desktop\Kacper Błachowiak - praca magisterska - klasyfikacja znaków drogowych\KB_Praca_Magisterska\data\raw\polish_traffic_signs_dataset\train\A-18b\2020_0321_094429_005 1847_1.jpg,2020_0321_094429_005 1847_1.jpg,A-18b,train_original,.jpg,4080,True,128,116,3,RGB,120.07603454589844,119.85559844970703,19.117515563964844,0.0,6.734913793103448e-05,7b9ad55402660febc7107f12433626437dedfe998a626e66c3c01fb2e9f239f5
C:\Users\Dell\Desktop\Kacper Błachowiak - praca magisterska - klasyfikacja znaków drogowych\KB_Praca_Magisterska\data\raw\polish_traffic_signs_dataset\train\D-3\2020_0321_094429_005 0201_1.jpg,2020_0321_094429_005 0201_1.jpg,D-3,train_original,.jpg,3162,True,86,96,3,RGB,37.07625961303711,22.51340103149414,25.5468692779541,0.24176356589147288,0.0,818ef2c45af072991048609f0c36adb58670db64fc7cb8a5aaaec1b617569feb
C:\Users\Dell\Desktop\Kacper Błachowiak - praca magisterska - klasyfikacja znaków drogowych\KB_Praca_Magisterska\data\raw\polish_traffic_signs_dataset\train\D-3\2020_0321_094429_005 0201_0.jpg,2020_0321_094429_005 0201_0.jpg,D-3,train_original,.jpg,3162,True,86,96,3,RGB,37.07625961303711,22.51340103149414,25.5468692779541,0.24176356589147288,0.0,818ef2c45af072991048609f0c36adb58670db64fc7cb8a5aaaec1b617569feb
C:\Users\Dell\Desktop\Kacper Błachowiak - praca magisterska - klasyfikacja znaków drogowych\KB_Praca_Magisterska\data\raw\polish_traffic_signs_dataset\train\A-11\2020_0321_094429_005 0324_0.jpg,2020_0321_094429_005 0324_0.jpg,A-11,train_original,.jpg,1631,True,47,47,3,RGB,72.76644897460938,72.47460174560547,18.647796630859375,0.0,0.0,821bdefe4f32c7be70b40c57b85b201e30d7b18f89f86f0f9fa2765ef0ae5a88
C:\Users\Dell\Desktop\Kacper Błachowiak - praca magisterska - klasyfikacja znaków drogowych\KB_Praca_Magisterska\data\raw\polish_traffic_signs_dataset\train\A-11\2020_0321_094429_005 0324_1.jpg,2020_0321_094429_005 0324_1.jpg,A-11,train_original,.jpg,1631,True,47,47,3,RGB,72.76644897460938,72.47460174560547,18.647796630859375,0.0,0.0,821bdefe4f32c7be70b40c57b85b201e30d7b18f89f86f0f9fa2765ef0ae5a88
C:\Users\Dell\Desktop\Kacper Błachowiak - praca magisterska - klasyfikacja znaków drogowych\KB_Praca_Magisterska\data\raw\polish_traffic_signs_dataset\train\A-6e\2020_0321_094429_005 0266_mirrored_0.jpg,2020_0321_094429_005 0266_mirrored_0.jpg,A-6e,train_original,.jpg,2065,True,46,46,3,RGB,129.14898681640625,143.39230346679688,65.38644409179688,0.015595463137996219,0.004253308128544423,85ffacd7404abafe8fee58564d5e1c14ed46c5e2b966592f5ce2af03791c5b39
C:\Users\Dell\Desktop\Kacper Błachowiak - praca magisterska - klasyfikacja znaków drogowych\KB_Praca_Magisterska\data\raw\polish_traffic_signs_dataset\train\A-6e\2020_0321_094429_005 0266_mirrored_1.jpg,2020_0321_094429_005 0266_mirrored_1.jpg,A-6e,train_original,.jpg,2065,True,46,46,3,RGB,129.14898681640625,143.39230346679688,65.38644409179688,0.015595463137996219,0.004253308128544423,85ffacd7404abafe8fee58564d5e1c14ed46c5e2b966592f5ce2af03791c5b39
C:\Users\Dell\Desktop\Kacper Błachowiak - praca magisterska - klasyfikacja znaków drogowych\KB_Praca_Magisterska\data\raw\polish_traffic_signs_dataset\train\A-6b\2020_0321_094429_005 0383_0.jpg,2020_0321_094429_005 0383_0.jpg,A-6b,train_original,.jpg,4627,True,79,82,3,RGB,92.10320281982422,93.1636962890625,36.359371185302734,0.0029330040135844395,0.0,86f982b56fc4d7db1ef82a4d92c4c3a81aacdaeaa8aadb766ba861f7093000b9
C:\Users\Dell\Desktop\Kacper Błachowiak - praca magisterska - klasyfikacja znaków drogowych\KB_Praca_Magisterska\data\raw\polish_traffic_signs_dataset\train\A-6b\2020_0321_094429_005 0383_1.jpg,2020_0321_094429_005 0383_1.jpg,A-6b,train_original,.jpg,4627,True,79,82,3,RGB,92.10320281982422,93.1636962890625,36.359371185302734,0.0029330040135844395,0.0,86f982b56fc4d7db1ef82a4d92c4c3a81aacdaeaa8aadb766ba861f7093000b9
C:\Users\Dell\Desktop\Kacper Błachowiak - praca magisterska - klasyfikacja znaków drogowych\KB_Praca_Magisterska\data\raw\polish_traffic_signs_dataset\train\A-6d\2020_0321_094429_005 0450_1.jpg,2020_0321_094429_005 0450_1.jpg,A-6d,train_original,.jpg,2422,True,53,52,3,RGB,122.36371612548828,101.25849914550781,63.8351936340332,0.027576197387518143,0.00181422351233672,878717682c618f234f826baf2b211bbf92f1e0eff23b40e28027bfcab5c33f79
C:\Users\Dell\Desktop\Kacper Błachowiak - praca magisterska - klasyfikacja znaków drogowych\KB_Praca_Magisterska\data\raw\polish_traffic_signs_dataset\train\A-6d\2020_0321_094429_005 0450_0.jpg,2020_0321_094429_005 0450_0.jpg,A-6d,train_original,.jpg,2422,True,53,52,3,RGB,122.36371612548828,101.25849914550781,63.8351936340332,0.027576197387518143,0.00181422351233672,878717682c618f234f826baf2b211bbf92f1e0eff23b40e28027bfcab5c33f79
C:\Users\Dell\Desktop\Kacper Błachowiak - praca magisterska - klasyfikacja znaków drogowych\KB_Praca_Magisterska\data\raw\polish_traffic_signs_dataset\train\C-5\2020_0321_094429_005 0138_0.jpg,2020_0321_094429_005 0138_0.jpg,C-5,train_original,.jpg,2803,True,86,82,3,RGB,127.12950897216797,123.72440338134766,19.582571029663086,0.0,0.0,883709dab35b73b8a246ce38db1704720efb27983a8d951033da36b4a0b83696
C:\Users\Dell\Desktop\Kacper Błachowiak - praca magisterska - klasyfikacja znaków drogowych\KB_Praca_Magisterska\data\raw\polish_traffic_signs_dataset\train\C-5\2020_0321_094429_005 0138_1.jpg,2020_0321_094429_005 0138_1.jpg,C-5,train_original,.jpg,2803,True,86,82,3,RGB,127.12950897216797,123.72440338134766,19.582571029663086,0.0,0.0,883709dab35b73b8a246ce38db1704720efb27983a8d951033da36b4a0b83696
C:\Users\Dell\Desktop\Kacper Błachowiak - praca magisterska - klasyfikacja znaków drogowych\KB_Praca_Magisterska\data\raw\polish_traffic_signs_dataset\train\A-6d\2020_0321_094429_005 0216_1.jpg,2020_0321_094429_005 0216_1.jpg,A-6d,train_original,.jpg,2064,True,51,52,3,RGB,80.26090240478516,68.8750991821289,40.828487396240234,0.02526395173453997,0.0,8a5ff3e4a941645e71735e7aee139c7e176f8eaa96d8662144ae51f7b80b5dd6
C:\Users\Dell\Desktop\Kacper Błachowiak - praca magisterska - klasyfikacja znaków drogowych\KB_Praca_Magisterska\data\raw\polish_traffic_signs_dataset\train\A-6d\2020_0321_094429_005 0216_0.jpg,2020_0321_094429_005 0216_0.jpg,A-6d,train_original,.jpg,2064,True,51,52,3,RGB,80.26090240478516,68.8750991821289,40.828487396240234,0.02526395173453997,0.0,8a5ff3e4a941645e71735e7aee139c7e176f8eaa96d8662144ae51f7b80b5dd6
C:\Users\Dell\Desktop\Kacper Błachowiak - praca magisterska - klasyfikacja znaków drogowych\KB_Praca_Magisterska\data\raw\polish_traffic_signs_dataset\train\D-28\2020_0321_094429_005 0251_1.jpg,2020_0321_094429_005 0251_1.jpg,D-28,train_original,.jpg,1579,True,36,45,3,RGB,51.702362060546875,60.08219909667969,29.12269401550293,0.21419753086419754,0.0,8a9c217ee101bd0781ada017e3547d84c085ec02bbb8d987a7a7e64c93b0bc84
C:\Users\Dell\Desktop\Kacper Błachowiak - praca magisterska - klasyfikacja znaków drogowych\KB_Praca_Magisterska\data\raw\polish_traffic_signs_dataset\train\D-28\2020_0321_094429_005 0251_0.jpg,2020_0321_094429_005 0251_0.jpg,D-28,train_original,.jpg,1579,True,36,45,3,RGB,51.702362060546875,60.08219909667969,29.12269401550293,0.21419753086419754,0.0,8a9c217ee101bd0781ada017e3547d84c085ec02bbb8d987a7a7e64c93b0bc84
C:\Users\Dell\Desktop\Kacper Błachowiak - praca magisterska - klasyfikacja znaków drogowych\KB_Praca_Magisterska\data\raw\polish_traffic_signs_dataset\train\D-18\2020_0321_094429_005 0363_0.jpg,2020_0321_094429_005 0363_0.jpg,D-18,train_original,.jpg,1653,True,37,47,3,RGB,65.20433044433594,48.69099807739258,39.371517181396484,0.017826336975273145,0.0,8df281ad36a960d9fcce0bf0aff247068386459e926839cab829cba4a16ddaf8
C:\Users\Dell\Desktop\Kacper Błachowiak - praca magisterska - klasyfikacja znaków drogowych\KB_Praca_Magisterska\data\raw\polish_traffic_signs_dataset\train\D-18\2020_0321_094429_005 0363_1.jpg,2020_0321_094429_005 0363_1.jpg,D-18,train_original,.jpg,1653,True,37,47,3,RGB,65.20433044433594,48.69099807739258,39.371517181396484,0.017826336975273145,0.0,8df281ad36a960d9fcce0bf0aff247068386459e926839cab829cba4a16ddaf8
C:\Users\Dell\Desktop\Kacper Błachowiak - praca magisterska - klasyfikacja znaków drogowych\KB_Praca_Magisterska\data\raw\polish_traffic_signs_dataset\train\A-29\2019_0901_165821_014 1015_0.jpg,2019_0901_165821_014 1015_0.jpg,A-29,train_original,.jpg,2167,True,59,51,3,RGB,35.78009796142578,36.140201568603516,22.576597213745117,0.36390827517447655,0.0,8f32bebd3253e8c5cf940ee03b9b169bcc6ec0d5e5455e12d8d69e27f83de364
C:\Users\Dell\Desktop\Kacper Błachowiak - praca magisterska - klasyfikacja znaków drogowych\KB_Praca_Magisterska\data\raw\polish_traffic_signs_dataset\train\A-29\2019_0901_165821_014 1015_1.jpg,2019_0901_165821_014 1015_1.jpg,A-29,train_original,.jpg,2167,True,59,51,3,RGB,35.78009796142578,36.140201568603516,22.576597213745117,0.36390827517447655,0.0,8f32bebd3253e8c5cf940ee03b9b169bcc6ec0d5e5455e12d8d69e27f83de364
C:\Users\Dell\Desktop\Kacper Błachowiak - praca magisterska - klasyfikacja znaków drogowych\KB_Praca_Magisterska\data\raw\polish_traffic_signs_dataset\train\A-6c\2020_0321_094429_005 0381_mirrored_0.jpg,2020_0321_094429_005 0381_mirrored_0.jpg,A-6c,train_original,.jpg,909,True,23,24,3,RGB,47.89714813232422,38.385902404785156,19.839969635009766,0.010869565217391304,0.0,92c39215c32d494865437358aa0720762f48b5598d725c6dc9f40a2dfce476f8
C:\Users\Dell\Desktop\Kacper Błachowiak - praca magisterska - klasyfikacja znaków drogowych\KB_Praca_Magisterska\data\raw\polish_traffic_signs_dataset\train\A-6c\2020_0321_094429_005 0381_mirrored_1.jpg,2020_0321_094429_005 0381_mirrored_1.jpg,A-6c,train_original,.jpg,909,True,23,24,3,RGB,47.89714813232422,38.385902404785156,19.839969635009766,0.010869565217391304,0.0,92c39215c32d494865437358aa0720762f48b5598d725c6dc9f40a2dfce476f8
C:\Users\Dell\Desktop\Kacper Błachowiak - praca magisterska - klasyfikacja znaków drogowych\KB_Praca_Magisterska\data\raw\polish_traffic_signs_dataset\train\B-36\2020_0321_094429_005 0050_0.jpg,2020_0321_094429_005 0050_0.jpg,B-36,train_original,.jpg,12510,True,165,160,3,RGB,130.64950561523438,84.97979736328125,76.43523406982422,0.0002651515151515152,0.04602272727272727,9336a0669ff85d2af8667bfcd2279032f88976e3124c7f84ab950cd91e668829
C:\Users\Dell\Desktop\Kacper Błachowiak - praca magisterska - klasyfikacja znaków drogowych\KB_Praca_Magisterska\data\raw\polish_traffic_signs_dataset\train\B-36\2020_0321_094429_005 0050_1.jpg,2020_0321_094429_005 0050_1.jpg,B-36,train_original,.jpg,12510,True,165,160,3,RGB,130.64950561523438,84.97979736328125,76.43523406982422,0.0002651515151515152,0.04602272727272727,9336a0669ff85d2af8667bfcd2279032f88976e3124c7f84ab950cd91e668829
C:\Users\Dell\Desktop\Kacper Błachowiak - praca magisterska - klasyfikacja znaków drogowych\KB_Praca_Magisterska\data\raw\polish_traffic_signs_dataset\train\D-41\2020_0321_094429_005 0055_1.jpg,2020_0321_094429_005 0055_1.jpg,D-41,train_original,.jpg,2356,True,54,36,3,RGB,145.33924865722656,129.40350341796875,62.0627555847168,0.00102880658436214,0.10082304526748971,96d49d4e1be9ff6e3078b2fe5c7ee478be05d6e9923017ff9350437513025d9b
C:\Users\Dell\Desktop\Kacper Błachowiak - praca magisterska - klasyfikacja znaków drogowych\KB_Praca_Magisterska\data\raw\polish_traffic_signs_dataset\train\D-41\2020_0321_094429_005 0055_0.jpg,2020_0321_094429_005 0055_0.jpg,D-41,train_original,.jpg,2356,True,54,36,3,RGB,145.33924865722656,129.40350341796875,62.0627555847168,0.00102880658436214,0.10082304526748971,96d49d4e1be9ff6e3078b2fe5c7ee478be05d6e9923017ff9350437513025d9b
C:\Users\Dell\Desktop\Kacper Błachowiak - praca magisterska - klasyfikacja znaków drogowych\KB_Praca_Magisterska\data\raw\polish_traffic_signs_dataset\train\D-29\2020_0321_094429_005 0298_1.jpg,2020_0321_094429_005 0298_1.jpg,D-29,train_original,.jpg,2171,True,41,59,3,RGB,72.46043395996094,61.90480041503906,44.87451171875,0.0454733360892931,0.002066969822240595,9acbb46f3b10da9366dcb3d6426c5fe334914652d36f8fabb36bc09f42dafe50
C:\Users\Dell\Desktop\Kacper Błachowiak - praca magisterska - klasyfikacja znaków drogowych\KB_Praca_Magisterska\data\raw\polish_traffic_signs_dataset\train\D-29\2020_0321_094429_005 0298_0.jpg,2020_0321_094429_005 0298_0.jpg,D-29,train_original,.jpg,2171,True,41,59,3,RGB,72.46043395996094,61.90480041503906,44.87451171875,0.0454733360892931,0.002066969822240595,9acbb46f3b10da9366dcb3d6426c5fe334914652d36f8fabb36bc09f42dafe50
C:\Users\Dell\Desktop\Kacper Błachowiak - praca magisterska - klasyfikacja znaków drogowych\KB_Praca_Magisterska\data\raw\polish_traffic_signs_dataset\train\A-18b\2020_0321_094429_005 0692_1.jpg,2020_0321_094429_005 0692_1.jpg,A-18b,train_original,.jpg,1911,True,51,53,3,RGB,54.78725051879883,51.77419662475586,14.771769523620605,0.005179430262671106,0.0,9c0cb7176a0d4fadd31ad9eb890dcf3417763282bb1efb84c9dd4da2c2286eae
C:\Users\Dell\Desktop\Kacper Błachowiak - praca magisterska - klasyfikacja znaków drogowych\KB_Praca_Magisterska\data\raw\polish_traffic_signs_dataset\train\A-18b\2020_0321_094429_005 0692_0.jpg,2020_0321_094429_005 0692_0.jpg,A-18b,train_original,.jpg,1911,True,51,53,3,RGB,54.78725051879883,51.77419662475586,14.771769523620605,0.005179430262671106,0.0,9c0cb7176a0d4fadd31ad9eb890dcf3417763282bb1efb84c9dd4da2c2286eae
C:\Users\Dell\Desktop\Kacper Błachowiak - praca magisterska - klasyfikacja znaków drogowych\KB_Praca_Magisterska\data\raw\polish_traffic_signs_dataset\train\B-36\2020_0321_094429_005 0042_0.jpg,2020_0321_094429_005 0042_0.jpg,B-36,train_original,.jpg,1825,True,40,41,3,RGB,108.06378936767578,96.39759826660156,40.52607727050781,0.0,0.0,a181cde9a8edd47e427b4cf1970cef77d0c892c6d9a1c87a2697daa72179fbb2
C:\Users\Dell\Desktop\Kacper Błachowiak - praca magisterska - klasyfikacja znaków drogowych\KB_Praca_Magisterska\data\raw\polish_traffic_signs_dataset\train\B-36\2020_0321_094429_005 0042_1.jpg,2020_0321_094429_005 0042_1.jpg,B-36,train_original,.jpg,1825,True,40,41,3,RGB,108.06378936767578,96.39759826660156,40.52607727050781,0.0,0.0,a181cde9a8edd47e427b4cf1970cef77d0c892c6d9a1c87a2697daa72179fbb2
C:\Users\Dell\Desktop\Kacper Błachowiak - praca magisterska - klasyfikacja znaków drogowych\KB_Praca_Magisterska\data\raw\polish_traffic_signs_dataset\train\A-30\2019_0901_165821_014 1019_1.jpg,2019_0901_165821_014 1019_1.jpg,A-30,train_original,.jpg,3188,True,87,72,3,RGB,29.55464744567871,18.27680015563965,23.1115665435791,0.5274584929757343,0.0,a1b00e87bc1ac9a78ce42b35848c540000be25786c46656f4464ff5706f69241
C:\Users\Dell\Desktop\Kacper Błachowiak - praca magisterska - klasyfikacja znaków drogowych\KB_Praca_Magisterska\data\raw\polish_traffic_signs_dataset\train\A-30\2019_0901_165821_014 1019_0.jpg,2019_0901_165821_014 1019_0.jpg,A-30,train_original,.jpg,3188,True,87,72,3,RGB,29.55464744567871,18.27680015563965,23.1115665435791,0.5274584929757343,0.0,a1b00e87bc1ac9a78ce42b35848c540000be25786c46656f4464ff5706f69241
C:\Users\Dell\Desktop\Kacper Błachowiak - praca magisterska - klasyfikacja znaków drogowych\KB_Praca_Magisterska\data\raw\polish_traffic_signs_dataset\train\D-43\2020_0321_094429_005 0323_0.jpg,2020_0321_094429_005 0323_0.jpg,D-43,train_original,.jpg,6639,True,130,96,3,RGB,81.46673583984375,97.96269989013672,45.114315032958984,0.0891025641025641,0.0,a1f547d919f24a02aca87dc23b2507f6375315f63be1d3444f30739bc1649c4e
C:\Users\Dell\Desktop\Kacper Błachowiak - praca magisterska - klasyfikacja znaków drogowych\KB_Praca_Magisterska\data\raw\polish_traffic_signs_dataset\train\D-43\2020_0321_094429_005 0323_1.jpg,2020_0321_094429_005 0323_1.jpg,D-43,train_original,.jpg,6639,True,130,96,3,RGB,81.46673583984375,97.96269989013672,45.114315032958984,0.0891025641025641,0.0,a1f547d919f24a02aca87dc23b2507f6375315f63be1d3444f30739bc1649c4e
C:\Users\Dell\Desktop\Kacper Błachowiak - praca magisterska - klasyfikacja znaków drogowych\KB_Praca_Magisterska\data\raw\polish_traffic_signs_dataset\train\D-21\2020_0321_094429_005 0343_1.jpg,2020_0321_094429_005 0343_1.jpg,D-21,train_original,.jpg,3789,True,73,71,3,RGB,89.91463470458984,64.98259735107422,52.80516815185547,0.0023152614316033185,0.0075245996527107855,a265e439b430b0de2d01da76407f745d477d8408820820527f14a8ecb59d4a84
C:\Users\Dell\Desktop\Kacper Błachowiak - praca magisterska - klasyfikacja znaków drogowych\KB_Praca_Magisterska\data\raw\polish_traffic_signs_dataset\train\D-21\2020_0321_094429_005 0343_0.jpg,2020_0321_094429_005 0343_0.jpg,D-21,train_original,.jpg,3789,True,73,71,3,RGB,89.91463470458984,64.98259735107422,52.80516815185547,0.0023152614316033185,0.0075245996527107855,a265e439b430b0de2d01da76407f745d477d8408820820527f14a8ecb59d4a84
C:\Users\Dell\Desktop\Kacper Błachowiak - praca magisterska - klasyfikacja znaków drogowych\KB_Praca_Magisterska\data\raw\polish_traffic_signs_dataset\train\D-15\2020_0321_094429_005 0691_0.jpg,2020_0321_094429_005 0691_0.jpg,D-15,train_original,.jpg,2147,True,43,65,3,RGB,57.51469802856445,39.6338005065918,37.283447265625,0.06833631484794275,0.001073345259391771,a3ff012a87dbf106e2ddb78ad8749904d6b138ccace0fd177190b2cd939982fc
C:\Users\Dell\Desktop\Kacper Błachowiak - praca magisterska - klasyfikacja znaków drogowych\KB_Praca_Magisterska\data\raw\polish_traffic_signs_dataset\train\D-15\2020_0321_094429_005 0691_1.jpg,2020_0321_094429_005 0691_1.jpg,D-15,train_original,.jpg,2147,True,43,65,3,RGB,57.51469802856445,39.6338005065918,37.283447265625,0.06833631484794275,0.001073345259391771,a3ff012a87dbf106e2ddb78ad8749904d6b138ccace0fd177190b2cd939982fc
C:\Users\Dell\Desktop\Kacper Błachowiak - praca magisterska - klasyfikacja znaków drogowych\KB_Praca_Magisterska\data\raw\polish_traffic_signs_dataset\train\B-2\2020_0321_094429_005 0015_0.jpg,2020_0321_094429_005 0015_0.jpg,B-2,train_original,.jpg,1905,True,38,42,3,RGB,132.44537353515625,151.5944061279297,61.95170974731445,0.005639097744360902,0.010025062656641603,a59278b8c2cd4ac075fa503bbe6e12471adbb0362d7ce5219783bd9e46120826
C:\Users\Dell\Desktop\Kacper Błachowiak - praca magisterska - klasyfikacja znaków drogowych\KB_Praca_Magisterska\data\raw\polish_traffic_signs_dataset\train\B-2\2020_0321_094429_005 0015_1.jpg,2020_0321_094429_005 0015_1.jpg,B-2,train_original,.jpg,1905,True,38,42,3,RGB,132.44537353515625,151.5944061279297,61.95170974731445,0.005639097744360902,0.010025062656641603,a59278b8c2cd4ac075fa503bbe6e12471adbb0362d7ce5219783bd9e46120826
C:\Users\Dell\Desktop\Kacper Błachowiak - praca magisterska - klasyfikacja znaków drogowych\KB_Praca_Magisterska\data\raw\polish_traffic_signs_dataset\train\D-tablica\2020_0321_094429_005 0203_0.jpg,2020_0321_094429_005 0203_0.jpg,D-tablica,train_original,.jpg,2847,True,65,74,3,RGB,54.318443298339844,56.575599670410156,20.643640518188477,0.015176715176715178,0.0,a6296801d4cacf34f94c646ecac708f3cba94a09cf5d86a78223419bb45ab25c
C:\Users\Dell\Desktop\Kacper Błachowiak - praca magisterska - klasyfikacja znaków drogowych\KB_Praca_Magisterska\data\raw\polish_traffic_signs_dataset\train\D-tablica\2020_0321_094429_005 0203_1.jpg,2020_0321_094429_005 0203_1.jpg,D-tablica,train_original,.jpg,2847,True,65,74,3,RGB,54.318443298339844,56.575599670410156,20.643640518188477,0.015176715176715178,0.0,a6296801d4cacf34f94c646ecac708f3cba94a09cf5d86a78223419bb45ab25c
C:\Users\Dell\Desktop\Kacper Błachowiak - praca magisterska - klasyfikacja znaków drogowych\KB_Praca_Magisterska\data\raw\polish_traffic_signs_dataset\test\D-tablica\2020_0321_094429_005 0203_0.jpg,2020_0321_094429_005 0203_0.jpg,D-tablica,test_original,.jpg,2847,True,65,74,3,RGB,54.318443298339844,56.575599670410156,20.643640518188477,0.015176715176715178,0.0,a6296801d4cacf34f94c646ecac708f3cba94a09cf5d86a78223419bb45ab25c
C:\Users\Dell\Desktop\Kacper Błachowiak - praca magisterska - klasyfikacja znaków drogowych\KB_Praca_Magisterska\data\raw\polish_traffic_signs_dataset\train\D-9\2020_0321_094429_005 0448_1.jpg,2020_0321_094429_005 0448_1.jpg,D-9,train_original,.jpg,2578,True,49,76,3,RGB,65.22923278808594,51.03379821777344,44.475250244140625,0.07330827067669173,0.0,a7cff2004d3b5cbd4ca6c39630c9bf50bed3e2faad649173636d2aa6033363c4
C:\Users\Dell\Desktop\Kacper Błachowiak - praca magisterska - klasyfikacja znaków drogowych\KB_Praca_Magisterska\data\raw\polish_traffic_signs_dataset\train\D-9\2020_0321_094429_005 0448_0.jpg,2020_0321_094429_005 0448_0.jpg,D-9,train_original,.jpg,2578,True,49,76,3,RGB,65.22923278808594,51.03379821777344,44.475250244140625,0.07330827067669173,0.0,a7cff2004d3b5cbd4ca6c39630c9bf50bed3e2faad649173636d2aa6033363c4
C:\Users\Dell\Desktop\Kacper Błachowiak - praca magisterska - klasyfikacja znaków drogowych\KB_Praca_Magisterska\data\raw\polish_traffic_signs_dataset\train\D-29\2020_0321_094429_005 0329_0.jpg,2020_0321_094429_005 0329_0.jpg,D-29,train_original,.jpg,2799,True,53,61,3,RGB,85.76213073730469,75.99939727783203,45.919612884521484,0.026909990720692854,0.0,a7e0a71c3d0a31f0fe4622c023f49f0d35cfef2270522e8e22079213c59d9ea5
C:\Users\Dell\Desktop\Kacper Błachowiak - praca magisterska - klasyfikacja znaków drogowych\KB_Praca_Magisterska\data\raw\polish_traffic_signs_dataset\train\D-29\2020_0321_094429_005 0329_1.jpg,2020_0321_094429_005 0329_1.jpg,D-29,train_original,.jpg,2799,True,53,61,3,RGB,85.76213073730469,75.99939727783203,45.919612884521484,0.026909990720692854,0.0,a7e0a71c3d0a31f0fe4622c023f49f0d35cfef2270522e8e22079213c59d9ea5
C:\Users\Dell\Desktop\Kacper Błachowiak - praca magisterska - klasyfikacja znaków drogowych\KB_Praca_Magisterska\data\raw\polish_traffic_signs_dataset\train\A-11a\2020_0321_094429_005 0041_0.jpg,2020_0321_094429_005 0041_0.jpg,A-11a,train_original,.jpg,6273,True,112,98,3,RGB,141.5444793701172,160.06820678710938,38.30735778808594,0.0,0.0,a9f161758d1a49830c13910e222f5650f076931c1a624b8ad6a79693e7002413
C:\Users\Dell\Desktop\Kacper Błachowiak - praca magisterska - klasyfikacja znaków drogowych\KB_Praca_Magisterska\data\raw\polish_traffic_signs_dataset\train\A-11a\2020_0321_094429_005 0041_1.jpg,2020_0321_094429_005 0041_1.jpg,A-11a,train_original,.jpg,6273,True,112,98,3,RGB,141.5444793701172,160.06820678710938,38.30735778808594,0.0,0.0,a9f161758d1a49830c13910e222f5650f076931c1a624b8ad6a79693e7002413
C:\Users\Dell\Desktop\Kacper Błachowiak - praca magisterska - klasyfikacja znaków drogowych\KB_Praca_Magisterska\data\raw\polish_traffic_signs_dataset\train\D-3\2020_0321_094429_005 0113_0.jpg,2020_0321_094429_005 0113_0.jpg,D-3,train_original,.jpg,1639,True,49,47,3,RGB,108.17852020263672,87.24980163574219,41.27421951293945,0.0,0.0034737299174989146,acad18eb2cdd5fbf7e162d42124eccb36c016bcf57cd101fa1230ee0dedc2282
C:\Users\Dell\Desktop\Kacper Błachowiak - praca magisterska - klasyfikacja znaków drogowych\KB_Praca_Magisterska\data\raw\polish_traffic_signs_dataset\train\D-3\2020_0321_094429_005 0113_1.jpg,2020_0321_094429_005 0113_1.jpg,D-3,train_original,.jpg,1639,True,49,47,3,RGB,108.17852020263672,87.24980163574219,41.27421951293945,0.0,0.0034737299174989146,acad18eb2cdd5fbf7e162d42124eccb36c016bcf57cd101fa1230ee0dedc2282
C:\Users\Dell\Desktop\Kacper Błachowiak - praca magisterska - klasyfikacja znaków drogowych\KB_Praca_Magisterska\data\raw\polish_traffic_signs_dataset\train\A-6d\2020_0321_094429_005 0451_0.jpg,2020_0321_094429_005 0451_0.jpg,A-6d,train_original,.jpg,2130,True,53,47,3,RGB,138.8443145751953,165.556396484375,69.8432388305664,0.021678040947410677,0.018065034122842234,ad72feaad1bd414fc7ccbb1264af2d985a23e7e50ca4059495759d02d31163d5
C:\Users\Dell\Desktop\Kacper Błachowiak - praca magisterska - klasyfikacja znaków drogowych\KB_Praca_Magisterska\data\raw\polish_traffic_signs_dataset\train\A-6d\2020_0321_094429_005 0451_1.jpg,2020_0321_094429_005 0451_1.jpg,A-6d,train_original,.jpg,2130,True,53,47,3,RGB,138.8443145751953,165.556396484375,69.8432388305664,0.021678040947410677,0.018065034122842234,ad72feaad1bd414fc7ccbb1264af2d985a23e7e50ca4059495759d02d31163d5
C:\Users\Dell\Desktop\Kacper Błachowiak - praca magisterska - klasyfikacja znaków drogowych\KB_Praca_Magisterska\data\raw\polish_traffic_signs_dataset\train\D-3\2020_0321_094429_005 0314_1.jpg,2020_0321_094429_005 0314_1.jpg,D-3,train_original,.jpg,2239,True,41,69,3,RGB,69.90575408935547,59.014400482177734,28.260637283325195,0.005302226935312832,0.0,af8b3c04a398c83144a4e6d1bdc88b8a9e7077eccd442864012f98ba56871563
C:\Users\Dell\Desktop\Kacper Błachowiak - praca magisterska - klasyfikacja znaków drogowych\KB_Praca_Magisterska\data\raw\polish_traffic_signs_dataset\train\D-3\2020_0321_094429_005 0314_0.jpg,2020_0321_094429_005 0314_0.jpg,D-3,train_original,.jpg,2239,True,41,69,3,RGB,69.90575408935547,59.014400482177734,28.260637283325195,0.005302226935312832,0.0,af8b3c04a398c83144a4e6d1bdc88b8a9e7077eccd442864012f98ba56871563
C:\Users\Dell\Desktop\Kacper Błachowiak - praca magisterska - klasyfikacja znaków drogowych\KB_Praca_Magisterska\data\raw\polish_traffic_signs_dataset\train\B-36\2020_0321_094429_005 0271_1.jpg,2020_0321_094429_005 0271_1.jpg,B-36,train_original,.jpg,3156,True,55,71,3,RGB,70.19151306152344,44.552398681640625,52.72267150878906,0.022023047375160053,0.001024327784891165,b06508018058a25f3f6830b5aa72ecb0f3232eb6f5e0bd87700a37c6146529db
C:\Users\Dell\Desktop\Kacper Błachowiak - praca magisterska - klasyfikacja znaków drogowych\KB_Praca_Magisterska\data\raw\polish_traffic_signs_dataset\train\B-36\2020_0321_094429_005 0271_0.jpg,2020_0321_094429_005 0271_0.jpg,B-36,train_original,.jpg,3156,True,55,71,3,RGB,70.19151306152344,44.552398681640625,52.72267150878906,0.022023047375160053,0.001024327784891165,b06508018058a25f3f6830b5aa72ecb0f3232eb6f5e0bd87700a37c6146529db
C:\Users\Dell\Desktop\Kacper Błachowiak - praca magisterska - klasyfikacja znaków drogowych\KB_Praca_Magisterska\data\raw\polish_traffic_signs_dataset\train\B-2\2020_0321_094429_005 0014_0.jpg,2020_0321_094429_005 0014_0.jpg,B-2,train_original,.jpg,1351,True,27,31,3,RGB,154.5310516357422,171.73080444335938,75.80803680419922,0.014336917562724014,0.14695340501792115,b1bba2df96a74563ae544f74b9edd46792f15ee095a05adbef5df900da6f6ef8
C:\Users\Dell\Desktop\Kacper Błachowiak - praca magisterska - klasyfikacja znaków drogowych\KB_Praca_Magisterska\data\raw\polish_traffic_signs_dataset\train\B-2\2020_0321_094429_005 0014_1.jpg,2020_0321_094429_005 0014_1.jpg,B-2,train_original,.jpg,1351,True,27,31,3,RGB,154.5310516357422,171.73080444335938,75.80803680419922,0.014336917562724014,0.14695340501792115,b1bba2df96a74563ae544f74b9edd46792f15ee095a05adbef5df900da6f6ef8
C:\Users\Dell\Desktop\Kacper Błachowiak - praca magisterska - klasyfikacja znaków drogowych\KB_Praca_Magisterska\data\raw\polish_traffic_signs_dataset\train\D-41\2020_0321_094429_005 0056_0.jpg,2020_0321_094429_005 0056_0.jpg,D-41,train_original,.jpg,5073,True,94,70,3,RGB,133.3497314453125,115.572998046875,59.2691650390625,0.001975683890577508,0.08556231003039513,b2521340d5eb6805e9bad792bd3bbb84dabf12ea92e6b45d3131156f3ef77cc8
C:\Users\Dell\Desktop\Kacper Błachowiak - praca magisterska - klasyfikacja znaków drogowych\KB_Praca_Magisterska\data\raw\polish_traffic_signs_dataset\train\D-41\2020_0321_094429_005 0056_1.jpg,2020_0321_094429_005 0056_1.jpg,D-41,train_original,.jpg,5073,True,94,70,3,RGB,133.3497314453125,115.572998046875,59.2691650390625,0.001975683890577508,0.08556231003039513,b2521340d5eb6805e9bad792bd3bbb84dabf12ea92e6b45d3131156f3ef77cc8
C:\Users\Dell\Desktop\Kacper Błachowiak - praca magisterska - klasyfikacja znaków drogowych\KB_Praca_Magisterska\data\raw\polish_traffic_signs_dataset\train\A-6b\2020_0321_094429_005 1868_mirrored_1.jpg,2020_0321_094429_005 1868_mirrored_1.jpg,A-6b,train_original,.jpg,1368,True,30,28,3,RGB,73.30323791503906,73.40170288085938,37.268043518066406,0.08095238095238096,0.0,b2d6c0db2ee2f8b41369eef8661c9a2a9a4e9c57364356f39ee72e0d677f3431
C:\Users\Dell\Desktop\Kacper Błachowiak - praca magisterska - klasyfikacja znaków drogowych\KB_Praca_Magisterska\data\raw\polish_traffic_signs_dataset\train\A-6b\2020_0321_094429_005 1868_mirrored_0.jpg,2020_0321_094429_005 1868_mirrored_0.jpg,A-6b,train_original,.jpg,1368,True,30,28,3,RGB,73.30323791503906,73.40170288085938,37.268043518066406,0.08095238095238096,0.0,b2d6c0db2ee2f8b41369eef8661c9a2a9a4e9c57364356f39ee72e0d677f3431
C:\Users\Dell\Desktop\Kacper Błachowiak - praca magisterska - klasyfikacja znaków drogowych\KB_Praca_Magisterska\data\raw\polish_traffic_signs_dataset\train\D-29\2020_0321_094429_005 0343_0.jpg,2020_0321_094429_005 0343_0.jpg,D-29,train_original,.jpg,1753,True,36,40,3,RGB,86.55400085449219,85.16020202636719,48.346683502197266,0.04583333333333333,0.0,b7a9e16a46f1507542e2d78df8011c685644c5ebdc3a49024c32eacfd40ac227
C:\Users\Dell\Desktop\Kacper Błachowiak - praca magisterska - klasyfikacja znaków drogowych\KB_Praca_Magisterska\data\raw\polish_traffic_signs_dataset\train\D-29\2020_0321_094429_005 0343_1.jpg,2020_0321_094429_005 0343_1.jpg,D-29,train_original,.jpg,1753,True,36,40,3,RGB,86.55400085449219,85.16020202636719,48.346683502197266,0.04583333333333333,0.0,b7a9e16a46f1507542e2d78df8011c685644c5ebdc3a49024c32eacfd40ac227
C:\Users\Dell\Desktop\Kacper Błachowiak - praca magisterska - klasyfikacja znaków drogowych\KB_Praca_Magisterska\data\raw\polish_traffic_signs_dataset\train\B-36\2020_0321_094429_005 0047_1.jpg,2020_0321_094429_005 0047_1.jpg,B-36,train_original,.jpg,1902,True,42,41,3,RGB,115.6615219116211,100.71330261230469,51.56158447265625,0.0,0.0,ba1bc6e5ff9e8d7e321e2222b0c657ba0dc6bedade85a651c0b30af9dd3d3411
C:\Users\Dell\Desktop\Kacper Błachowiak - praca magisterska - klasyfikacja znaków drogowych\KB_Praca_Magisterska\data\raw\polish_traffic_signs_dataset\train\B-36\2020_0321_094429_005 0047_0.jpg,2020_0321_094429_005 0047_0.jpg,B-36,train_original,.jpg,1902,True,42,41,3,RGB,115.6615219116211,100.71330261230469,51.56158447265625,0.0,0.0,ba1bc6e5ff9e8d7e321e2222b0c657ba0dc6bedade85a651c0b30af9dd3d3411
C:\Users\Dell\Desktop\Kacper Błachowiak - praca magisterska - klasyfikacja znaków drogowych\KB_Praca_Magisterska\data\raw\polish_traffic_signs_dataset\train\D-15\2020_0321_094429_005 1864_0.jpg,2020_0321_094429_005 1864_0.jpg,D-15,train_original,.jpg,2794,True,51,73,3,RGB,70.5293960571289,57.068199157714844,39.93477249145508,0.024442653773838304,0.0,ba63d71b7e5cbd62b743696c032263de57ae3c29e6c376c2a0bead8d5bf1cc00
C:\Users\Dell\Desktop\Kacper Błachowiak - praca magisterska - klasyfikacja znaków drogowych\KB_Praca_Magisterska\data\raw\polish_traffic_signs_dataset\train\D-15\2020_0321_094429_005 1864_1.jpg,2020_0321_094429_005 1864_1.jpg,D-15,train_original,.jpg,2794,True,51,73,3,RGB,70.5293960571289,57.068199157714844,39.93477249145508,0.024442653773838304,0.0,ba63d71b7e5cbd62b743696c032263de57ae3c29e6c376c2a0bead8d5bf1cc00
C:\Users\Dell\Desktop\Kacper Błachowiak - praca magisterska - klasyfikacja znaków drogowych\KB_Praca_Magisterska\data\raw\polish_traffic_signs_dataset\train\A-11a\2020_0321_094429_005 0039_1.jpg,2020_0321_094429_005 0039_1.jpg,A-11a,train_original,.jpg,1497,True,33,33,3,RGB,118.85274505615234,124.851806640625,42.323760986328125,0.0,0.0,bcdae66f2b6e42394dbaf02c5bc8c6aa8800ee587736a6aefda066b3dfd2ab33
C:\Users\Dell\Desktop\Kacper Błachowiak - praca magisterska - klasyfikacja znaków drogowych\KB_Praca_Magisterska\data\raw\polish_traffic_signs_dataset\train\A-11a\2020_0321_094429_005 0039_0.jpg,2020_0321_094429_005 0039_0.jpg,A-11a,train_original,.jpg,1497,True,33,33,3,RGB,118.85274505615234,124.851806640625,42.323760986328125,0.0,0.0,bcdae66f2b6e42394dbaf02c5bc8c6aa8800ee587736a6aefda066b3dfd2ab33
C:\Users\Dell\Desktop\Kacper Błachowiak - praca magisterska - klasyfikacja znaków drogowych\KB_Praca_Magisterska\data\raw\polish_traffic_signs_dataset\train\A-6c\2020_0321_094429_005 1899_0.jpg,2020_0321_094429_005 1899_0.jpg,A-6c,train_original,.jpg,9783,True,149,147,3,RGB,154.20005798339844,126.02159118652344,74.0091781616211,0.0005022143085422088,0.13116924622197873,bdbb9c59d9380d2f72652ece4fdb82561856879fdf1dfdef1ab9ad5f82a09881
C:\Users\Dell\Desktop\Kacper Błachowiak - praca magisterska - klasyfikacja znaków drogowych\KB_Praca_Magisterska\data\raw\polish_traffic_signs_dataset\train\A-6c\2020_0321_094429_005 1899_1.jpg,2020_0321_094429_005 1899_1.jpg,A-6c,train_original,.jpg,9783,True,149,147,3,RGB,154.20005798339844,126.02159118652344,74.0091781616211,0.0005022143085422088,0.13116924622197873,bdbb9c59d9380d2f72652ece4fdb82561856879fdf1dfdef1ab9ad5f82a09881
C:\Users\Dell\Desktop\Kacper Błachowiak - praca magisterska - klasyfikacja znaków drogowych\KB_Praca_Magisterska\data\raw\polish_traffic_signs_dataset\train\A-32\2020_0321_094429_005 0270_1.jpg,2020_0321_094429_005 0270_1.jpg,A-32,train_original,.jpg,1227,True,28,30,3,RGB,137.76492309570312,127.7528076171875,56.32380294799805,0.0011904761904761906,0.017857142857142856,bdcd44baf9329371c318507a3ae2f9bfe8f218174e3e66b83f1e16b669bbc8ae
C:\Users\Dell\Desktop\Kacper Błachowiak - praca magisterska - klasyfikacja znaków drogowych\KB_Praca_Magisterska\data\raw\polish_traffic_signs_dataset\train\A-32\2020_0321_094429_005 0270_0.jpg,2020_0321_094429_005 0270_0.jpg,A-32,train_original,.jpg,1227,True,28,30,3,RGB,137.76492309570312,127.7528076171875,56.32380294799805,0.0011904761904761906,0.017857142857142856,bdcd44baf9329371c318507a3ae2f9bfe8f218174e3e66b83f1e16b669bbc8ae
C:\Users\Dell\Desktop\Kacper Błachowiak - praca magisterska - klasyfikacja znaków drogowych\KB_Praca_Magisterska\data\raw\polish_traffic_signs_dataset\train\B-36\2020_0321_094429_005 0215_1.jpg,2020_0321_094429_005 0215_1.jpg,B-36,train_original,.jpg,3120,True,73,84,3,RGB,51.01054382324219,27.472599029541016,40.148441314697266,0.14367253750815395,0.0,c0228811edc91bd68e72793fcb45dcee71cbe223702a0905d7f9a13affa80993
C:\Users\Dell\Desktop\Kacper Błachowiak - praca magisterska - klasyfikacja znaków drogowych\KB_Praca_Magisterska\data\raw\polish_traffic_signs_dataset\train\B-36\2020_0321_094429_005 0215_0.jpg,2020_0321_094429_005 0215_0.jpg,B-36,train_original,.jpg,3120,True,73,84,3,RGB,51.01054382324219,27.472599029541016,40.148441314697266,0.14367253750815395,0.0,c0228811edc91bd68e72793fcb45dcee71cbe223702a0905d7f9a13affa80993
C:\Users\Dell\Desktop\Kacper Błachowiak - praca magisterska - klasyfikacja znaków drogowych\KB_Praca_Magisterska\data\raw\polish_traffic_signs_dataset\train\D-3\2020_0321_094429_005 0313_0.jpg,2020_0321_094429_005 0313_0.jpg,D-3,train_original,.jpg,1148,True,31,30,3,RGB,43.60935974121094,38.3302001953125,27.526235580444336,0.11827956989247312,0.0,c3bd9322bc8687d103f61a6c43d0ec9079c153f37d2f8369286af81246ed2830
C:\Users\Dell\Desktop\Kacper Błachowiak - praca magisterska - klasyfikacja znaków drogowych\KB_Praca_Magisterska\data\raw\polish_traffic_signs_dataset\train\D-3\2020_0321_094429_005 0313_1.jpg,2020_0321_094429_005 0313_1.jpg,D-3,train_original,.jpg,1148,True,31,30,3,RGB,43.60935974121094,38.3302001953125,27.526235580444336,0.11827956989247312,0.0,c3bd9322bc8687d103f61a6c43d0ec9079c153f37d2f8369286af81246ed2830
C:\Users\Dell\Desktop\Kacper Błachowiak - praca magisterska - klasyfikacja znaków drogowych\KB_Praca_Magisterska\data\raw\polish_traffic_signs_dataset\train\D-29\2020_0321_094429_005 0251_0.jpg,2020_0321_094429_005 0251_0.jpg,D-29,train_original,.jpg,1645,True,39,44,3,RGB,53.01546859741211,60.12089920043945,31.222700119018555,0.21328671328671328,0.0,c9625d634a07aac6c1b195e0fed23a0c9252b3e10c4266ebc15b323d22767081
C:\Users\Dell\Desktop\Kacper Błachowiak - praca magisterska - klasyfikacja znaków drogowych\KB_Praca_Magisterska\data\raw\polish_traffic_signs_dataset\train\D-29\2020_0321_094429_005 0251_1.jpg,2020_0321_094429_005 0251_1.jpg,D-29,train_original,.jpg,1645,True,39,44,3,RGB,53.01546859741211,60.12089920043945,31.222700119018555,0.21328671328671328,0.0,c9625d634a07aac6c1b195e0fed23a0c9252b3e10c4266ebc15b323d22767081
C:\Users\Dell\Desktop\Kacper Błachowiak - praca magisterska - klasyfikacja znaków drogowych\KB_Praca_Magisterska\data\raw\polish_traffic_signs_dataset\train\A-6b\2020_0321_094429_005 1869_mirrored_1.jpg,2020_0321_094429_005 1869_mirrored_1.jpg,A-6b,train_original,.jpg,5897,True,86,84,3,RGB,103.95575714111328,96.68989562988281,56.22921371459961,0.039313399778516056,0.016334440753045402,c980e4a26dcafacdb35f6866450474b90c4232ae4ab04a227262a08098ae1ea1
C:\Users\Dell\Desktop\Kacper Błachowiak - praca magisterska - klasyfikacja znaków drogowych\KB_Praca_Magisterska\data\raw\polish_traffic_signs_dataset\train\A-6b\2020_0321_094429_005 1869_mirrored_0.jpg,2020_0321_094429_005 1869_mirrored_0.jpg,A-6b,train_original,.jpg,5897,True,86,84,3,RGB,103.95575714111328,96.68989562988281,56.22921371459961,0.039313399778516056,0.016334440753045402,c980e4a26dcafacdb35f6866450474b90c4232ae4ab04a227262a08098ae1ea1
C:\Users\Dell\Desktop\Kacper Błachowiak - praca magisterska - klasyfikacja znaków drogowych\KB_Praca_Magisterska\data\raw\polish_traffic_signs_dataset\train\B-36\2020_0321_094429_005 0318_1.jpg,2020_0321_094429_005 0318_1.jpg,B-36,train_original,.jpg,1004,True,25,26,3,RGB,49.180702209472656,50.041297912597656,15.142281532287598,0.003076923076923077,0.0,d2125f51a997fcd8a3788eec1e5d1456b07641f687cf7cb8de547f006c15db9c
C:\Users\Dell\Desktop\Kacper Błachowiak - praca magisterska - klasyfikacja znaków drogowych\KB_Praca_Magisterska\data\raw\polish_traffic_signs_dataset\train\B-36\2020_0321_094429_005 0318_0.jpg,2020_0321_094429_005 0318_0.jpg,B-36,train_original,.jpg,1004,True,25,26,3,RGB,49.180702209472656,50.041297912597656,15.142281532287598,0.003076923076923077,0.0,d2125f51a997fcd8a3788eec1e5d1456b07641f687cf7cb8de547f006c15db9c
C:\Users\Dell\Desktop\Kacper Błachowiak - praca magisterska - klasyfikacja znaków drogowych\KB_Praca_Magisterska\data\raw\polish_traffic_signs_dataset\train\A-29\2019_0901_165821_014 1028_0.jpg,2019_0901_165821_014 1028_0.jpg,A-29,train_original,.jpg,2784,True,73,70,3,RGB,27.521177291870117,16.66120147705078,24.819246292114258,0.539334637964775,0.0,d68c97dc0ed8c098c22a54a32f4b1a16e2570c337a0531580da87b1d8913c8aa
C:\Users\Dell\Desktop\Kacper Błachowiak - praca magisterska - klasyfikacja znaków drogowych\KB_Praca_Magisterska\data\raw\polish_traffic_signs_dataset\train\A-29\2019_0901_165821_014 1028_1.jpg,2019_0901_165821_014 1028_1.jpg,A-29,train_original,.jpg,2784,True,73,70,3,RGB,27.521177291870117,16.66120147705078,24.819246292114258,0.539334637964775,0.0,d68c97dc0ed8c098c22a54a32f4b1a16e2570c337a0531580da87b1d8913c8aa
C:\Users\Dell\Desktop\Kacper Błachowiak - praca magisterska - klasyfikacja znaków drogowych\KB_Praca_Magisterska\data\raw\polish_traffic_signs_dataset\train\D-7\2020_0321_094429_005 0426_1.jpg,2020_0321_094429_005 0426_1.jpg,D-7,train_original,.jpg,8681,True,114,153,3,RGB,59.962486267089844,38.52479934692383,35.888832092285156,0.013243894048847609,0.0,d8ebcb19298fb02b393583b46b97ec816bad78b64fd45a2cdb54385b4c1a7525
C:\Users\Dell\Desktop\Kacper Błachowiak - praca magisterska - klasyfikacja znaków drogowych\KB_Praca_Magisterska\data\raw\polish_traffic_signs_dataset\train\D-7\2020_0321_094429_005 0426_0.jpg,2020_0321_094429_005 0426_0.jpg,D-7,train_original,.jpg,8681,True,114,153,3,RGB,59.962486267089844,38.52479934692383,35.888832092285156,0.013243894048847609,0.0,d8ebcb19298fb02b393583b46b97ec816bad78b64fd45a2cdb54385b4c1a7525
C:\Users\Dell\Desktop\Kacper Błachowiak - praca magisterska - klasyfikacja znaków drogowych\KB_Praca_Magisterska\data\raw\polish_traffic_signs_dataset\train\D-41\2020_0321_094429_005 0057_0.jpg,2020_0321_094429_005 0057_0.jpg,D-41,train_original,.jpg,23248,True,255,204,3,RGB,163.9460906982422,177.681396484375,51.59151840209961,0.00042291426374471355,0.045098039215686274,ddeabb9832544348eba21bf3485c498510737c081152ca4d5de4c9d86646672e
C:\Users\Dell\Desktop\Kacper Błachowiak - praca magisterska - klasyfikacja znaków drogowych\KB_Praca_Magisterska\data\raw\polish_traffic_signs_dataset\train\D-41\2020_0321_094429_005 0057_1.jpg,2020_0321_094429_005 0057_1.jpg,D-41,train_original,.jpg,23248,True,255,204,3,RGB,163.9460906982422,177.681396484375,51.59151840209961,0.00042291426374471355,0.045098039215686274,ddeabb9832544348eba21bf3485c498510737c081152ca4d5de4c9d86646672e
C:\Users\Dell\Desktop\Kacper Błachowiak - praca magisterska - klasyfikacja znaków drogowych\KB_Praca_Magisterska\data\raw\polish_traffic_signs_dataset\train\A-6e\2020_0321_094429_005 0566_mirrored_0.jpg,2020_0321_094429_005 0566_mirrored_0.jpg,A-6e,train_original,.jpg,1661,True,48,42,3,RGB,101.61138916015625,129.10580444335938,45.39717483520508,0.001984126984126984,0.0,df795d8466259c2b6c2c4d09ca51d58422fe140ac7460e76b13c94c9ce19120f
C:\Users\Dell\Desktop\Kacper Błachowiak - praca magisterska - klasyfikacja znaków drogowych\KB_Praca_Magisterska\data\raw\polish_traffic_signs_dataset\train\A-6e\2020_0321_094429_005 0566_mirrored_1.jpg,2020_0321_094429_005 0566_mirrored_1.jpg,A-6e,train_original,.jpg,1661,True,48,42,3,RGB,101.61138916015625,129.10580444335938,45.39717483520508,0.001984126984126984,0.0,df795d8466259c2b6c2c4d09ca51d58422fe140ac7460e76b13c94c9ce19120f
C:\Users\Dell\Desktop\Kacper Błachowiak - praca magisterska - klasyfikacja znaków drogowych\KB_Praca_Magisterska\data\raw\polish_traffic_signs_dataset\train\A-6e\2020_0321_094429_005 0251_mirrored_1.jpg,2020_0321_094429_005 0251_mirrored_1.jpg,A-6e,train_original,.jpg,1388,True,33,36,3,RGB,65.7123794555664,49.80889892578125,41.16180419921875,0.11784511784511785,0.0,dfca9b56ad95138f95a3ad35bf7cc38fc05e9fec5cfa968cd64c7f8f167a79e7
C:\Users\Dell\Desktop\Kacper Błachowiak - praca magisterska - klasyfikacja znaków drogowych\KB_Praca_Magisterska\data\raw\polish_traffic_signs_dataset\train\A-6e\2020_0321_094429_005 0251_mirrored_0.jpg,2020_0321_094429_005 0251_mirrored_0.jpg,A-6e,train_original,.jpg,1388,True,33,36,3,RGB,65.7123794555664,49.80889892578125,41.16180419921875,0.11784511784511785,0.0,dfca9b56ad95138f95a3ad35bf7cc38fc05e9fec5cfa968cd64c7f8f167a79e7
C:\Users\Dell\Desktop\Kacper Błachowiak - praca magisterska - klasyfikacja znaków drogowych\KB_Praca_Magisterska\data\raw\polish_traffic_signs_dataset\train\A-18b\2020_0321_094429_005 0678_1.jpg,2020_0321_094429_005 0678_1.jpg,A-18b,train_original,.jpg,3805,True,90,85,3,RGB,105.34351348876953,79.23380279541016,57.065982818603516,0.0033986928104575162,0.0058823529411764705,e3cdc1e07827ecbc54efc195e466f44b968f76d063fd01f46de91f9628fe0516
C:\Users\Dell\Desktop\Kacper Błachowiak - praca magisterska - klasyfikacja znaków drogowych\KB_Praca_Magisterska\data\raw\polish_traffic_signs_dataset\train\A-18b\2020_0321_094429_005 0678_0.jpg,2020_0321_094429_005 0678_0.jpg,A-18b,train_original,.jpg,3805,True,90,85,3,RGB,105.34351348876953,79.23380279541016,57.065982818603516,0.0033986928104575162,0.0058823529411764705,e3cdc1e07827ecbc54efc195e466f44b968f76d063fd01f46de91f9628fe0516
C:\Users\Dell\Desktop\Kacper Błachowiak - praca magisterska - klasyfikacja znaków drogowych\KB_Praca_Magisterska\data\raw\polish_traffic_signs_dataset\train\A-6e\2020_0321_094429_005 0216_mirrored_1.jpg,2020_0321_094429_005 0216_mirrored_1.jpg,A-6e,train_original,.jpg,2291,True,51,52,3,RGB,100.65302276611328,89.40599822998047,51.06761932373047,0.016591251885369532,0.017722473604826545,e40ca6233e099d278d12ad029e267c971a582bc7828202592c5d31d0e9856a9e
C:\Users\Dell\Desktop\Kacper Błachowiak - praca magisterska - klasyfikacja znaków drogowych\KB_Praca_Magisterska\data\raw\polish_traffic_signs_dataset\train\A-6e\2020_0321_094429_005 0216_mirrored_0.jpg,2020_0321_094429_005 0216_mirrored_0.jpg,A-6e,train_original,.jpg,2291,True,51,52,3,RGB,100.65302276611328,89.40599822998047,51.06761932373047,0.016591251885369532,0.017722473604826545,e40ca6233e099d278d12ad029e267c971a582bc7828202592c5d31d0e9856a9e
C:\Users\Dell\Desktop\Kacper Błachowiak - praca magisterska - klasyfikacja znaków drogowych\KB_Praca_Magisterska\data\raw\polish_traffic_signs_dataset\train\D-28\2020_0321_094429_005 0295_1.jpg,2020_0321_094429_005 0295_1.jpg,D-28,train_original,.jpg,1137,True,25,29,3,RGB,89.6504135131836,84.86759948730469,42.205074310302734,0.001379310344827586,0.0,e4be13ed173c3ec0b4ec27e1bebacb68cc607a3b2470bc40e3a56182e16a0cb1
C:\Users\Dell\Desktop\Kacper Błachowiak - praca magisterska - klasyfikacja znaków drogowych\KB_Praca_Magisterska\data\raw\polish_traffic_signs_dataset\train\D-28\2020_0321_094429_005 0295_0.jpg,2020_0321_094429_005 0295_0.jpg,D-28,train_original,.jpg,1137,True,25,29,3,RGB,89.6504135131836,84.86759948730469,42.205074310302734,0.001379310344827586,0.0,e4be13ed173c3ec0b4ec27e1bebacb68cc607a3b2470bc40e3a56182e16a0cb1
C:\Users\Dell\Desktop\Kacper Błachowiak - praca magisterska - klasyfikacja znaków drogowych\KB_Praca_Magisterska\data\raw\polish_traffic_signs_dataset\train\A-6c\2020_0321_094429_005 0382_mirrored_1.jpg,2020_0321_094429_005 0382_mirrored_1.jpg,A-6c,train_original,.jpg,1321,True,35,29,3,RGB,62.087989807128906,58.120399475097656,23.705907821655273,0.002955665024630542,0.0,e98ef0ff3fc3c07da85c2aad87d7d0834bcf7582a7ca9010321856a144c3d1a7
C:\Users\Dell\Desktop\Kacper Błachowiak - praca magisterska - klasyfikacja znaków drogowych\KB_Praca_Magisterska\data\raw\polish_traffic_signs_dataset\train\A-6c\2020_0321_094429_005 0382_mirrored_0.jpg,2020_0321_094429_005 0382_mirrored_0.jpg,A-6c,train_original,.jpg,1321,True,35,29,3,RGB,62.087989807128906,58.120399475097656,23.705907821655273,0.002955665024630542,0.0,e98ef0ff3fc3c07da85c2aad87d7d0834bcf7582a7ca9010321856a144c3d1a7
C:\Users\Dell\Desktop\Kacper Błachowiak - praca magisterska - klasyfikacja znaków drogowych\KB_Praca_Magisterska\data\raw\polish_traffic_signs_dataset\train\D-23\2020_0321_094429_005 0218_1.jpg,2020_0321_094429_005 0218_1.jpg,D-23,train_original,.jpg,3339,True,80,88,3,RGB,39.3116340637207,29.078500747680664,28.76806640625,0.21434659090909092,0.0,ea511265b82ae32adeb196d4c494ddfaa58ba851fdaa90166f778268ca3cdcf7
C:\Users\Dell\Desktop\Kacper Błachowiak - praca magisterska - klasyfikacja znaków drogowych\KB_Praca_Magisterska\data\raw\polish_traffic_signs_dataset\train\D-23\2020_0321_094429_005 0218_0.jpg,2020_0321_094429_005 0218_0.jpg,D-23,train_original,.jpg,3339,True,80,88,3,RGB,39.3116340637207,29.078500747680664,28.76806640625,0.21434659090909092,0.0,ea511265b82ae32adeb196d4c494ddfaa58ba851fdaa90166f778268ca3cdcf7
C:\Users\Dell\Desktop\Kacper Błachowiak - praca magisterska - klasyfikacja znaków drogowych\KB_Praca_Magisterska\data\raw\polish_traffic_signs_dataset\train\C-5\2020_0321_094429_005 0454_0.jpg,2020_0321_094429_005 0454_0.jpg,C-5,train_original,.jpg,1148,True,32,34,3,RGB,42.24056625366211,35.731101989746094,22.158611297607422,0.019301470588235295,0.0,eb631d8d352fdfcdd1826c3770d019921d28de2e0cc9fee8322d6584e73ae32f
C:\Users\Dell\Desktop\Kacper Błachowiak - praca magisterska - klasyfikacja znaków drogowych\KB_Praca_Magisterska\data\raw\polish_traffic_signs_dataset\train\C-5\2020_0321_094429_005 0454_1.jpg,2020_0321_094429_005 0454_1.jpg,C-5,train_original,.jpg,1148,True,32,34,3,RGB,42.24056625366211,35.731101989746094,22.158611297607422,0.019301470588235295,0.0,eb631d8d352fdfcdd1826c3770d019921d28de2e0cc9fee8322d6584e73ae32f
C:\Users\Dell\Desktop\Kacper Błachowiak - praca magisterska - klasyfikacja znaków drogowych\KB_Praca_Magisterska\data\raw\polish_traffic_signs_dataset\train\D-43\2020_0321_094429_005 0321_1.jpg,2020_0321_094429_005 0321_1.jpg,D-43,train_original,.jpg,1149,True,35,22,3,RGB,93.1129379272461,77.35020446777344,43.62516403198242,0.02727272727272727,0.0,ec03cb9251cb0e934fa016981dad9adcb994f154a282a58c6302c09ce3946472
C:\Users\Dell\Desktop\Kacper Błachowiak - praca magisterska - klasyfikacja znaków drogowych\KB_Praca_Magisterska\data\raw\polish_traffic_signs_dataset\train\D-43\2020_0321_094429_005 0321_0.jpg,2020_0321_094429_005 0321_0.jpg,D-43,train_original,.jpg,1149,True,35,22,3,RGB,93.1129379272461,77.35020446777344,43.62516403198242,0.02727272727272727,0.0,ec03cb9251cb0e934fa016981dad9adcb994f154a282a58c6302c09ce3946472
C:\Users\Dell\Desktop\Kacper Błachowiak - praca magisterska - klasyfikacja znaków drogowych\KB_Praca_Magisterska\data\raw\polish_traffic_signs_dataset\train\D-3\2020_0321_094429_005 0222_1.jpg,2020_0321_094429_005 0222_1.jpg,D-3,train_original,.jpg,1966,True,49,51,3,RGB,51.34015655517578,37.79979705810547,32.41994857788086,0.024009603841536616,0.0,ed428a1ca37b42e3001aafd872dd0b792304d9ad7d68502f187c553cd8fc7c6b
C:\Users\Dell\Desktop\Kacper Błachowiak - praca magisterska - klasyfikacja znaków drogowych\KB_Praca_Magisterska\data\raw\polish_traffic_signs_dataset\train\D-3\2020_0321_094429_005 0222_0.jpg,2020_0321_094429_005 0222_0.jpg,D-3,train_original,.jpg,1966,True,49,51,3,RGB,51.34015655517578,37.79979705810547,32.41994857788086,0.024009603841536616,0.0,ed428a1ca37b42e3001aafd872dd0b792304d9ad7d68502f187c553cd8fc7c6b
C:\Users\Dell\Desktop\Kacper Błachowiak - praca magisterska - klasyfikacja znaków drogowych\KB_Praca_Magisterska\data\raw\polish_traffic_signs_dataset\train\D-3\2020_0321_094429_005 0200_1.jpg,2020_0321_094429_005 0200_1.jpg,D-3,train_original,.jpg,1570,True,43,41,3,RGB,73.34725189208984,50.219398498535156,43.01502990722656,0.01191151446398185,0.0,f04e1f00e73959e1465497e586c7c39301c90899192af102ca2f7206b1206b33
C:\Users\Dell\Desktop\Kacper Błachowiak - praca magisterska - klasyfikacja znaków drogowych\KB_Praca_Magisterska\data\raw\polish_traffic_signs_dataset\train\D-3\2020_0321_094429_005 0200_0.jpg,2020_0321_094429_005 0200_0.jpg,D-3,train_original,.jpg,1570,True,43,41,3,RGB,73.34725189208984,50.219398498535156,43.01502990722656,0.01191151446398185,0.0,f04e1f00e73959e1465497e586c7c39301c90899192af102ca2f7206b1206b33
C:\Users\Dell\Desktop\Kacper Błachowiak - praca magisterska - klasyfikacja znaków drogowych\KB_Praca_Magisterska\data\raw\polish_traffic_signs_dataset\train\D-26c\2020_0321_094429_005 0363_1.jpg,2020_0321_094429_005 0363_1.jpg,D-26c,train_original,.jpg,1792,True,43,46,3,RGB,82.20205688476562,101.45360565185547,41.116546630859375,0.01870576339737108,0.005055611729019211,f28543f6bd1ada1b044cfb9617b1c93141242e9c17d5f949ed47a8f71a0afd91
C:\Users\Dell\Desktop\Kacper Błachowiak - praca magisterska - klasyfikacja znaków drogowych\KB_Praca_Magisterska\data\raw\polish_traffic_signs_dataset\train\D-26c\2020_0321_094429_005 0363_0.jpg,2020_0321_094429_005 0363_0.jpg,D-26c,train_original,.jpg,1792,True,43,46,3,RGB,82.20205688476562,101.45360565185547,41.116546630859375,0.01870576339737108,0.005055611729019211,f28543f6bd1ada1b044cfb9617b1c93141242e9c17d5f949ed47a8f71a0afd91
C:\Users\Dell\Desktop\Kacper Błachowiak - praca magisterska - klasyfikacja znaków drogowych\KB_Praca_Magisterska\data\raw\polish_traffic_signs_dataset\train\D-29\2020_0321_094429_005 0306_1.jpg,2020_0321_094429_005 0306_1.jpg,D-29,train_original,.jpg,2842,True,51,74,3,RGB,72.94354248046875,73.33319091796875,40.321659088134766,0.03868574456809751,0.0,f47bb439eba6becdf27a3da3a4b9c7c7d95b1fd28e1131cc437e554bcfd63194
C:\Users\Dell\Desktop\Kacper Błachowiak - praca magisterska - klasyfikacja znaków drogowych\KB_Praca_Magisterska\data\raw\polish_traffic_signs_dataset\train\D-29\2020_0321_094429_005 0306_0.jpg,2020_0321_094429_005 0306_0.jpg,D-29,train_original,.jpg,2842,True,51,74,3,RGB,72.94354248046875,73.33319091796875,40.321659088134766,0.03868574456809751,0.0,f47bb439eba6becdf27a3da3a4b9c7c7d95b1fd28e1131cc437e554bcfd63194
C:\Users\Dell\Desktop\Kacper Błachowiak - praca magisterska - klasyfikacja znaków drogowych\KB_Praca_Magisterska\data\raw\polish_traffic_signs_dataset\train\A-21\2020_0321_094429_005 0105_1.jpg,2020_0321_094429_005 0105_1.jpg,A-21,train_original,.jpg,2749,True,80,75,3,RGB,107.20812225341797,101.30440521240234,20.529706954956055,0.0,0.0,f829b6295f0042f1b3f938f033f49d39f23e86931824669d2b997d742ffa84f2
C:\Users\Dell\Desktop\Kacper Błachowiak - praca magisterska - klasyfikacja znaków drogowych\KB_Praca_Magisterska\data\raw\polish_traffic_signs_dataset\train\A-21\2020_0321_094429_005 0105_0.jpg,2020_0321_094429_005 0105_0.jpg,A-21,train_original,.jpg,2749,True,80,75,3,RGB,107.20812225341797,101.30440521240234,20.529706954956055,0.0,0.0,f829b6295f0042f1b3f938f033f49d39f23e86931824669d2b997d742ffa84f2
C:\Users\Dell\Desktop\Kacper Błachowiak - praca magisterska - klasyfikacja znaków drogowych\KB_Praca_Magisterska\data\raw\polish_traffic_signs_dataset\train\B-36\2020_0321_094429_005 0270_1.jpg,2020_0321_094429_005 0270_1.jpg,B-36,train_original,.jpg,1363,True,28,31,3,RGB,113.5985107421875,72.74229431152344,77.8611068725586,0.02304147465437788,0.12788018433179724,fb954a46b309caf8e0910dfc10e9e54cb7a2ef7dd54815775166d9f05fb47ae8
C:\Users\Dell\Desktop\Kacper Błachowiak - praca magisterska - klasyfikacja znaków drogowych\KB_Praca_Magisterska\data\raw\polish_traffic_signs_dataset\train\B-36\2020_0321_094429_005 0270_0.jpg,2020_0321_094429_005 0270_0.jpg,B-36,train_original,.jpg,1363,True,28,31,3,RGB,113.5985107421875,72.74229431152344,77.8611068725586,0.02304147465437788,0.12788018433179724,fb954a46b309caf8e0910dfc10e9e54cb7a2ef7dd54815775166d9f05fb47ae8
