path,filename,class_code,source_split,extension,file_size_bytes,read_ok,width,height,channels,mode,mean_brightness,median_brightness,std_brightness,dark_pixel_ratio,bright_pixel_ratio,sha256,split,true_class,predicted_bright3,dataset_index,original_brightness
C:\Users\Dell\Desktop\Kacper Błachowiak - praca magisterska - klasyfikacja znaków drogowych\KB_Praca_Magisterska\data\raw\polish_traffic_signs_dataset\test\A-1\2019_0719_142601_003 0157_0.jpg,2019_0719_142601_003 0157_0.jpg,A-1,test_original,.jpg,981,True,23,22,3,RGB,62.33036804199219,52.90800094604492,26.2956600189209,0.0217391304347826,0.0,cb69d63de05a89c0470320db7def9968ba39353543a57ab8462274d8541fc089,test_final,A-1,A-3,0,62.33036804199219
C:\Users\Dell\Desktop\Kacper Błachowiak - praca magisterska - klasyfikacja znaków drogowych\KB_Praca_Magisterska\data\raw\polish_traffic_signs_dataset\test\A-1\2019_0719_142601_003 0158_0.jpg,2019_0719_142601_003 0158_0.jpg,A-1,test_original,.jpg,1237,True,28,38,3,RGB,42.037784576416016,35.990501403808594,23.19781494140625,0.231203007518797,0.0,76b44f16295d879fe414db323c2f73cea69cf1407da1f8c72266fe78280d1926,test_final,A-1,A-3,1,42.037784576416016
C:\Users\Dell\Desktop\Kacper Błachowiak - praca magisterska - klasyfikacja znaków drogowych\KB_Praca_Magisterska\data\raw\polish_traffic_signs_dataset\test\A-1\2019_0816_175356_008 267_0.jpg,2019_0816_175356_008 267_0.jpg,A-1,test_original,.jpg,5195,True,119,96,3,RGB,206.15573120117188,223.50279235839844,43.26387023925781,8.753501400560224e-05,0.0027135854341736,8723f753a02c3b4a39e5d98e0d7cb99f29f0f75a0c13a23b394a077cf13bcf93,test_final,A-1,A-2,35,206.15573120117188
C:\Users\Dell\Desktop\Kacper Błachowiak - praca magisterska - klasyfikacja znaków drogowych\KB_Praca_Magisterska\data\raw\polish_traffic_signs_dataset\test\A-1\2019_0901_165821_014 1860_0.jpg,2019_0901_165821_014 1860_0.jpg,A-1,test_original,.jpg,1507,True,45,41,3,RGB,27.25254440307617,26.6338005065918,14.70567226409912,0.3208672086720867,0.0,34c5730764ed96cd9131142c2a4e801d59e2374a93ea2cbe97abea904e3525d5,test_final,A-1,A-29,47,27.25254440307617
C:\Users\Dell\Desktop\Kacper Błachowiak - praca magisterska - klasyfikacja znaków drogowych\KB_Praca_Magisterska\data\raw\polish_traffic_signs_dataset\test\A-11\2019_0809_155001_003 0461_1.jpg,2019_0809_155001_003 0461_1.jpg,A-11,test_original,.jpg,2379,True,68,53,3,RGB,149.0943603515625,196.35598754882807,68.01383209228516,0.0141509433962264,0.0011098779134295,9e86c50bfab6da5459f64ea6b3775669a4772c2e37516d99aa6a451865d0c341,test_final,A-11,A-14,55,149.0943603515625
C:\Users\Dell\Desktop\Kacper Błachowiak - praca magisterska - klasyfikacja znaków drogowych\KB_Praca_Magisterska\data\raw\polish_traffic_signs_dataset\test\A-11\2019_0814_154857_003 1000_0.jpg,2019_0814_154857_003 1000_0.jpg,A-11,test_original,.jpg,6042,True,110,82,3,RGB,127.71604919433594,130.03799438476562,51.71392440795898,0.0208425720620842,0.0,35b4c9d6c11aaee8afb560efb20729acbeef11dba28b4fb9ca89316e885e5e42,test_final,A-11,A-14,58,127.71604919433594
C:\Users\Dell\Desktop\Kacper Błachowiak - praca magisterska - klasyfikacja znaków drogowych\KB_Praca_Magisterska\data\raw\polish_traffic_signs_dataset\test\A-11\2019_0814_154857_003 1026_0.jpg,2019_0814_154857_003 1026_0.jpg,A-11,test_original,.jpg,3424,True,65,63,3,RGB,156.54037475585938,180.5474090576172,58.86064910888672,0.0329670329670329,0.0034188034188034,57b3e61a58ef1f613860ebf39ca207a3a73bfc8a595a03f5e488c0a96b6a13f0,test_final,A-11,A-1,60,156.54037475585938
C:\Users\Dell\Desktop\Kacper Błachowiak - praca magisterska - klasyfikacja znaków drogowych\KB_Praca_Magisterska\data\raw\polish_traffic_signs_dataset\test\A-11a\2019_0816_175356_008 314_0.jpg,2019_0816_175356_008 314_0.jpg,A-11a,test_original,.jpg,12779,True,155,124,3,RGB,163.5451202392578,194.33599853515625,63.43606948852539,0.010041623309053,0.0230489073881373,4143616d94d6ded2ca41114e514704c9d7ef1bba26b279bba5f2eb24a8f226a5,test_final,A-11a,A-15,66,163.5451202392578
C:\Users\Dell\Desktop\Kacper Błachowiak - praca magisterska - klasyfikacja znaków drogowych\KB_Praca_Magisterska\data\raw\polish_traffic_signs_dataset\test\A-12a\2019_0721_171043_003 0750_0.jpg,2019_0721_171043_003 0750_0.jpg,A-12a,test_original,.jpg,3591,True,71,65,3,RGB,157.91036987304688,187.1719970703125,58.15923309326172,0.0403033586132177,0.0006500541711809,b819d0bd1735ddddab8a1d964990fb319ca300c6e187845ec56e713d63440d87,test_final,A-12a,A-20,75,157.91036987304688
C:\Users\Dell\Desktop\Kacper Błachowiak - praca magisterska - klasyfikacja znaków drogowych\KB_Praca_Magisterska\data\raw\polish_traffic_signs_dataset\test\A-14\2019_0719_142601_003 0225_0.jpg,2019_0719_142601_003 0225_0.jpg,A-14,test_original,.jpg,2026,True,44,39,3,RGB,159.2828826904297,154.39480590820312,67.07244873046875,0.0046620046620046,0.0361305361305361,996a8cc8871c02099853402455ca23c8a3805d69d67278f8b86b41ec449ee282,test_final,A-14,A-24,92,159.2828826904297
C:\Users\Dell\Desktop\Kacper Błachowiak - praca magisterska - klasyfikacja znaków drogowych\KB_Praca_Magisterska\data\raw\polish_traffic_signs_dataset\test\A-16\2019_0809_155001_003 1992_0.jpg,2019_0809_155001_003 1992_0.jpg,A-16,test_original,.jpg,2972,True,63,43,3,RGB,140.05601501464844,141.9405975341797,67.86638641357422,0.0232558139534883,0.0487264673311184,8bbbe27147c3cb1ab6d9b6dd7ae59d59e1cf7c6aa09fa87bc2ec24bfb64ef0f0,test_final,A-16,A-17,136,140.05601501464844
C:\Users\Dell\Desktop\Kacper Błachowiak - praca magisterska - klasyfikacja znaków drogowych\KB_Praca_Magisterska\data\raw\polish_traffic_signs_dataset\test\A-17\2019_0719_150032_004 0293_0.jpg,2019_0719_150032_004 0293_0.jpg,A-17,test_original,.jpg,6366,True,123,106,3,RGB,178.95974731445312,159.3782958984375,72.89707946777344,0.0026844608068722,0.3372449762233471,1bc01e7e3e18b3c40267b84f63c1872c417d2044e4fb61bcfd3d7568e7912f58,test_final,A-17,A-24,174,178.95974731445312
C:\Users\Dell\Desktop\Kacper Błachowiak - praca magisterska - klasyfikacja znaków drogowych\KB_Praca_Magisterska\data\raw\polish_traffic_signs_dataset\test\A-17\2019_0721_171043_003 0495_0.jpg,2019_0721_171043_003 0495_0.jpg,A-17,test_original,.jpg,4599,True,92,88,3,RGB,125.51570892333984,103.05470275878906,63.49575805664063,0.0585474308300395,0.0,d028c1e559bae55c36056eed76bf9eb3146de78f056952d45778e73f52a5781f,test_final,A-17,A-24,179,125.51570892333984
C:\Users\Dell\Desktop\Kacper Błachowiak - praca magisterska - klasyfikacja znaków drogowych\KB_Praca_Magisterska\data\raw\polish_traffic_signs_dataset\test\A-17\2019_0809_155001_003 1343_0.jpg,2019_0809_155001_003 1343_0.jpg,A-17,test_original,.jpg,4215,True,65,77,3,RGB,178.4860076904297,198.47259521484372,58.0565299987793,0.0079920079920079,0.0089910089910089,ea676fa3ca1b976de7fd6fe7ab7aea958a066c107ef476c72da0b12870ef8c01,test_final,A-17,A-16,186,178.4860076904297
C:\Users\Dell\Desktop\Kacper Błachowiak - praca magisterska - klasyfikacja znaków drogowych\KB_Praca_Magisterska\data\raw\polish_traffic_signs_dataset\test\A-17\2019_0809_162432_004 0345_0.jpg,2019_0809_162432_004 0345_0.jpg,A-17,test_original,.jpg,2843,True,53,55,3,RGB,103.63172912597656,90.4263916015625,43.31734085083008,0.0082332761578044,0.0,d41309243aa9056d3a342798122648896275c52f50a24d0846d82f4248f2c34e,test_final,A-17,B-9,189,103.63172912597656
C:\Users\Dell\Desktop\Kacper Błachowiak - praca magisterska - klasyfikacja znaków drogowych\KB_Praca_Magisterska\data\raw\polish_traffic_signs_dataset\test\A-17\2019_0809_162432_004 0346_0.jpg,2019_0809_162432_004 0346_0.jpg,A-17,test_original,.jpg,21175,True,192,222,3,RGB,76.82864379882812,65.48249816894531,47.42227935791016,0.0272616366366366,0.0184168543543543,f0f4dbf01e98bde042f77208cfd12d7226ac3f654b42890e494b6055e528511b,test_final,A-17,A-24,190,76.82864379882812
C:\Users\Dell\Desktop\Kacper Błachowiak - praca magisterska - klasyfikacja znaków drogowych\KB_Praca_Magisterska\data\raw\polish_traffic_signs_dataset\test\A-17\2019_0811_183255_004 0401_0.jpg,2019_0811_183255_004 0401_0.jpg,A-17,test_original,.jpg,4446,True,77,67,3,RGB,57.680267333984375,55.01900100708008,38.14744186401367,0.156619499903082,0.0,1e8ecb7ba4389c0288c2235d11de98922d0d198631de8add98c467f2f79cc4d9,test_final,A-17,A-24,202,57.680267333984375
C:\Users\Dell\Desktop\Kacper Błachowiak - praca magisterska - klasyfikacja znaków drogowych\KB_Praca_Magisterska\data\raw\polish_traffic_signs_dataset\test\A-17\2019_0814_162326_004 1625_0.jpg,2019_0814_162326_004 1625_0.jpg,A-17,test_original,.jpg,8441,True,111,133,3,RGB,170.5064697265625,177.7154083251953,67.87657165527344,0.0037932669511616,0.0243175506333401,9192d92158e68025ee4c16f47044deeb3fc7949be597b77bf40c53b139a16159,test_final,A-17,A-29,211,170.5064697265625
C:\Users\Dell\Desktop\Kacper Błachowiak - praca magisterska - klasyfikacja znaków drogowych\KB_Praca_Magisterska\data\raw\polish_traffic_signs_dataset\test\A-18b\2019_0719_142601_003 1359_0.jpg,2019_0719_142601_003 1359_0.jpg,A-18b,test_original,.jpg,1850,True,48,39,3,RGB,183.12229919433597,206.0821990966797,53.864524841308594,0.0101495726495726,0.0138888888888888,28cba914b1f86ac03479790f2c47016e963708012f594deaa273391012c3e739,test_final,A-18b,A-2,231,183.12229919433597
C:\Users\Dell\Desktop\Kacper Błachowiak - praca magisterska - klasyfikacja znaków drogowych\KB_Praca_Magisterska\data\raw\polish_traffic_signs_dataset\test\A-18b\2019_0721_181936_005 108_0.jpg,2019_0721_181936_005 108_0.jpg,A-18b,test_original,.jpg,1640,True,46,37,3,RGB,108.3505630493164,83.2426986694336,65.77388763427734,0.0123384253819036,0.0029377203290246,b74ff0f956ea51a011059563caf98cc9f953de47f2348131715648e622f25999,test_final,A-18b,A-32,244,108.3505630493164
C:\Users\Dell\Desktop\Kacper Błachowiak - praca magisterska - klasyfikacja znaków drogowych\KB_Praca_Magisterska\data\raw\polish_traffic_signs_dataset\test\A-18b\2019_0809_155001_003 0655_1.jpg,2019_0809_155001_003 0655_1.jpg,A-18b,test_original,.jpg,3138,True,61,61,3,RGB,195.98179626464844,208.2313995361328,53.17350387573242,0.0048374092985756,0.026874496103198,d8568ded34c3d2ef99f24e39386fa52175b9579de266ca3cc3f7358a8c5a455e,test_final,A-18b,A-2,253,195.98179626464844
C:\Users\Dell\Desktop\Kacper Błachowiak - praca magisterska - klasyfikacja znaków drogowych\KB_Praca_Magisterska\data\raw\polish_traffic_signs_dataset\test\A-18b\2019_0809_155001_003 1570_0.jpg,2019_0809_155001_003 1570_0.jpg,A-18b,test_original,.jpg,2706,True,67,51,3,RGB,196.0775146484375,212.54319763183597,41.36117935180664,0.0108282118817676,0.0005853087503658,1483d52cfd9821dd7ff982a1660a776f612d047ffa8086d55accfb2a01b03ddb,test_final,A-18b,A-2,266,196.0775146484375
C:\Users\Dell\Desktop\Kacper Błachowiak - praca magisterska - klasyfikacja znaków drogowych\KB_Praca_Magisterska\data\raw\polish_traffic_signs_dataset\test\A-18b\2019_0809_155001_003 2065_0.jpg,2019_0809_155001_003 2065_0.jpg,A-18b,test_original,.jpg,4752,True,80,67,3,RGB,109.23248291015624,88.75360107421875,70.77969360351562,0.044776119402985,0.0,79cec06f1e3329cba0f0c7c12a3cec77a96adde60b1747dd8f53b8607565844e,test_final,A-18b,A-29,268,109.23248291015624
C:\Users\Dell\Desktop\Kacper Błachowiak - praca magisterska - klasyfikacja znaków drogowych\KB_Praca_Magisterska\data\raw\polish_traffic_signs_dataset\test\A-18b\2019_0809_162432_004 0790_0.jpg,2019_0809_162432_004 0790_0.jpg,A-18b,test_original,.jpg,7713,True,159,136,3,RGB,141.85345458984375,90.07939910888672,78.75225830078125,0.0199315575286718,0.0012948575656677,84cc9b87e6bc9ee22594f07c5c8b99022bd06ec34d6d62e25319917239fb5ddd,test_final,A-18b,A-8,274,141.85345458984375
C:\Users\Dell\Desktop\Kacper Błachowiak - praca magisterska - klasyfikacja znaków drogowych\KB_Praca_Magisterska\data\raw\polish_traffic_signs_dataset\test\A-18b\2019_0809_162432_004 1298_0.jpg,2019_0809_162432_004 1298_0.jpg,A-18b,test_original,.jpg,1577,True,36,32,3,RGB,160.10394287109375,170.66879272460938,51.40224075317383,0.0069444444444444,0.0008680555555555,3b5e6168d3d95899cc18e19a3838c6766a9df574b139dbf512816135051e2c26,test_final,A-18b,A-2,276,160.10394287109375
C:\Users\Dell\Desktop\Kacper Błachowiak - praca magisterska - klasyfikacja znaków drogowych\KB_Praca_Magisterska\data\raw\polish_traffic_signs_dataset\test\A-18b\2019_0809_162432_004 1299_0.jpg,2019_0809_162432_004 1299_0.jpg,A-18b,test_original,.jpg,2845,True,61,55,3,RGB,177.9408416748047,201.0039978027344,55.4934196472168,0.0035767511177347,0.0050670640834575,08426de05b5d68e2ecc43d7a8cef81284edfd7cb8f0be532c8f7c453a8737b9c,test_final,A-18b,A-2,277,177.9408416748047
C:\Users\Dell\Desktop\Kacper Błachowiak - praca magisterska - klasyfikacja znaków drogowych\KB_Praca_Magisterska\data\raw\polish_traffic_signs_dataset\test\A-18b\2019_0814_162326_004 0409_0.jpg,2019_0814_162326_004 0409_0.jpg,A-18b,test_original,.jpg,1775,True,41,37,3,RGB,74.32328033447266,54.66179656982422,52.4897575378418,0.1786420566908372,0.0,4035e6ef985a984ce2b2a3254844f3c23e2268a94a9bdf5c5f0c0cc6d4316703,test_final,A-18b,A-2,308,74.32328033447266
C:\Users\Dell\Desktop\Kacper Błachowiak - praca magisterska - klasyfikacja znaków drogowych\KB_Praca_Magisterska\data\raw\polish_traffic_signs_dataset\test\A-18b\2019_0815_090538_005 1108_0.jpg,2019_0815_090538_005 1108_0.jpg,A-18b,test_original,.jpg,2612,True,78,59,3,RGB,57.55651092529297,51.35180282592773,30.435400009155277,0.0112994350282485,0.0036940460669274,4dbe9f8cd143d34afc1c427bfa3a0acb2a95973561299953feec1a9f56f7ee8f,test_final,A-18b,B-9,317,57.55651092529297
C:\Users\Dell\Desktop\Kacper Błachowiak - praca magisterska - klasyfikacja znaków drogowych\KB_Praca_Magisterska\data\raw\polish_traffic_signs_dataset\test\A-2\2019_0721_171043_003 1553_0.jpg,2019_0721_171043_003 1553_0.jpg,A-2,test_original,.jpg,1362,True,29,34,3,RGB,92.02337646484376,99.96499633789062,42.87622833251953,0.0304259634888438,0.0,de76f5d13f357e9e515c97988f60304990dd17bd4b6980a3c6eab970cbd12f5d,test_final,A-2,C-9,331,92.02337646484376
C:\Users\Dell\Desktop\Kacper Błachowiak - praca magisterska - klasyfikacja znaków drogowych\KB_Praca_Magisterska\data\raw\polish_traffic_signs_dataset\test\A-2\2019_0721_171043_003 1787_0.jpg,2019_0721_171043_003 1787_0.jpg,A-2,test_original,.jpg,1727,True,41,39,3,RGB,75.79511260986328,75.35880279541016,48.15421676635742,0.0619136960600375,0.0012507817385866,457657c295cf90207b3cd02d25a4d9c6a87e5ca6eba77de6180825decfd03c1d,test_final,A-2,A-18b,333,75.79511260986328
C:\Users\Dell\Desktop\Kacper Błachowiak - praca magisterska - klasyfikacja znaków drogowych\KB_Praca_Magisterska\data\raw\polish_traffic_signs_dataset\test\A-2\2019_0726_185626_003 195_0.jpg,2019_0726_185626_003 195_0.jpg,A-2,test_original,.jpg,1922,True,37,36,3,RGB,93.76904296875,68.06939697265625,76.34691619873047,0.1989489489489489,0.0,4a7658d469867cf32d610186a73fedb4eecb8cc8b6e0220125f22f55b5c08bd0,test_final,A-2,C-9,335,93.76904296875
C:\Users\Dell\Desktop\Kacper Błachowiak - praca magisterska - klasyfikacja znaków drogowych\KB_Praca_Magisterska\data\raw\polish_traffic_signs_dataset\test\A-2\2019_0726_185626_003 409_0.jpg,2019_0726_185626_003 409_0.jpg,A-2,test_original,.jpg,1967,True,42,37,3,RGB,105.7553482055664,38.78620147705078,96.9462661743164,0.24002574002574,0.0051480051480051,7e6d302fc4c8562a5784fa452ec49283e62e888355c3ecb93ddc75cecaa9a97a,test_final,A-2,B-36,337,105.7553482055664
C:\Users\Dell\Desktop\Kacper Błachowiak - praca magisterska - klasyfikacja znaków drogowych\KB_Praca_Magisterska\data\raw\polish_traffic_signs_dataset\test\A-2\2019_0726_185626_003 542_0.jpg,2019_0726_185626_003 542_0.jpg,A-2,test_original,.jpg,3838,True,70,64,3,RGB,119.32794189453124,107.8144073486328,57.24823760986328,0.0194196428571428,0.0,adfd3417970e8593c5ea68b8863c031745ad680459ade3cea18a63a4aeda06c7,test_final,A-2,A-18b,341,119.32794189453124
C:\Users\Dell\Desktop\Kacper Błachowiak - praca magisterska - klasyfikacja znaków drogowych\KB_Praca_Magisterska\data\raw\polish_traffic_signs_dataset\test\A-2\2019_0815_090538_005 0954_0.jpg,2019_0815_090538_005 0954_0.jpg,A-2,test_original,.jpg,1924,True,56,49,3,RGB,37.55370330810547,37.03959655761719,20.832216262817383,0.1508746355685131,0.0,8767ad056072b0d983b77956fdc86e208482ef81a1c29ee917950e803a2433b2,test_final,A-2,A-18b,351,37.55370330810547
C:\Users\Dell\Desktop\Kacper Błachowiak - praca magisterska - klasyfikacja znaków drogowych\KB_Praca_Magisterska\data\raw\polish_traffic_signs_dataset\test\A-2\2019_0905_182313_001 0085_0.jpg,2019_0905_182313_001 0085_0.jpg,A-2,test_original,.jpg,5496,True,102,90,3,RGB,126.68645477294922,130.96109008789062,65.54789733886719,0.0062091503267973,0.0,3aacff61139543005f4d7eed47b0db702b0a2a6dc2a5b72313c7401ba2b45a8e,test_final,A-2,A-29,371,126.68645477294922
C:\Users\Dell\Desktop\Kacper Błachowiak - praca magisterska - klasyfikacja znaków drogowych\KB_Praca_Magisterska\data\raw\polish_traffic_signs_dataset\test\A-20\2019_0809_155001_003 1160_1.jpg,2019_0809_155001_003 1160_1.jpg,A-20,test_original,.jpg,2745,True,48,49,3,RGB,154.8316192626953,180.64170837402344,72.115478515625,0.0259353741496598,0.0204081632653061,81f78cbf12a59fb13295aa6bb599bf206513ce1f88bb6c52a24e5bcdd4f4f63e,test_final,A-20,A-17,384,154.8316192626953
C:\Users\Dell\Desktop\Kacper Błachowiak - praca magisterska - klasyfikacja znaków drogowych\KB_Praca_Magisterska\data\raw\polish_traffic_signs_dataset\test\A-24\2019_0920_161014_042 0175_0.jpg,2019_0920_161014_042 0175_0.jpg,A-24,test_original,.jpg,3145,True,63,47,3,RGB,165.88392639160156,174.59779357910156,61.20155334472656,0.0118203309692671,0.0118203309692671,82e08e3928e613defd9264c0b202c92630f868efa1fbb689d7f01c0a37334e46,test_final,A-24,A-17,396,165.88392639160156
C:\Users\Dell\Desktop\Kacper Błachowiak - praca magisterska - klasyfikacja znaków drogowych\KB_Praca_Magisterska\data\raw\polish_traffic_signs_dataset\test\A-29\2019_0719_150032_004 0294_0.jpg,2019_0719_150032_004 0294_0.jpg,A-29,test_original,.jpg,1586,True,33,43,3,RGB,74.220458984375,67.8135986328125,37.6030502319336,0.0070472163495419,0.0,b2db011fdf3db5b551f4e09ef440e123b6587824cd9e08b8a2915d5efc0be465,test_final,A-29,A-2,408,74.220458984375
C:\Users\Dell\Desktop\Kacper Błachowiak - praca magisterska - klasyfikacja znaków drogowych\KB_Praca_Magisterska\data\raw\polish_traffic_signs_dataset\test\A-29\2019_0719_150032_004 0631_0.jpg,2019_0719_150032_004 0631_0.jpg,A-29,test_original,.jpg,1886,True,34,39,3,RGB,111.52434539794922,113.29800415039062,58.722930908203125,0.0203619909502262,0.0339366515837104,d05f7d07408fa0c1c354c440fc34e41e740592366617779ae54be9138b9fb7c4,test_final,A-29,A-32,415,111.52434539794922
C:\Users\Dell\Desktop\Kacper Błachowiak - praca magisterska - klasyfikacja znaków drogowych\KB_Praca_Magisterska\data\raw\polish_traffic_signs_dataset\test\A-29\2019_0719_150032_004 0775_0.jpg,2019_0719_150032_004 0775_0.jpg,A-29,test_original,.jpg,1368,True,32,27,3,RGB,148.4698486328125,132.194091796875,61.17543029785156,0.0,0.105324074074074,0781f915237f777c5c8b3837ec4ad55ee85e32e4e4f10c35276be282abf15e80,test_final,A-29,A-2,418,148.4698486328125
C:\Users\Dell\Desktop\Kacper Błachowiak - praca magisterska - klasyfikacja znaków drogowych\KB_Praca_Magisterska\data\raw\polish_traffic_signs_dataset\test\A-29\2019_0809_155001_003 1703_0.jpg,2019_0809_155001_003 1703_0.jpg,A-29,test_original,.jpg,7581,True,137,143,3,RGB,192.8625640869141,202.19461059570312,43.62654113769531,0.0011740084732785,0.0009698330866214,040392529999e1371d2a2cfb391d4c8fe229d5568939bafcfcf34ee81b827e67,test_final,A-29,A-2,429,192.8625640869141
C:\Users\Dell\Desktop\Kacper Błachowiak - praca magisterska - klasyfikacja znaków drogowych\KB_Praca_Magisterska\data\raw\polish_traffic_signs_dataset\test\A-29\2019_0809_155001_003 1707_0.jpg,2019_0809_155001_003 1707_0.jpg,A-29,test_original,.jpg,2347,True,45,45,3,RGB,97.37384033203124,86.32240295410156,58.79275894165039,0.0503703703703703,0.0,8b610a077289b50b97739f0cb451e3343be15620bc063b49c7b0b21b4fafed07,test_final,A-29,A-18b,430,97.37384033203124
C:\Users\Dell\Desktop\Kacper Błachowiak - praca magisterska - klasyfikacja znaków drogowych\KB_Praca_Magisterska\data\raw\polish_traffic_signs_dataset\test\A-3\2019_0721_171043_003 0866_0.jpg,2019_0721_171043_003 0866_0.jpg,A-3,test_original,.jpg,2171,True,51,42,3,RGB,82.07780456542969,53.31060028076172,51.90413284301758,0.0480859010270775,0.0,d0f24af6455d5aed471d6902db25c2198e76c1e813dd48b26ff9e112efaa7664,test_final,A-3,A-12a,465,82.07780456542969
C:\Users\Dell\Desktop\Kacper Błachowiak - praca magisterska - klasyfikacja znaków drogowych\KB_Praca_Magisterska\data\raw\polish_traffic_signs_dataset\test\A-3\2019_0726_185626_003 959_0.jpg,2019_0726_185626_003 959_0.jpg,A-3,test_original,.jpg,6591,True,127,108,3,RGB,191.68194580078125,216.847900390625,54.678688049316406,0.0045931758530183,0.0006561679790026,5daccd5c43189aea43f20e510b73f68a5b03021cd0ae2c4034a8afb6a0672dfb,test_final,A-3,A-6b,471,191.68194580078125
C:\Users\Dell\Desktop\Kacper Błachowiak - praca magisterska - klasyfikacja znaków drogowych\KB_Praca_Magisterska\data\raw\polish_traffic_signs_dataset\test\A-3\2019_0816_172034_007 0077_0.jpg,2019_0816_172034_007 0077_0.jpg,A-3,test_original,.jpg,3953,True,92,81,3,RGB,131.03236389160156,125.40799713134766,66.0528564453125,0.0,0.0,a9199cbc8fbf91533cf61d4b052f818fcd5069ed5f91b2cdc6ba67d1f113a09b,test_final,A-3,A-1,485,131.03236389160156
C:\Users\Dell\Desktop\Kacper Błachowiak - praca magisterska - klasyfikacja znaków drogowych\KB_Praca_Magisterska\data\raw\polish_traffic_signs_dataset\test\A-3\2019_0818_131042_009 1265_0.jpg,2019_0818_131042_009 1265_0.jpg,A-3,test_original,.jpg,7574,True,139,119,3,RGB,43.500247955322266,32.02079772949219,32.70258331298828,0.2933317211776797,0.0013300284142433,e4824ee97b9df6f6c8bdf3acf75391df700ae3a93e38b7c29538bda9342be0bd,test_final,A-3,A-6a,490,43.500247955322266
C:\Users\Dell\Desktop\Kacper Błachowiak - praca magisterska - klasyfikacja znaków drogowych\KB_Praca_Magisterska\data\raw\polish_traffic_signs_dataset\test\A-30\2019_0714_142630_003 127_0.jpg,2019_0714_142630_003 127_0.jpg,A-30,test_original,.jpg,1212,True,30,29,3,RGB,78.5209732055664,85.78209686279297,28.620580673217773,0.0126436781609195,0.0,371036ba53f5282b2f0c10d7d7a39f25de86900bb2aef1337847237ad01ba583,test_final,A-30,A-2,498,78.5209732055664
C:\Users\Dell\Desktop\Kacper Błachowiak - praca magisterska - klasyfikacja znaków drogowych\KB_Praca_Magisterska\data\raw\polish_traffic_signs_dataset\test\A-30\2019_0719_142601_003 0222_0.jpg,2019_0719_142601_003 0222_0.jpg,A-30,test_original,.jpg,872,True,17,15,3,RGB,110.9136962890625,100.54999542236328,45.071556091308594,0.0039215686274509,0.0,ad44626c0c4d3ae009b8e28f4cbc9d36b319ca960578df7f6c419cb8d4afdf11,test_final,A-30,A-2,501,110.9136962890625
C:\Users\Dell\Desktop\Kacper Błachowiak - praca magisterska - klasyfikacja znaków drogowych\KB_Praca_Magisterska\data\raw\polish_traffic_signs_dataset\test\A-30\2019_0719_142601_003 0224_0.jpg,2019_0719_142601_003 0224_0.jpg,A-30,test_original,.jpg,2393,True,55,52,3,RGB,160.94912719726562,153.99119567871094,63.27312088012695,0.001048951048951,0.0209790209790209,0a428d6157d1811a7da72364bf80eaf75157947c3ea4072ae4cfd7daa4e7fbce,test_final,A-30,A-2,503,160.94912719726562
C:\Users\Dell\Desktop\Kacper Błachowiak - praca magisterska - klasyfikacja znaków drogowych\KB_Praca_Magisterska\data\raw\polish_traffic_signs_dataset\test\A-30\2019_0719_142601_003 1155_0.jpg,2019_0719_142601_003 1155_0.jpg,A-30,test_original,.jpg,1401,True,30,28,3,RGB,172.75926208496094,169.76319885253906,58.29933166503906,0.0142857142857142,0.0809523809523809,bbe24cc5613b79e5bdaaedfb953e265c9dbc63f8a30659cd019c06c89fb0fedc,test_final,A-30,A-1,507,172.75926208496094
C:\Users\Dell\Desktop\Kacper Błachowiak - praca magisterska - klasyfikacja znaków drogowych\KB_Praca_Magisterska\data\raw\polish_traffic_signs_dataset\test\A-30\2019_0719_142601_003 1224_0.jpg,2019_0719_142601_003 1224_0.jpg,A-30,test_original,.jpg,1737,True,44,33,3,RGB,84.76966857910156,64.44149780273438,50.644779205322266,0.0365013774104683,0.0,ab7c9c3f429e72ccf9899896f9ef00c29334b94245c316cedce6b7cf93e80bc8,test_final,A-30,A-12a,508,84.76966857910156
C:\Users\Dell\Desktop\Kacper Błachowiak - praca magisterska - klasyfikacja znaków drogowych\KB_Praca_Magisterska\data\raw\polish_traffic_signs_dataset\test\A-30\2019_0719_142601_003 1233_0.jpg,2019_0719_142601_003 1233_0.jpg,A-30,test_original,.jpg,1652,True,36,32,3,RGB,111.64089965820312,111.2353973388672,62.60504531860352,0.0486111111111111,0.0043402777777777,2742918fdbf46d4565c818fa7a51f4cc8800b9238eba634d31bca6c8e607c7ef,test_final,A-30,A-29,510,111.64089965820312
C:\Users\Dell\Desktop\Kacper Błachowiak - praca magisterska - klasyfikacja znaków drogowych\KB_Praca_Magisterska\data\raw\polish_traffic_signs_dataset\test\A-30\2019_0719_142601_003 1297_0.jpg,2019_0719_142601_003 1297_0.jpg,A-30,test_original,.jpg,1087,True,23,18,3,RGB,181.12266540527344,197.0404052734375,45.52525329589844,0.0096618357487922,0.0,7fd66770cda591ecfecb21de6a608f1a0449b595cd370eb4090c4f04f0e28ef5,test_final,A-30,A-2,512,181.12266540527344
C:\Users\Dell\Desktop\Kacper Błachowiak - praca magisterska - klasyfikacja znaków drogowych\KB_Praca_Magisterska\data\raw\polish_traffic_signs_dataset\test\A-30\2019_0719_142601_003 1298_0.jpg,2019_0719_142601_003 1298_0.jpg,A-30,test_original,.jpg,1587,True,34,34,3,RGB,188.69284057617188,211.3192138671875,50.86004638671875,0.009515570934256,0.0198961937716262,5f08ce67d9eaa3402af8356ff0effa48019d24be933e6326b9b36dd52203f327,test_final,A-30,A-2,513,188.69284057617188
C:\Users\Dell\Desktop\Kacper Błachowiak - praca magisterska - klasyfikacja znaków drogowych\KB_Praca_Magisterska\data\raw\polish_traffic_signs_dataset\test\A-30\2019_0719_142601_003 1434_0.jpg,2019_0719_142601_003 1434_0.jpg,A-30,test_original,.jpg,1854,True,39,37,3,RGB,113.36001586914062,109.12039947509766,44.74970245361328,0.0124740124740124,0.0,1565de59411cf1c3d62d1f15b27b2e82acbe065a50f86627dcb97e2defe2d502,test_final,A-30,A-29,517,113.36001586914062
C:\Users\Dell\Desktop\Kacper Błachowiak - praca magisterska - klasyfikacja znaków drogowych\KB_Praca_Magisterska\data\raw\polish_traffic_signs_dataset\test\A-30\2019_0719_142601_003 1485_0.jpg,2019_0719_142601_003 1485_0.jpg,A-30,test_original,.jpg,1310,True,31,26,3,RGB,109.33515167236328,92.84269714355467,54.5707893371582,0.0173697270471464,0.0,dd7d1d144755f7cf94e6972f8bd1a83d8134bef80eb787ce4845d0f45a9568b4,test_final,A-30,A-2,518,109.33515167236328
C:\Users\Dell\Desktop\Kacper Błachowiak - praca magisterska - klasyfikacja znaków drogowych\KB_Praca_Magisterska\data\raw\polish_traffic_signs_dataset\test\A-30\2019_0719_142601_003 1662_0.jpg,2019_0719_142601_003 1662_0.jpg,A-30,test_original,.jpg,1425,True,33,30,3,RGB,90.11219787597656,88.06049346923828,43.87622833251953,0.0313131313131313,0.001010101010101,2622376957a281478f2c3bd7455130e303b12fd17574e3a34813320a9836d11c,test_final,A-30,A-12a,521,90.11219787597656
C:\Users\Dell\Desktop\Kacper Błachowiak - praca magisterska - klasyfikacja znaków drogowych\KB_Praca_Magisterska\data\raw\polish_traffic_signs_dataset\test\A-30\2019_0719_142601_003 1781_0.jpg,2019_0719_142601_003 1781_0.jpg,A-30,test_original,.jpg,1923,True,43,38,3,RGB,125.10315704345705,108.06339263916016,57.86547088623047,0.0085679314565483,0.0,dc1890555c89daf6b4b2554b370cd676f615655c533859eed50ae87c54c0f5f5,test_final,A-30,A-18b,523,125.10315704345705
C:\Users\Dell\Desktop\Kacper Błachowiak - praca magisterska - klasyfikacja znaków drogowych\KB_Praca_Magisterska\data\raw\polish_traffic_signs_dataset\test\A-30\2019_0719_142601_003 1818_0.jpg,2019_0719_142601_003 1818_0.jpg,A-30,test_original,.jpg,2223,True,54,43,3,RGB,100.0990219116211,80.75869750976562,59.21109771728516,0.024547803617571,0.0,ab2235e2328b68657efcf64de49a2d8099ef06dde12e8db545193e91d2087ccb,test_final,A-30,A-12a,524,100.0990219116211
C:\Users\Dell\Desktop\Kacper Błachowiak - praca magisterska - klasyfikacja znaków drogowych\KB_Praca_Magisterska\data\raw\polish_traffic_signs_dataset\test\A-30\2019_0719_142601_003 1958_0.jpg,2019_0719_142601_003 1958_0.jpg,A-30,test_original,.jpg,5226,True,96,75,3,RGB,105.73796844482422,92.15299987792967,62.053619384765625,0.02,0.0058333333333333,bb581ec5c7c8cef5f7698ddfc71d567f94473169bde956e8c8a8d6489eafd051,test_final,A-30,A-29,528,105.73796844482422
C:\Users\Dell\Desktop\Kacper Błachowiak - praca magisterska - klasyfikacja znaków drogowych\KB_Praca_Magisterska\data\raw\polish_traffic_signs_dataset\test\A-30\2019_0719_142601_003 2034_0.jpg,2019_0719_142601_003 2034_0.jpg,A-30,test_original,.jpg,1508,True,39,31,3,RGB,92.59481811523438,74.13880157470703,43.81188201904297,0.0157154673283705,0.0,27706ef220263561194738c3679911ffc35e8f2d31b9e8911504134522d5a7b2,test_final,A-30,A-12a,530,92.59481811523438
C:\Users\Dell\Desktop\Kacper Błachowiak - praca magisterska - klasyfikacja znaków drogowych\KB_Praca_Magisterska\data\raw\polish_traffic_signs_dataset\test\A-30\2019_0719_142601_003 2069_0.jpg,2019_0719_142601_003 2069_0.jpg,A-30,test_original,.jpg,1366,True,36,28,3,RGB,134.82662963867188,125.6106948852539,41.960731506347656,0.0,0.0,f3ef4ce3ce1681064c639722bc5a81b339db137b4e599a0fbb0e4827208cf77d,test_final,A-30,A-2,532,134.82662963867188
C:\Users\Dell\Desktop\Kacper Błachowiak - praca magisterska - klasyfikacja znaków drogowych\KB_Praca_Magisterska\data\raw\polish_traffic_signs_dataset\test\A-30\2019_0719_150032_004 0490_0.jpg,2019_0719_150032_004 0490_0.jpg,A-30,test_original,.jpg,2320,True,53,47,3,RGB,146.669189453125,156.5800018310547,68.67500305175781,0.0028101164191087,0.1838619028502609,e0b3d121a575a2a7337826e8041bf5355af927c33f32dd72168cf4a76b901308,test_final,A-30,A-29,537,146.669189453125
C:\Users\Dell\Desktop\Kacper Błachowiak - praca magisterska - klasyfikacja znaków drogowych\KB_Praca_Magisterska\data\raw\polish_traffic_signs_dataset\test\A-30\2019_0719_150032_004 1427_0.jpg,2019_0719_150032_004 1427_0.jpg,A-30,test_original,.jpg,3138,True,75,71,3,RGB,209.2020721435547,204.9167938232422,49.38572311401367,0.0,0.4484507042253521,40cad3d7f36811fc5e62871765e761a4347ecd9219ccd3bd6c41aa8fdc211262,test_final,A-30,A-2,543,209.2020721435547
C:\Users\Dell\Desktop\Kacper Błachowiak - praca magisterska - klasyfikacja znaków drogowych\KB_Praca_Magisterska\data\raw\polish_traffic_signs_dataset\test\A-30\2019_0719_150032_004 1428_0.jpg,2019_0719_150032_004 1428_0.jpg,A-30,test_original,.jpg,6043,True,122,115,3,RGB,209.6602935791016,206.01681518554688,49.93716812133789,0.0,0.4617248752672844,6c2574dff50db646b5676b129437b036822707971e17c37641051532d4a836da,test_final,A-30,A-2,544,209.6602935791016
C:\Users\Dell\Desktop\Kacper Błachowiak - praca magisterska - klasyfikacja znaków drogowych\KB_Praca_Magisterska\data\raw\polish_traffic_signs_dataset\test\A-30\2019_0721_171043_003 0666_0.jpg,2019_0721_171043_003 0666_0.jpg,A-30,test_original,.jpg,1988,True,42,36,3,RGB,175.97366333007812,191.9322052001953,53.75572967529297,0.0072751322751322,0.0205026455026455,e64a2f84f66448c38b225d36577d518787b7dac63671ce5a9b1ea57cc1697691,test_final,A-30,A-2,546,175.97366333007812
C:\Users\Dell\Desktop\Kacper Błachowiak - praca magisterska - klasyfikacja znaków drogowych\KB_Praca_Magisterska\data\raw\polish_traffic_signs_dataset\test\A-30\2019_0721_171043_003 0810_0.jpg,2019_0721_171043_003 0810_0.jpg,A-30,test_original,.jpg,2139,True,53,53,3,RGB,203.1078186035156,209.37120056152344,34.82130432128906,0.0071199715201139,0.0024919900320398,3f785017b132e252dcfd9e08499b7edd48225cd593ce0e19bb0581673ea12d7d,test_final,A-30,A-2,548,203.1078186035156
C:\Users\Dell\Desktop\Kacper Błachowiak - praca magisterska - klasyfikacja znaków drogowych\KB_Praca_Magisterska\data\raw\polish_traffic_signs_dataset\test\A-30\2019_0809_155001_003 0192_1.jpg,2019_0809_155001_003 0192_1.jpg,A-30,test_original,.jpg,1443,True,43,30,3,RGB,204.8498992919922,203.88909912109372,39.106632232666016,0.0,0.2511627906976744,e45b4f4b4c4bc0fedccf150d08438911bfeb64f2532f1c9d5706a65d0a096182,test_final,A-30,A-1,552,204.8498992919922
C:\Users\Dell\Desktop\Kacper Błachowiak - praca magisterska - klasyfikacja znaków drogowych\KB_Praca_Magisterska\data\raw\polish_traffic_signs_dataset\test\A-30\2019_0809_155001_003 0193_0.jpg,2019_0809_155001_003 0193_0.jpg,A-30,test_original,.jpg,2383,True,61,58,3,RGB,202.4692230224609,216.0712890625,37.543094635009766,0.0,0.0310910118711136,36d5fb586f583768810a9844e107a5d7f7a642ee0e8ffbb252b67d3e367eb3f7,test_final,A-30,A-1,553,202.4692230224609
C:\Users\Dell\Desktop\Kacper Błachowiak - praca magisterska - klasyfikacja znaków drogowych\KB_Praca_Magisterska\data\raw\polish_traffic_signs_dataset\test\A-30\2019_0809_155001_003 0193_1.jpg,2019_0809_155001_003 0193_1.jpg,A-30,test_original,.jpg,3779,True,87,68,3,RGB,181.0189666748047,199.15798950195312,53.36157989501953,0.0001690331304935,0.2014874915483434,b9695f9b2cc663a988799882b3778c352d2169999e0c22c114dd75e18e6be769,test_final,A-30,A-3,554,181.0189666748047
C:\Users\Dell\Desktop\Kacper Błachowiak - praca magisterska - klasyfikacja znaków drogowych\KB_Praca_Magisterska\data\raw\polish_traffic_signs_dataset\test\A-30\2019_0809_155001_003 0442_0.jpg,2019_0809_155001_003 0442_0.jpg,A-30,test_original,.jpg,3058,True,78,61,3,RGB,161.5127410888672,144.9040069580078,66.01023864746094,0.0029424127784783,0.0111391340899537,870d4c36d0778e25bd969b2d33b5e4f49e4ed35870583bcd5eb0c58cf73218b0,test_final,A-30,A-12a,556,161.5127410888672
C:\Users\Dell\Desktop\Kacper Błachowiak - praca magisterska - klasyfikacja znaków drogowych\KB_Praca_Magisterska\data\raw\polish_traffic_signs_dataset\test\A-30\2019_0809_155001_003 1289_0.jpg,2019_0809_155001_003 1289_0.jpg,A-30,test_original,.jpg,1647,True,41,33,3,RGB,189.47349548339844,202.8745880126953,45.28779602050781,0.0199556541019955,0.0044345898004434,d224695969853f2d8d28777df6dc773871f04de527afbab376e8ed5317b7ec5b,test_final,A-30,A-2,558,189.47349548339844
C:\Users\Dell\Desktop\Kacper Błachowiak - praca magisterska - klasyfikacja znaków drogowych\KB_Praca_Magisterska\data\raw\polish_traffic_signs_dataset\test\A-30\2019_0809_155001_003 1373_0.jpg,2019_0809_155001_003 1373_0.jpg,A-30,test_original,.jpg,1529,True,41,26,3,RGB,182.3813018798828,190.73519897460935,48.214149475097656,0.0159474671669793,0.0112570356472795,41ead90c11cb413b7e6b37ca7aff1552bcd8b1a96f23682a4acbb230f80df3f7,test_final,A-30,A-2,560,182.3813018798828
C:\Users\Dell\Desktop\Kacper Błachowiak - praca magisterska - klasyfikacja znaków drogowych\KB_Praca_Magisterska\data\raw\polish_traffic_signs_dataset\test\A-30\2019_0809_155001_003 1374_0.jpg,2019_0809_155001_003 1374_0.jpg,A-30,test_original,.jpg,6857,True,133,135,3,RGB,176.7903594970703,184.7557830810547,29.74917984008789,0.0,0.0,3efe0577ddc4eb2370a73988076c9be687517a150f33dfc50a833596f12c9eb3,test_final,A-30,A-2,561,176.7903594970703
C:\Users\Dell\Desktop\Kacper Błachowiak - praca magisterska - klasyfikacja znaków drogowych\KB_Praca_Magisterska\data\raw\polish_traffic_signs_dataset\test\A-30\2019_0809_155001_003 1505_0.jpg,2019_0809_155001_003 1505_0.jpg,A-30,test_original,.jpg,1171,True,29,23,3,RGB,194.93292236328125,206.54339599609372,35.59222412109375,0.0014992503748125,0.0,7c2b0a19a4143373d7cc2df79b2e7e68175180779f053505c962313cc0e43d6c,test_final,A-30,A-2,564,194.93292236328125
C:\Users\Dell\Desktop\Kacper Błachowiak - praca magisterska - klasyfikacja znaków drogowych\KB_Praca_Magisterska\data\raw\polish_traffic_signs_dataset\test\A-30\2019_0809_155001_003 2049_0.jpg,2019_0809_155001_003 2049_0.jpg,A-30,test_original,.jpg,2386,True,51,43,3,RGB,113.86920166015624,106.27320098876952,74.69792175292969,0.0419516643866849,0.0,aa9d783784b9b36df5c008f2bc098320599d3d88603420e5c0ef52da6c8e16e2,test_final,A-30,A-2,574,113.86920166015624
C:\Users\Dell\Desktop\Kacper Błachowiak - praca magisterska - klasyfikacja znaków drogowych\KB_Praca_Magisterska\data\raw\polish_traffic_signs_dataset\test\A-30\2019_0809_162432_004 0152_0.jpg,2019_0809_162432_004 0152_0.jpg,A-30,test_original,.jpg,1803,True,37,37,3,RGB,78.56715393066406,65.13700103759766,55.17534255981445,0.1000730460189919,0.0094959824689554,ce5242a3d79f48f76e1a33d5e93075aed2eec85d2d3aabe51410517db06ca0f5,test_final,A-30,A-29,577,78.56715393066406
C:\Users\Dell\Desktop\Kacper Błachowiak - praca magisterska - klasyfikacja znaków drogowych\KB_Praca_Magisterska\data\raw\polish_traffic_signs_dataset\test\A-30\2019_0811_175830_003 0636_0.jpg,2019_0811_175830_003 0636_0.jpg,A-30,test_original,.jpg,2557,True,73,57,3,RGB,230.6061553955078,234.82159423828125,25.81191062927246,0.0002403268445085,0.2441720740206681,287524e186b03131e4c73cdafc92d61ef37e63a0b93bb929805ed2735a63065b,test_final,A-30,G-3,591,230.6061553955078
C:\Users\Dell\Desktop\Kacper Błachowiak - praca magisterska - klasyfikacja znaków drogowych\KB_Praca_Magisterska\data\raw\polish_traffic_signs_dataset\test\A-30\2019_0811_183255_004 0550_0.jpg,2019_0811_183255_004 0550_0.jpg,A-30,test_original,.jpg,4070,True,87,80,3,RGB,94.58399963378906,91.70179748535156,37.78448486328125,0.0014367816091954,0.0,b0d39ac5826b3f1b6a5c17fc968a95f29f59434c0b99baad22a702e963914f2f,test_final,A-30,A-29,595,94.58399963378906
C:\Users\Dell\Desktop\Kacper Błachowiak - praca magisterska - klasyfikacja znaków drogowych\KB_Praca_Magisterska\data\raw\polish_traffic_signs_dataset\test\A-30\2019_0811_183255_004 0663_0.jpg,2019_0811_183255_004 0663_0.jpg,A-30,test_original,.jpg,2022,True,45,45,3,RGB,100.20012664794922,92.15360260009766,41.45545196533203,0.0039506172839506,0.0,d21000c2617eaf1d1a1e26ead57ebd5033f673d0c828729378b78817a9b86502,test_final,A-30,A-29,596,100.20012664794922
C:\Users\Dell\Desktop\Kacper Błachowiak - praca magisterska - klasyfikacja znaków drogowych\KB_Praca_Magisterska\data\raw\polish_traffic_signs_dataset\test\A-30\2019_0814_154857_003 0259_1.jpg,2019_0814_154857_003 0259_1.jpg,A-30,test_original,.jpg,1809,True,50,37,3,RGB,201.14862060546875,190.21820068359372,53.52845764160156,0.0,0.4367567567567567,f7d29a09905a6e1f2bf0603cf09597587dc0cf65343e341ff3d9b4d70cdfb192,test_final,A-30,A-2,610,201.14862060546875
C:\Users\Dell\Desktop\Kacper Błachowiak - praca magisterska - klasyfikacja znaków drogowych\KB_Praca_Magisterska\data\raw\polish_traffic_signs_dataset\test\A-30\2019_0814_154857_003 0260_1.jpg,2019_0814_154857_003 0260_1.jpg,A-30,test_original,.jpg,2786,True,58,72,3,RGB,175.3561553955078,190.5102996826172,48.29835510253906,0.0,0.0021551724137931,18d9e9ea1ec28110056a2d5031ed16390fde24cc824db6ae5904a280433fc935,test_final,A-30,A-2,612,175.3561553955078
C:\Users\Dell\Desktop\Kacper Błachowiak - praca magisterska - klasyfikacja znaków drogowych\KB_Praca_Magisterska\data\raw\polish_traffic_signs_dataset\test\A-30\2019_0814_154857_003 1001_0.jpg,2019_0814_154857_003 1001_0.jpg,A-30,test_original,.jpg,1492,True,41,31,3,RGB,181.7718963623047,198.18280029296875,40.22205352783203,0.009441384736428,0.0,5892ebbadcf06b98b62728215bdcca8727a797410706fa23d6ce0ae05379b28f,test_final,A-30,A-2,614,181.7718963623047
C:\Users\Dell\Desktop\Kacper Błachowiak - praca magisterska - klasyfikacja znaków drogowych\KB_Praca_Magisterska\data\raw\polish_traffic_signs_dataset\test\A-30\2019_0814_162326_004 0007_0.jpg,2019_0814_162326_004 0007_0.jpg,A-30,test_original,.jpg,2240,True,45,53,3,RGB,183.52764892578125,168.58900451660156,66.62174987792969,0.0088050314465408,0.3647798742138364,d2c69860ca36d0a9e8bd6cbbaede544c84dc379126d35a272bea928742aca0ab,test_final,A-30,A-29,617,183.52764892578125
C:\Users\Dell\Desktop\Kacper Błachowiak - praca magisterska - klasyfikacja znaków drogowych\KB_Praca_Magisterska\data\raw\polish_traffic_signs_dataset\test\A-30\2019_0814_162326_004 0077_0.jpg,2019_0814_162326_004 0077_0.jpg,A-30,test_original,.jpg,2913,True,66,45,3,RGB,136.2705841064453,140.16529846191406,74.13455200195312,0.0114478114478114,0.0,c4eaf44b13da89626e13ee7babb1cb005dd59a4dbea52cac82a1500e5feeef1e,test_final,A-30,A-29,625,136.2705841064453
C:\Users\Dell\Desktop\Kacper Błachowiak - praca magisterska - klasyfikacja znaków drogowych\KB_Praca_Magisterska\data\raw\polish_traffic_signs_dataset\test\A-30\2019_0814_162326_004 0077_1.jpg,2019_0814_162326_004 0077_1.jpg,A-30,test_original,.jpg,2435,True,45,53,3,RGB,192.7197265625,215.5959930419922,46.89329147338867,0.0020964360587002,0.0125786163522012,7ed076fe08f7f41cc51d6e7e024ff30780ab4482eab5f40c2d86fd1c1408b60c,test_final,A-30,A-2,626,192.7197265625
C:\Users\Dell\Desktop\Kacper Błachowiak - praca magisterska - klasyfikacja znaków drogowych\KB_Praca_Magisterska\data\raw\polish_traffic_signs_dataset\test\A-32\2019_0719_142601_003 0119_0.jpg,2019_0719_142601_003 0119_0.jpg,A-32,test_original,.jpg,1144,True,28,24,3,RGB,196.8551483154297,189.2349853515625,49.56254577636719,0.0,0.3526785714285714,a3f26dbd6bb7bc4483c28092c23ca141153736a81cfe3ef43db4de38d292bc0a,test_final,A-32,A-1,628,196.8551483154297
C:\Users\Dell\Desktop\Kacper Błachowiak - praca magisterska - klasyfikacja znaków drogowych\KB_Praca_Magisterska\data\raw\polish_traffic_signs_dataset\test\A-32\2019_0814_162326_004 1129_0.jpg,2019_0814_162326_004 1129_0.jpg,A-32,test_original,.jpg,7490,True,103,90,3,RGB,113.80522918701172,118.41000366210938,73.00553894042969,0.0961165048543689,0.0400215749730312,35ed115c9344a3333199c509f39169018d7e3b2f2742d74c73a39eb4742feeb7,test_final,A-32,A-29,673,113.80522918701172
C:\Users\Dell\Desktop\Kacper Błachowiak - praca magisterska - klasyfikacja znaków drogowych\KB_Praca_Magisterska\data\raw\polish_traffic_signs_dataset\test\A-32\2019_0814_162326_004 1130_0.jpg,2019_0814_162326_004 1130_0.jpg,A-32,test_original,.jpg,7543,True,112,106,3,RGB,155.2404022216797,173.19699096679688,72.60023498535156,0.0483490566037735,0.1438679245283018,c66acee6efbb2c8cb20e6e7541952143be5bcc7164548d80c6c5f870043f2737,test_final,A-32,A-29,674,155.2404022216797
C:\Users\Dell\Desktop\Kacper Błachowiak - praca magisterska - klasyfikacja znaków drogowych\KB_Praca_Magisterska\data\raw\polish_traffic_signs_dataset\test\A-4\2019_0721_171043_003 1027_0.jpg,2019_0721_171043_003 1027_0.jpg,A-4,test_original,.jpg,1331,True,43,33,3,RGB,50.87739562988281,29.358198165893555,34.07059097290039,0.0606060606060606,0.0,dba49eabf5cbb8c42da4965413997b0f3147725edc8bfc4e5fb8d084d16155a0,test_final,A-4,A-6b,684,50.87739562988281
C:\Users\Dell\Desktop\Kacper Błachowiak - praca magisterska - klasyfikacja znaków drogowych\KB_Praca_Magisterska\data\raw\polish_traffic_signs_dataset\test\A-4\2019_0816_172034_007 0438_0.jpg,2019_0816_172034_007 0438_0.jpg,A-4,test_original,.jpg,5542,True,106,95,3,RGB,57.95256805419922,45.49959945678711,51.05702209472656,0.1515392254220456,0.0039721946375372,6275641f097e23725eb69c879b52f101180a2b90c34c0171ee66983a9705b4ed,test_final,A-4,A-3,694,57.95256805419922
C:\Users\Dell\Desktop\Kacper Błachowiak - praca magisterska - klasyfikacja znaków drogowych\KB_Praca_Magisterska\data\raw\polish_traffic_signs_dataset\test\A-4\2019_0816_172034_007 0592_0.jpg,2019_0816_172034_007 0592_0.jpg,A-4,test_original,.jpg,7426,True,143,121,3,RGB,80.30526733398438,62.92380142211914,40.333778381347656,0.0061838987458822,0.0003467606773391,f36c992445b007aab5ef426613d3583eee5ba21ee628db4b1bc462e9c4adbd20,test_final,A-4,A-6b,696,80.30526733398438
C:\Users\Dell\Desktop\Kacper Błachowiak - praca magisterska - klasyfikacja znaków drogowych\KB_Praca_Magisterska\data\raw\polish_traffic_signs_dataset\test\A-4\2019_0929_143436_042 1089_0.jpg,2019_0929_143436_042 1089_0.jpg,A-4,test_original,.jpg,1928,True,45,41,3,RGB,82.27680969238281,65.49739837646484,45.71403884887695,0.043360433604336,0.0,7114606d0a494608072024f1be193e6cb1eb4507cd62c32ee25b8c7e591eb0e8,test_final,A-4,A-2,704,82.27680969238281
C:\Users\Dell\Desktop\Kacper Błachowiak - praca magisterska - klasyfikacja znaków drogowych\KB_Praca_Magisterska\data\raw\polish_traffic_signs_dataset\test\A-4\2019_0929_143436_042 1090_0.jpg,2019_0929_143436_042 1090_0.jpg,A-4,test_original,.jpg,9505,True,133,167,3,RGB,53.62324905395508,40.27799987792969,33.851802825927734,0.1487100985997929,4.502273648192337e-05,5c2f2c93a89e6f267de953a32ec5e0ac8f7b730544931ec4a1c31078bb1d5ef3,test_final,A-4,A-2,705,53.62324905395508
C:\Users\Dell\Desktop\Kacper Błachowiak - praca magisterska - klasyfikacja znaków drogowych\KB_Praca_Magisterska\data\raw\polish_traffic_signs_dataset\test\A-6a\2019_0719_142601_003 1233_0.jpg,2019_0719_142601_003 1233_0.jpg,A-6a,test_original,.jpg,1083,True,22,20,3,RGB,93.78868865966795,80.51190185546875,42.36837005615234,0.0113636363636363,0.0,63396dcd2238339231492c4eaf0e1d92178eea76eb9aec18748e953563c56abd,test_final,A-6a,A-2,720,93.78868865966795
C:\Users\Dell\Desktop\Kacper Błachowiak - praca magisterska - klasyfikacja znaków drogowych\KB_Praca_Magisterska\data\raw\polish_traffic_signs_dataset\test\A-6a\2019_0719_142601_003 1309_0.jpg,2019_0719_142601_003 1309_0.jpg,A-6a,test_original,.jpg,8787,True,109,119,3,RGB,133.8698272705078,149.52359008789062,58.108375549316406,0.0038547529103384,0.005319559016267,7f58dd83d4180d5ec9ae174da3953b05602bc35601dcf517af4872909d783245,test_final,A-6a,A-12a,724,133.8698272705078
C:\Users\Dell\Desktop\Kacper Błachowiak - praca magisterska - klasyfikacja znaków drogowych\KB_Praca_Magisterska\data\raw\polish_traffic_signs_dataset\test\A-6a\2019_0719_150032_004 0518_0.jpg,2019_0719_150032_004 0518_0.jpg,A-6a,test_original,.jpg,2340,True,49,47,3,RGB,90.11744689941406,76.68679809570312,42.906776428222656,0.0165002171081198,0.0,a6b62969a5d3fba4e5f79bf9f232e9358695b9abd164315f84e48f3559ac41a8,test_final,A-6a,A-14,740,90.11744689941406
C:\Users\Dell\Desktop\Kacper Błachowiak - praca magisterska - klasyfikacja znaków drogowych\KB_Praca_Magisterska\data\raw\polish_traffic_signs_dataset\test\A-6a\2019_0809_155001_003 1213_0.jpg,2019_0809_155001_003 1213_0.jpg,A-6a,test_original,.jpg,1354,True,26,26,3,RGB,163.31430053710938,185.56500244140625,64.71076965332031,0.051775147928994,0.0029585798816568,0fafd7f811d0ad41f13f9336038ca68a293143b278cbd2c48c636f9c1f8dc9f8,test_final,A-6a,A-3,743,163.31430053710938
C:\Users\Dell\Desktop\Kacper Błachowiak - praca magisterska - klasyfikacja znaków drogowych\KB_Praca_Magisterska\data\raw\polish_traffic_signs_dataset\test\A-6a\2019_0809_155001_003 1447_0.jpg,2019_0809_155001_003 1447_0.jpg,A-6a,test_original,.jpg,4056,True,59,69,3,RGB,82.71611785888672,62.07619857788086,63.88850402832031,0.1382952591500859,0.0108081552444116,177c2c2b772481f21f4410a1c47a5d8b71116cbaf94848d4a6fc4c9cd058f210,test_final,A-6a,A-14,745,82.71611785888672
C:\Users\Dell\Desktop\Kacper Błachowiak - praca magisterska - klasyfikacja znaków drogowych\KB_Praca_Magisterska\data\raw\polish_traffic_signs_dataset\test\A-6a\2019_0809_155001_003 1515_0.jpg,2019_0809_155001_003 1515_0.jpg,A-6a,test_original,.jpg,3283,True,53,51,3,RGB,111.6476593017578,97.23719787597656,72.02132415771484,0.0865704772475027,0.0085090640029596,eb6a5f549c490e5e519bf0c0dfb284679a501107451cdd58e257adb96d377ab8,test_final,A-6a,A-14,746,111.6476593017578
C:\Users\Dell\Desktop\Kacper Błachowiak - praca magisterska - klasyfikacja znaków drogowych\KB_Praca_Magisterska\data\raw\polish_traffic_signs_dataset\test\A-6a\2019_0809_162432_004 0619_0.jpg,2019_0809_162432_004 0619_0.jpg,A-6a,test_original,.jpg,2942,True,66,62,3,RGB,138.38394165039062,93.05989837646484,92.21632385253906,0.0376344086021505,0.3475073313782991,cf45e723cd36fb8745d33966ec5aec0b363bd861470acae6686b9803c8f2d4c9,test_final,A-6a,A-6b,757,138.38394165039062
C:\Users\Dell\Desktop\Kacper Błachowiak - praca magisterska - klasyfikacja znaków drogowych\KB_Praca_Magisterska\data\raw\polish_traffic_signs_dataset\test\A-6a\2019_0814_162326_004 0415_0.jpg,2019_0814_162326_004 0415_0.jpg,A-6a,test_original,.jpg,1657,True,37,39,3,RGB,165.1150665283203,148.1490020751953,75.3465805053711,0.0194040194040194,0.2723492723492723,936bf30bdbf793181caff562ef8d4e4a0904cd8009493c68cfb7e873b4034cf4,test_final,A-6a,A-2,780,165.1150665283203
C:\Users\Dell\Desktop\Kacper Błachowiak - praca magisterska - klasyfikacja znaków drogowych\KB_Praca_Magisterska\data\raw\polish_traffic_signs_dataset\test\A-6b\2019_0719_142601_003 0660_0.jpg,2019_0719_142601_003 0660_0.jpg,A-6b,test_original,.jpg,3166,True,81,64,3,RGB,74.71238708496094,61.50379943847656,31.022947311401367,0.0028935185185185,0.0,c748ba946cfc3472bd95fce3c5b5d9715e9c754697e99b5c800e4effa92b51a7,test_final,A-6b,A-12a,792,74.71238708496094
C:\Users\Dell\Desktop\Kacper Błachowiak - praca magisterska - klasyfikacja znaków drogowych\KB_Praca_Magisterska\data\raw\polish_traffic_signs_dataset\test\A-6b\2019_0719_142601_003 1438_0.jpg,2019_0719_142601_003 1438_0.jpg,A-6b,test_original,.jpg,7056,True,96,90,3,RGB,100.97283172607422,92.41639709472656,60.10694122314453,0.0399305555555555,0.0113425925925925,cacfeed6d07adfe798be34acfbddde4ef43550674634aa4b954bcc00db573c00,test_final,A-6b,A-12a,798,100.97283172607422
C:\Users\Dell\Desktop\Kacper Błachowiak - praca magisterska - klasyfikacja znaków drogowych\KB_Praca_Magisterska\data\raw\polish_traffic_signs_dataset\test\A-6b\2019_0719_142601_003 1845_0.jpg,2019_0719_142601_003 1845_0.jpg,A-6b,test_original,.jpg,4862,True,84,65,3,RGB,148.64907836914062,156.7947998046875,69.57295989990234,0.019047619047619,0.154029304029304,0f6c61287f11a116f8a600be90d304ca948897f87e9a6952f118e63e34b94d97,test_final,A-6b,A-12a,800,148.64907836914062
C:\Users\Dell\Desktop\Kacper Błachowiak - praca magisterska - klasyfikacja znaków drogowych\KB_Praca_Magisterska\data\raw\polish_traffic_signs_dataset\test\A-6b\2019_0815_090538_005 0845_0.jpg,2019_0815_090538_005 0845_0.jpg,A-6b,test_original,.jpg,6244,True,143,132,3,RGB,61.78458023071289,58.64180374145508,17.27552604675293,0.0002648866285229,0.0,fdd7babe0cbaaf9b1fc6a5fc4c2cce32bb8caed303d92659b9ff9b22de231b4e,test_final,A-6b,A-6a,830,61.78458023071289
C:\Users\Dell\Desktop\Kacper Błachowiak - praca magisterska - klasyfikacja znaków drogowych\KB_Praca_Magisterska\data\raw\polish_traffic_signs_dataset\test\A-6b\2019_0927_161359_043 0332_0.jpg,2019_0927_161359_043 0332_0.jpg,A-6b,test_original,.jpg,1626,True,43,37,3,RGB,98.3725128173828,91.56399536132812,29.54483413696289,0.0,0.0,6d0d3e3593696d7628a6fca98db5870c66a42ad8e40c509cbdfe02d4d47e6f08,test_final,A-6b,A-6d,862,98.3725128173828
C:\Users\Dell\Desktop\Kacper Błachowiak - praca magisterska - klasyfikacja znaków drogowych\KB_Praca_Magisterska\data\raw\polish_traffic_signs_dataset\test\A-6b\2019_0929_143436_042 0918_0.jpg,2019_0929_143436_042 0918_0.jpg,A-6b,test_original,.jpg,2085,True,41,41,3,RGB,99.96407318115234,86.98660278320312,60.20690155029297,0.0493753718024985,0.0023795359904818,31b563909adc595ba7ebc2877c1d8e510c148d840fbcf6e5b793cca77131fa34,test_final,A-6b,A-12a,864,99.96407318115234
C:\Users\Dell\Desktop\Kacper Błachowiak - praca magisterska - klasyfikacja znaków drogowych\KB_Praca_Magisterska\data\raw\polish_traffic_signs_dataset\test\A-6b\2019_0929_143436_042 0919_0.jpg,2019_0929_143436_042 0919_0.jpg,A-6b,test_original,.jpg,8203,True,155,147,3,RGB,146.55966186523438,134.62660217285156,60.62395858764648,0.0031160851437349,0.0,821457f4981bdac161b9f76a719b8b56902298cfd411fbdf65f17dbb4271b0ad,test_final,A-6b,A-6d,865,146.55966186523438
C:\Users\Dell\Desktop\Kacper Błachowiak - praca magisterska - klasyfikacja znaków drogowych\KB_Praca_Magisterska\data\raw\polish_traffic_signs_dataset\test\A-6c\2019_0809_155001_003 1909_0.jpg,2019_0809_155001_003 1909_0.jpg,A-6c,test_original,.jpg,3563,True,66,53,3,RGB,95.53539276123048,94.93099975585938,63.14882659912109,0.0783304745568896,0.0220125786163522,e0b45675f1283795c1ca2f2591c048573275ef968d096188782e6f01549db8bf,test_final,A-6c,A-12a,891,95.53539276123048
C:\Users\Dell\Desktop\Kacper Błachowiak - praca magisterska - klasyfikacja znaków drogowych\KB_Praca_Magisterska\data\raw\polish_traffic_signs_dataset\test\A-6c\2019_0929_143436_042 2016_0.jpg,2019_0929_143436_042 2016_0.jpg,A-6c,test_original,.jpg,2199,True,43,40,3,RGB,92.19448852539062,99.93890380859376,51.490013122558594,0.0866279069767441,0.0011627906976744,b8ffd231f43cb66774fcf6565830d95e38a648bece2864fed6f3f1352522974e,test_final,A-6c,A-12a,951,92.19448852539062
C:\Users\Dell\Desktop\Kacper Błachowiak - praca magisterska - klasyfikacja znaków drogowych\KB_Praca_Magisterska\data\raw\polish_traffic_signs_dataset\test\A-6c\2019_1030_162407_042 1337_0.jpg,2019_1030_162407_042 1337_0.jpg,A-6c,test_original,.jpg,2327,True,55,51,3,RGB,140.0953369140625,174.10780334472656,61.73405456542969,0.0185383244206773,0.0,6c113bd512013aed970c4e3fc80d81cef44ba72b49fc00086c5e4c25f53ceb5d,test_final,A-6c,A-6b,954,140.0953369140625
C:\Users\Dell\Desktop\Kacper Błachowiak - praca magisterska - klasyfikacja znaków drogowych\KB_Praca_Magisterska\data\raw\polish_traffic_signs_dataset\test\A-6c\2019_1030_165838_043 0130_0.jpg,2019_1030_165838_043 0130_0.jpg,A-6c,test_original,.jpg,2300,True,43,43,3,RGB,103.60592651367188,110.05500030517578,44.11536407470703,0.0432666306111411,0.0,5bb6ac3306936ca3a90a2deecbcf4f0368ae989a7b26b6d37ef97570c25e2f6e,test_final,A-6c,A-6a,959,103.60592651367188
C:\Users\Dell\Desktop\Kacper Błachowiak - praca magisterska - klasyfikacja znaków drogowych\KB_Praca_Magisterska\data\raw\polish_traffic_signs_dataset\test\A-6d\2019_0719_142601_003 0952_0.jpg,2019_0719_142601_003 0952_0.jpg,A-6d,test_original,.jpg,3185,True,77,61,3,RGB,172.72476196289062,217.2218017578125,63.84487915039063,0.0131999148392591,0.0023419203747072,a807dbe4006d41fd2b408a6bc310f83f923dbc92150b93bb0734a9efea6eaed8,test_final,A-6d,A-12a,986,172.72476196289062
C:\Users\Dell\Desktop\Kacper Błachowiak - praca magisterska - klasyfikacja znaków drogowych\KB_Praca_Magisterska\data\raw\polish_traffic_signs_dataset\test\A-6d\2019_0809_155001_003 0564_0.jpg,2019_0809_155001_003 0564_0.jpg,A-6d,test_original,.jpg,5673,True,114,118,3,RGB,155.39109802246094,227.65960693359372,88.6581039428711,0.009440975319655,0.0440083258994945,de5e38e5d95fa85b2089b5064a0d6a99f855a49c89c8b7c8375457706eb363b7,test_final,A-6d,A-14,1000,155.39109802246094
C:\Users\Dell\Desktop\Kacper Błachowiak - praca magisterska - klasyfikacja znaków drogowych\KB_Praca_Magisterska\data\raw\polish_traffic_signs_dataset\test\A-6d\2019_0809_155001_003 1054_0.jpg,2019_0809_155001_003 1054_0.jpg,A-6d,test_original,.jpg,1301,True,41,22,3,RGB,215.7093048095703,233.7218017578125,55.86587142944336,0.0110864745011086,0.4634146341463415,34254e2780559efd5bc5333420bcb0612890ddb186366480822cbbdb16aa0094,test_final,A-6d,A-20,1008,215.7093048095703
C:\Users\Dell\Desktop\Kacper Błachowiak - praca magisterska - klasyfikacja znaków drogowych\KB_Praca_Magisterska\data\raw\polish_traffic_signs_dataset\test\A-6d\2019_0809_155001_003 1147_0.jpg,2019_0809_155001_003 1147_0.jpg,A-6d,test_original,.jpg,6625,True,119,116,3,RGB,186.28924560546875,215.2010040283203,58.64472198486328,0.0039843523616343,0.0072442770211532,db7e3beb39fba8c5470fd1f33efb71f406b8f668cdaf0dc067d4d08083242622,test_final,A-6d,A-12a,1011,186.28924560546875
C:\Users\Dell\Desktop\Kacper Błachowiak - praca magisterska - klasyfikacja znaków drogowych\KB_Praca_Magisterska\data\raw\polish_traffic_signs_dataset\test\A-6e\2019_0719_142601_003 0169_mirrored_0.jpg,2019_0719_142601_003 0169_mirrored_0.jpg,A-6e,test_original,.jpg,1064,True,25,25,3,RGB,74.24739837646484,57.778202056884766,37.43290710449219,0.0112,0.0,13b3b0f1418dbe72493284e2e38822e50b35ea1f9babe8d769a105930e9e8de3,test_final,A-6e,B-34,1022,74.24739837646484
C:\Users\Dell\Desktop\Kacper Błachowiak - praca magisterska - klasyfikacja znaków drogowych\KB_Praca_Magisterska\data\raw\polish_traffic_signs_dataset\test\A-6e\2019_0719_142601_003 0228_mirrored_0.jpg,2019_0719_142601_003 0228_mirrored_0.jpg,A-6e,test_original,.jpg,1220,True,27,24,3,RGB,203.71011352539065,234.8013916015625,62.50337219238281,0.0015432098765432,0.412037037037037,8f0cd97f10bf737872502bf9e70407933360278f066908c9fb06e28923f196c5,test_final,A-6e,B-42,1027,203.71011352539065
C:\Users\Dell\Desktop\Kacper Błachowiak - praca magisterska - klasyfikacja znaków drogowych\KB_Praca_Magisterska\data\raw\polish_traffic_signs_dataset\test\A-6e\2019_0719_142601_003 0951_mirrored_1.jpg,2019_0719_142601_003 0951_mirrored_1.jpg,A-6e,test_original,.jpg,1387,True,29,25,3,RGB,142.06809997558594,124.60140228271484,67.42987060546875,0.0206896551724137,0.0068965517241379,db25ffafbffbbb162462343f7e463af4aed912d667013a9a4a10b24bdec5f56c,test_final,A-6e,A-3,1045,142.06809997558594
C:\Users\Dell\Desktop\Kacper Błachowiak - praca magisterska - klasyfikacja znaków drogowych\KB_Praca_Magisterska\data\raw\polish_traffic_signs_dataset\test\A-6e\2019_0721_181936_005 179_mirrored_0.jpg,2019_0721_181936_005 179_mirrored_0.jpg,A-6e,test_original,.jpg,1496,True,36,33,3,RGB,148.29844665527344,205.077392578125,82.41388702392578,0.0303030303030303,0.0345117845117845,b6ffbd566c922d1027322ae455a3dfc8ea3ce5decd3e52c29455b495477d1ce5,test_final,A-6e,B-34,1049,148.29844665527344
C:\Users\Dell\Desktop\Kacper Błachowiak - praca magisterska - klasyfikacja znaków drogowych\KB_Praca_Magisterska\data\raw\polish_traffic_signs_dataset\test\A-6e\2019_0809_155001_003 0563_mirrored_0.jpg,2019_0809_155001_003 0563_mirrored_0.jpg,A-6e,test_original,.jpg,1507,True,41,29,3,RGB,187.8447723388672,246.8555908203125,78.4422607421875,0.0058873002523128,0.511354079058032,61cc84f2129a0a3aa7b37a402b830fb87416a13c0ac7006386af815c1471099e,test_final,A-6e,A-20,1059,187.8447723388672
C:\Users\Dell\Desktop\Kacper Błachowiak - praca magisterska - klasyfikacja znaków drogowych\KB_Praca_Magisterska\data\raw\polish_traffic_signs_dataset\test\A-6e\2019_0809_155001_003 0585_mirrored_0.jpg,2019_0809_155001_003 0585_mirrored_0.jpg,A-6e,test_original,.jpg,2373,True,59,45,3,RGB,138.80685424804688,187.1169891357422,71.2688980102539,0.087382297551789,0.0045197740112994,77037c374df67f05865df72e1b8e90896ef76dd3c3b0bd46fbe81ca676736513,test_final,A-6e,A-12a,1062,138.80685424804688
C:\Users\Dell\Desktop\Kacper Błachowiak - praca magisterska - klasyfikacja znaków drogowych\KB_Praca_Magisterska\data\raw\polish_traffic_signs_dataset\test\A-6e\2019_0809_155001_003 0713_mirrored_0.jpg,2019_0809_155001_003 0713_mirrored_0.jpg,A-6e,test_original,.jpg,2384,True,53,57,3,RGB,167.97769165039062,228.26779174804688,77.90812683105469,0.0062893081761006,0.0897053955643826,be5d37a0ada4bf59147828e824270dfc074d8c1a0a6cb03241c8632bc1b6963a,test_final,A-6e,A-6a,1063,167.97769165039062
C:\Users\Dell\Desktop\Kacper Błachowiak - praca magisterska - klasyfikacja znaków drogowych\KB_Praca_Magisterska\data\raw\polish_traffic_signs_dataset\test\A-6e\2019_0809_155001_003 1054_mirrored_1.jpg,2019_0809_155001_003 1054_mirrored_1.jpg,A-6e,test_original,.jpg,1553,True,38,31,3,RGB,94.1226577758789,79.55279541015625,47.70773696899414,0.0441426146010186,0.0,688e875900fd801419b836ee67f7dbcb23437e6b7aed39256cb73252756909a9,test_final,A-6e,A-6c,1069,94.1226577758789
C:\Users\Dell\Desktop\Kacper Błachowiak - praca magisterska - klasyfikacja znaków drogowych\KB_Praca_Magisterska\data\raw\polish_traffic_signs_dataset\test\A-6e\2019_0809_155001_003 1147_mirrored_0.jpg,2019_0809_155001_003 1147_mirrored_0.jpg,A-6e,test_original,.jpg,6461,True,119,116,3,RGB,176.56935119628906,204.15579223632807,55.62986755371094,0.0039843523616343,0.0,93cd4fb24b473713c58c0bbec396fa7aa2d8f169974e564c6a6ba602e5fd4354,test_final,A-6e,A-20,1071,176.56935119628906
C:\Users\Dell\Desktop\Kacper Błachowiak - praca magisterska - klasyfikacja znaków drogowych\KB_Praca_Magisterska\data\raw\polish_traffic_signs_dataset\test\A-7\2019_0719_142601_003 1316_0.jpg,2019_0719_142601_003 1316_0.jpg,A-7,test_original,.jpg,1078,True,23,23,3,RGB,117.39248657226562,94.3708038330078,54.95973587036133,0.0,0.0,2fee36d1563e4c948d6932c8ba16ac1cc983372169e047a1df3ebdd76d4c6ab8,test_final,A-7,A-2,1087,117.39248657226562
C:\Users\Dell\Desktop\Kacper Błachowiak - praca magisterska - klasyfikacja znaków drogowych\KB_Praca_Magisterska\data\raw\polish_traffic_signs_dataset\test\A-7\2019_0719_150032_004 1444_1.jpg,2019_0719_150032_004 1444_1.jpg,A-7,test_original,.jpg,1349,True,37,33,3,RGB,62.94564056396485,53.49300003051758,24.8610782623291,0.0049140049140049,0.0,db39d27135c2e2a4c3470d393843c81787277f3735b7776517bcb8690ad76eae,test_final,A-7,A-6a,1091,62.94564056396485
C:\Users\Dell\Desktop\Kacper Błachowiak - praca magisterska - klasyfikacja znaków drogowych\KB_Praca_Magisterska\data\raw\polish_traffic_signs_dataset\test\A-7\2019_0721_171043_003 1941_0.jpg,2019_0721_171043_003 1941_0.jpg,A-7,test_original,.jpg,1438,True,41,33,3,RGB,65.76278686523438,45.84640502929688,44.52290725708008,0.122690317812269,0.0,4e613610b08cd551fec7eca07c932afea31c483fa2691f6282d5e557d7c00f2b,test_final,A-7,A-6a,1118,65.76278686523438
C:\Users\Dell\Desktop\Kacper Błachowiak - praca magisterska - klasyfikacja znaków drogowych\KB_Praca_Magisterska\data\raw\polish_traffic_signs_dataset\test\A-7\2019_0726_185626_003 041_0.jpg,2019_0726_185626_003 041_0.jpg,A-7,test_original,.jpg,2925,True,47,116,3,RGB,139.81666564941406,126.64640045166016,67.5450668334961,0.0058694057226705,0.0055025678650036,59217051b1f695bf58b8d04d5f19094f0e5b9511272126482374b04a29207767,test_final,A-7,A-2,1129,139.81666564941406
C:\Users\Dell\Desktop\Kacper Błachowiak - praca magisterska - klasyfikacja znaków drogowych\KB_Praca_Magisterska\data\raw\polish_traffic_signs_dataset\test\A-7\2019_0726_185626_003 104_0.jpg,2019_0726_185626_003 104_0.jpg,A-7,test_original,.jpg,2123,True,72,62,3,RGB,223.25668334960935,226.1100006103516,19.01849174499512,0.0,0.066084229390681,31f2877781d868abd98bb18907fd4c497442d13df518ae0319b62484bf1a8a6a,test_final,A-7,A-1,1132,223.25668334960935
C:\Users\Dell\Desktop\Kacper Błachowiak - praca magisterska - klasyfikacja znaków drogowych\KB_Praca_Magisterska\data\raw\polish_traffic_signs_dataset\test\A-7\2019_0726_185626_003 944_0.jpg,2019_0726_185626_003 944_0.jpg,A-7,test_original,.jpg,1675,True,41,50,3,RGB,224.8726043701172,234.5303955078125,21.250167846679688,0.0,0.037560975609756,1c5ed23f7372fd496febf3c3b0209c32c6f0fe9fc16710c17fdfc98d7832939f,test_final,A-7,A-1,1137,224.8726043701172
C:\Users\Dell\Desktop\Kacper Błachowiak - praca magisterska - klasyfikacja znaków drogowych\KB_Praca_Magisterska\data\raw\polish_traffic_signs_dataset\test\A-7\2019_0726_185626_003 946_0.jpg,2019_0726_185626_003 946_0.jpg,A-7,test_original,.jpg,7142,True,114,109,3,RGB,167.05960083007812,205.74310302734372,62.92371368408203,0.0024947690326734,0.0007242877836793,8b7d2d21618280456f36dbd8d20c808ab84a5077cb79dd7f2db38ffccc75fa98,test_final,A-7,A-11a,1139,167.05960083007812
C:\Users\Dell\Desktop\Kacper Błachowiak - praca magisterska - klasyfikacja znaków drogowych\KB_Praca_Magisterska\data\raw\polish_traffic_signs_dataset\test\A-7\2019_0726_185626_003 947_0.jpg,2019_0726_185626_003 947_0.jpg,A-7,test_original,.jpg,14199,True,245,209,3,RGB,207.911376953125,212.27220153808597,33.06536865234375,9.764671418806757e-05,0.1008299970705985,2143105b49e3b257e35916ac9ee0c2c8f59cb1c0cf4b170379125ba91559d86e,test_final,A-7,A-2,1140,207.911376953125
C:\Users\Dell\Desktop\Kacper Błachowiak - praca magisterska - klasyfikacja znaków drogowych\KB_Praca_Magisterska\data\raw\polish_traffic_signs_dataset\test\A-7\2019_0809_155001_003 0225_0.jpg,2019_0809_155001_003 0225_0.jpg,A-7,test_original,.jpg,1650,True,49,38,3,RGB,208.91148376464844,204.51400756835935,45.79953002929688,0.0,0.4597207303974221,07a037bedd97c76e65c9e29fc3f01646a4e18aa2f4697919756f569139af34a5,test_final,A-7,A-1,1141,208.91148376464844
C:\Users\Dell\Desktop\Kacper Błachowiak - praca magisterska - klasyfikacja znaków drogowych\KB_Praca_Magisterska\data\raw\polish_traffic_signs_dataset\test\A-7\2019_0809_155001_003 1149_0.jpg,2019_0809_155001_003 1149_0.jpg,A-7,test_original,.jpg,1485,True,31,43,3,RGB,157.9375762939453,148.89779663085938,46.841590881347656,0.0,0.0,d1c764c7e795a59c2006f84f8b7067844bd54ea502100321423cbd89e71bab18,test_final,A-7,D-1,1149,157.9375762939453
C:\Users\Dell\Desktop\Kacper Błachowiak - praca magisterska - klasyfikacja znaków drogowych\KB_Praca_Magisterska\data\raw\polish_traffic_signs_dataset\test\A-7\2019_0809_162432_004 1283_0.jpg,2019_0809_162432_004 1283_0.jpg,A-7,test_original,.jpg,2265,True,59,52,3,RGB,198.4218597412109,208.4505920410156,34.520259857177734,0.0,0.0016297262059973,6737831f175e0c9c24a936d2fb60a22dfdc50dc20b1d1932cf09733d9d956a50,test_final,A-7,A-2,1153,198.4218597412109
C:\Users\Dell\Desktop\Kacper Błachowiak - praca magisterska - klasyfikacja znaków drogowych\KB_Praca_Magisterska\data\raw\polish_traffic_signs_dataset\test\A-7\2019_0809_162432_004 1285_0.jpg,2019_0809_162432_004 1285_0.jpg,A-7,test_original,.jpg,3694,True,90,85,3,RGB,188.0544586181641,199.35179138183597,34.1312141418457,0.0,0.0,9c274f7f1192c0ecedf124e30fc869bde8676144fbfffc0369c8c5d3ca2fd1b1,test_final,A-7,A-2,1155,188.0544586181641
C:\Users\Dell\Desktop\Kacper Błachowiak - praca magisterska - klasyfikacja znaków drogowych\KB_Praca_Magisterska\data\raw\polish_traffic_signs_dataset\test\A-7\2019_0809_162432_004 1543_0.jpg,2019_0809_162432_004 1543_0.jpg,A-7,test_original,.jpg,4473,True,98,106,3,RGB,153.90188598632812,91.49739837646484,82.72941589355469,0.009819021948402,0.3790912591451675,cc4b223df352ed273644e356ec6085e8afbf70086d332bccc1dd283adabd6f8a,test_final,A-7,B-27,1169,153.90188598632812
C:\Users\Dell\Desktop\Kacper Błachowiak - praca magisterska - klasyfikacja znaków drogowych\KB_Praca_Magisterska\data\raw\polish_traffic_signs_dataset\test\A-7\2019_0811_175830_003 0410_0.jpg,2019_0811_175830_003 0410_0.jpg,A-7,test_original,.jpg,1603,True,45,51,3,RGB,236.16049194335935,239.34739685058597,11.252788543701172,0.0,0.0888888888888888,b0a339d04940b16c07d97bfa598f345df1fb4d6532501b948938d08ea97286cd,test_final,A-7,A-1,1173,236.16049194335935
C:\Users\Dell\Desktop\Kacper Błachowiak - praca magisterska - klasyfikacja znaków drogowych\KB_Praca_Magisterska\data\raw\polish_traffic_signs_dataset\test\A-7\2019_0811_175830_003 0411_0.jpg,2019_0811_175830_003 0411_0.jpg,A-7,test_original,.jpg,2535,True,73,74,3,RGB,226.90049743652344,225.5874938964844,14.616509437561035,0.0,0.0703443169196593,a18b3140bb20e20f652f1e19c36ff13331ff592d24fa88f37bee5dab6009e21e,test_final,A-7,A-1,1174,226.90049743652344
C:\Users\Dell\Desktop\Kacper Błachowiak - praca magisterska - klasyfikacja znaków drogowych\KB_Praca_Magisterska\data\raw\polish_traffic_signs_dataset\test\A-7\2019_0814_154857_003 0470_0.jpg,2019_0814_154857_003 0470_0.jpg,A-7,test_original,.jpg,1104,True,23,20,3,RGB,110.98848724365234,116.85020446777344,38.65627670288086,0.0021739130434782,0.0,7388f7efded8e5471b15c59e79811de4a27ffeef3cc8269e52cb3d3b822eb68b,test_final,A-7,A-2,1190,110.98848724365234
C:\Users\Dell\Desktop\Kacper Błachowiak - praca magisterska - klasyfikacja znaków drogowych\KB_Praca_Magisterska\data\raw\polish_traffic_signs_dataset\test\A-7\2019_0814_154857_003 0473_0.jpg,2019_0814_154857_003 0473_0.jpg,A-7,test_original,.jpg,1168,True,20,31,3,RGB,157.87437438964844,138.00079345703125,59.124061584472656,0.0,0.1354838709677419,e1816c8cd4d30aef065d3a4423b32bc0b25ec10cf59f5bddcaa4f237c69f1c07,test_final,A-7,A-2,1191,157.87437438964844
C:\Users\Dell\Desktop\Kacper Błachowiak - praca magisterska - klasyfikacja znaków drogowych\KB_Praca_Magisterska\data\raw\polish_traffic_signs_dataset\test\A-7\2019_0814_154857_003 0479_0.jpg,2019_0814_154857_003 0479_0.jpg,A-7,test_original,.jpg,1865,True,45,47,3,RGB,55.25115203857422,55.1443977355957,28.64823341369629,0.1044917257683215,0.0,193cbf86056e7303bf2e9274a795cd5377704f2d0c884c320fd5b6b09fd63fd1,test_final,A-7,A-11,1196,55.25115203857422
C:\Users\Dell\Desktop\Kacper Błachowiak - praca magisterska - klasyfikacja znaków drogowych\KB_Praca_Magisterska\data\raw\polish_traffic_signs_dataset\test\A-7\2019_0814_154857_003 1832_0.jpg,2019_0814_154857_003 1832_0.jpg,A-7,test_original,.jpg,1121,True,27,24,3,RGB,91.48121643066406,83.89540100097656,28.80579376220703,0.0015432098765432,0.0,7486d48b816e77bbb392f890ffa965f270e4cab6754c6f9574079423ef83b4ce,test_final,A-7,A-2,1209,91.48121643066406
C:\Users\Dell\Desktop\Kacper Błachowiak - praca magisterska - klasyfikacja znaków drogowych\KB_Praca_Magisterska\data\raw\polish_traffic_signs_dataset\test\A-7\2019_0814_162326_004 1613_0.jpg,2019_0814_162326_004 1613_0.jpg,A-7,test_original,.jpg,1362,True,25,27,3,RGB,153.05419921875,144.47821044921875,75.56917572021484,0.0296296296296296,0.0474074074074074,501c3f1e42acd7eb1ab226ef46179d73db46fef10d273f9501051844acc2f181,test_final,A-7,A-8,1216,153.05419921875
C:\Users\Dell\Desktop\Kacper Błachowiak - praca magisterska - klasyfikacja znaków drogowych\KB_Praca_Magisterska\data\raw\polish_traffic_signs_dataset\test\A-7\2019_0814_162326_004 1633_0.jpg,2019_0814_162326_004 1633_0.jpg,A-7,test_original,.jpg,2707,True,59,49,3,RGB,144.5814666748047,135.31199645996094,63.27943801879883,0.0048426150121065,0.0705638187478381,0eb9bdda7a6d718065aaca565920d5731eca4cfcb5cc79ddf12eb1d1a28673da,test_final,A-7,A-11a,1217,144.5814666748047
C:\Users\Dell\Desktop\Kacper Błachowiak - praca magisterska - klasyfikacja znaków drogowych\KB_Praca_Magisterska\data\raw\polish_traffic_signs_dataset\test\A-7\2019_0814_162326_004 1709_0.jpg,2019_0814_162326_004 1709_0.jpg,A-7,test_original,.jpg,13087,True,192,182,3,RGB,121.9389877319336,163.05230712890625,94.38899230957033,0.2869162087912087,0.0032051282051282,3ed3d68342f578fee57cd71f2649f7884eadc6d7a0f97cac5dd2ded63029a195,test_final,A-7,A-2,1231,121.9389877319336
C:\Users\Dell\Desktop\Kacper Błachowiak - praca magisterska - klasyfikacja znaków drogowych\KB_Praca_Magisterska\data\raw\polish_traffic_signs_dataset\test\A-8\2019_0809_155001_003 0218_0.jpg,2019_0809_155001_003 0218_0.jpg,A-8,test_original,.jpg,3279,True,59,53,3,RGB,122.84949493408205,107.30719757080078,60.78718185424805,0.0047969299648225,0.0006395906619763,be6a294f62bbe602ca327ba71183ade9ceff7120dc2fb048302b7f04f15b67d1,test_final,A-8,A-17,1244,122.84949493408205
C:\Users\Dell\Desktop\Kacper Błachowiak - praca magisterska - klasyfikacja znaków drogowych\KB_Praca_Magisterska\data\raw\polish_traffic_signs_dataset\test\A-8\2019_0809_162432_004 1277_0.jpg,2019_0809_162432_004 1277_0.jpg,A-8,test_original,.jpg,5746,True,109,94,3,RGB,167.77020263671875,185.61618041992188,48.4395866394043,0.0132734725746632,0.0,c59be3b92519ca91018f0c1be2310eb6d4a7e027bf3e50a39bd056a69832605a,test_final,A-8,A-17,1248,167.77020263671875
C:\Users\Dell\Desktop\Kacper Błachowiak - praca magisterska - klasyfikacja znaków drogowych\KB_Praca_Magisterska\data\raw\polish_traffic_signs_dataset\test\A-8\2019_0811_175830_003 0403_0.jpg,2019_0811_175830_003 0403_0.jpg,A-8,test_original,.jpg,6986,True,125,124,3,RGB,213.15599060058597,209.75531005859372,34.19830703735352,0.000258064516129,0.2698709677419355,88348b52ee9992a0f267214afc948f247424f1624345035ce59967726f511c5b,test_final,A-8,G-3,1251,213.15599060058597
C:\Users\Dell\Desktop\Kacper Błachowiak - praca magisterska - klasyfikacja znaków drogowych\KB_Praca_Magisterska\data\raw\polish_traffic_signs_dataset\test\A-8\2019_0811_175830_003 0534_0.jpg,2019_0811_175830_003 0534_0.jpg,A-8,test_original,.jpg,9338,True,190,151,3,RGB,109.8747787475586,72.77140045166016,60.641483306884766,0.0537120948065528,0.0,50cb402bb0bf4164b58cf97c66689418f693bb0b28cccb31d870a4d08f9f10fa,test_final,A-8,A-14,1253,109.8747787475586
C:\Users\Dell\Desktop\Kacper Błachowiak - praca magisterska - klasyfikacja znaków drogowych\KB_Praca_Magisterska\data\raw\polish_traffic_signs_dataset\test\A-8\2019_0814_162326_004 1601_0.jpg,2019_0814_162326_004 1601_0.jpg,A-8,test_original,.jpg,9155,True,123,106,3,RGB,155.06019592285156,209.32400512695312,81.94894409179688,0.0171805491639822,0.0056757171345298,9dbd6276eb1ef7a46af6b334b24acd2b3ea173382628dbe7b774e9cde420412f,test_final,A-8,A-29,1259,155.06019592285156
C:\Users\Dell\Desktop\Kacper Błachowiak - praca magisterska - klasyfikacja znaków drogowych\KB_Praca_Magisterska\data\raw\polish_traffic_signs_dataset\test\A-8\2019_0830_154511_013 78_1.jpg,2019_0830_154511_013 78_1.jpg,A-8,test_original,.jpg,1636,True,30,34,3,RGB,145.16175842285156,144.4003143310547,59.243988037109375,0.0019607843137254,0.0039215686274509,6529f6104ab8249c92658506e5af82e9513c1df73aee3d2c357d3f408f1780ed,test_final,A-8,A-17,1264,145.16175842285156
C:\Users\Dell\Desktop\Kacper Błachowiak - praca magisterska - klasyfikacja znaków drogowych\KB_Praca_Magisterska\data\raw\polish_traffic_signs_dataset\test\A-8\2019_0830_154511_013 79_1.jpg,2019_0830_154511_013 79_1.jpg,A-8,test_original,.jpg,3470,True,64,55,3,RGB,163.4932098388672,164.38250732421875,62.734649658203125,0.0068181818181818,0.0056818181818181,9fd394baf0a22e7f0d96b06571696d72f596841d09bb7dd25c338b6eac50babb,test_final,A-8,A-29,1266,163.4932098388672
C:\Users\Dell\Desktop\Kacper Błachowiak - praca magisterska - klasyfikacja znaków drogowych\KB_Praca_Magisterska\data\raw\polish_traffic_signs_dataset\test\B-1\2019_0719_150032_004 1260_0.jpg,2019_0719_150032_004 1260_0.jpg,B-1,test_original,.jpg,2231,True,40,88,3,RGB,164.21896362304688,180.78900146484372,41.99951553344727,0.0,0.0,3a4c728658b1f9595546a99658512ea73b7eee820ed938a9f061a6ddb6d3dd08,test_final,B-1,B-43,1268,164.21896362304688
C:\Users\Dell\Desktop\Kacper Błachowiak - praca magisterska - klasyfikacja znaków drogowych\KB_Praca_Magisterska\data\raw\polish_traffic_signs_dataset\test\B-1\2019_0814_154857_003 1444_0.jpg,2019_0814_154857_003 1444_0.jpg,B-1,test_original,.jpg,1521,True,31,44,3,RGB,169.74493408203125,188.5118103027344,54.716915130615234,0.0036656891495601,0.000733137829912,d6c96bbecaa44fb535507d23ad0c3674f6f28944ce155fec503293be65fe75f9,test_final,B-1,G-3,1270,169.74493408203125
C:\Users\Dell\Desktop\Kacper Błachowiak - praca magisterska - klasyfikacja znaków drogowych\KB_Praca_Magisterska\data\raw\polish_traffic_signs_dataset\test\B-18\2019_0814_162326_004 1618_0.jpg,2019_0814_162326_004 1618_0.jpg,B-18,test_original,.jpg,4014,True,65,67,3,RGB,181.4576416015625,202.35958862304688,68.38694763183594,0.0146957520091848,0.2128587830080367,e217eac426e518fd2aefc34da371e5c317f0def9d18c900cb1e1d57372ca2765,test_final,B-18,B-9,1281,181.4576416015625
C:\Users\Dell\Desktop\Kacper Błachowiak - praca magisterska - klasyfikacja znaków drogowych\KB_Praca_Magisterska\data\raw\polish_traffic_signs_dataset\test\B-18\2019_0814_162326_004 1619_0.jpg,2019_0814_162326_004 1619_0.jpg,B-18,test_original,.jpg,6301,True,94,108,3,RGB,186.02708435058597,183.9188995361328,69.94912719726562,0.0144799054373522,0.4012017336485421,c4e24d7b0ec48e543e6dc4777d04ee58fada3923b9ba9a44b2194458c83c811b,test_final,B-18,G-3,1282,186.02708435058597
C:\Users\Dell\Desktop\Kacper Błachowiak - praca magisterska - klasyfikacja znaków drogowych\KB_Praca_Magisterska\data\raw\polish_traffic_signs_dataset\test\B-2\2019_0721_171043_003 0742_0.jpg,2019_0721_171043_003 0742_0.jpg,B-2,test_original,.jpg,1897,True,36,63,3,RGB,166.41925048828125,192.797607421875,50.91294097900391,0.0,0.0048500881834215,81bbdea2f92f7abfba6bbe6d30f8726c157a1262dd67b3f05c2aefa71bb5ae4a,test_final,B-2,B-41,1286,166.41925048828125
C:\Users\Dell\Desktop\Kacper Błachowiak - praca magisterska - klasyfikacja znaków drogowych\KB_Praca_Magisterska\data\raw\polish_traffic_signs_dataset\test\B-20\2019_0809_155001_003 1539_0.jpg,2019_0809_155001_003 1539_0.jpg,B-20,test_original,.jpg,1943,True,34,36,3,RGB,119.11731719970705,102.64739990234376,63.67409133911133,0.0089869281045751,0.0138888888888888,1577d2c302b0e21d36e02cf550762a827e3339bc7c760c0f7626a77efd1cbc63,test_final,B-20,B-36,1329,119.11731719970705
C:\Users\Dell\Desktop\Kacper Błachowiak - praca magisterska - klasyfikacja znaków drogowych\KB_Praca_Magisterska\data\raw\polish_traffic_signs_dataset\test\B-20\2019_0809_155001_003 1540_0.jpg,2019_0809_155001_003 1540_0.jpg,B-20,test_original,.jpg,2229,True,39,51,3,RGB,149.9359893798828,140.54940795898438,74.61394500732422,0.0,0.0306686777275012,763db701478d16b077a0f671b37e59f9b2f966e3c231bac0654bf16da8b9900f,test_final,B-20,B-36,1330,149.9359893798828
C:\Users\Dell\Desktop\Kacper Błachowiak - praca magisterska - klasyfikacja znaków drogowych\KB_Praca_Magisterska\data\raw\polish_traffic_signs_dataset\test\B-20\2019_0811_175830_003 0087_0.jpg,2019_0811_175830_003 0087_0.jpg,B-20,test_original,.jpg,2104,True,47,47,3,RGB,162.05641174316406,173.9669952392578,64.83602905273438,0.0,0.0104119511090991,7bddd29afab31e6072bb73e076cf7f3a4a73079db52a25d1528f0235a95978a5,test_final,B-20,B-36,1336,162.05641174316406
C:\Users\Dell\Desktop\Kacper Błachowiak - praca magisterska - klasyfikacja znaków drogowych\KB_Praca_Magisterska\data\raw\polish_traffic_signs_dataset\test\B-20\2019_0811_175830_003 0088_0.jpg,2019_0811_175830_003 0088_0.jpg,B-20,test_original,.jpg,3329,True,70,62,3,RGB,134.0994415283203,92.18309783935548,68.34073638916016,0.0,0.0064516129032258,da0b5249cf7f3db5151d2e8e94ef05a4ee6e5990dbac38e4da258c4e25c4ec93,test_final,B-20,B-36,1337,134.0994415283203
C:\Users\Dell\Desktop\Kacper Błachowiak - praca magisterska - klasyfikacja znaków drogowych\KB_Praca_Magisterska\data\raw\polish_traffic_signs_dataset\test\B-20\2019_0811_175830_003 0361_0.jpg,2019_0811_175830_003 0361_0.jpg,B-20,test_original,.jpg,3986,True,72,74,3,RGB,155.7311553955078,159.1584014892578,61.576473236083984,0.0,0.0407282282282282,06fd23bf43985eaa14e462c0e7cb5c402bdc5086f728c5ff4e2542ebfbe2cead,test_final,B-20,B-36,1339,155.7311553955078
C:\Users\Dell\Desktop\Kacper Błachowiak - praca magisterska - klasyfikacja znaków drogowych\KB_Praca_Magisterska\data\raw\polish_traffic_signs_dataset\test\B-20\2019_0815_090538_005 0338_0.jpg,2019_0815_090538_005 0338_0.jpg,B-20,test_original,.jpg,10249,True,112,200,3,RGB,126.0489501953125,116.52040100097656,42.60044097900391,0.0045089285714285,0.0022321428571428,5f6382241844e7a7299f8209a939a37a2861de7d2e188dea0b081e12f81d365b,test_final,B-20,C-13a,1350,126.0489501953125
C:\Users\Dell\Desktop\Kacper Błachowiak - praca magisterska - klasyfikacja znaków drogowych\KB_Praca_Magisterska\data\raw\polish_traffic_signs_dataset\test\B-21\2019_0714_142630_003 091_0.jpg,2019_0714_142630_003 091_0.jpg,B-21,test_original,.jpg,1237,True,24,30,3,RGB,108.015625,112.68390655517578,70.50143432617188,0.1555555555555555,0.0277777777777777,0e9885a26b12aa8803636aa9e41e554ec380935d1cecdc28bd9ba735bd8c9639,test_final,B-21,B-5,1381,108.015625
C:\Users\Dell\Desktop\Kacper Błachowiak - praca magisterska - klasyfikacja znaków drogowych\KB_Praca_Magisterska\data\raw\polish_traffic_signs_dataset\test\B-21\2019_0809_155001_003 0208_0.jpg,2019_0809_155001_003 0208_0.jpg,B-21,test_original,.jpg,1149,True,28,17,3,RGB,155.01988220214844,195.81768798828125,78.56790924072266,0.0588235294117647,0.0399159663865546,2dc9d90b5a1769e9257abd8c5ca1dfc510bbdf76dcac34c55e360047380e7d37,test_final,B-21,B-41,1387,155.01988220214844
C:\Users\Dell\Desktop\Kacper Błachowiak - praca magisterska - klasyfikacja znaków drogowych\KB_Praca_Magisterska\data\raw\polish_traffic_signs_dataset\test\B-21\2019_0830_154511_013 35_0.jpg,2019_0830_154511_013 35_0.jpg,B-21,test_original,.jpg,3950,True,63,71,3,RGB,175.17495727539062,201.37559509277344,74.11029052734375,0.0051419628884417,0.2926447574334898,83c94cdc7d8ebd8610418649ab87eea321e15b494d2795096be7f0871185cacb,test_final,B-21,B-8,1404,175.17495727539062
C:\Users\Dell\Desktop\Kacper Błachowiak - praca magisterska - klasyfikacja znaków drogowych\KB_Praca_Magisterska\data\raw\polish_traffic_signs_dataset\test\B-21\2019_0905_182313_001 0928_0.jpg,2019_0905_182313_001 0928_0.jpg,B-21,test_original,.jpg,13301,True,165,187,3,RGB,156.63668823242188,163.0550079345703,69.6294174194336,0.0081024145195268,0.0168530222006157,edb62d0945a1a506da434412df9efb2be27f1bedfe140f87495b519b1d8b7037,test_final,B-21,B-18,1412,156.63668823242188
C:\Users\Dell\Desktop\Kacper Błachowiak - praca magisterska - klasyfikacja znaków drogowych\KB_Praca_Magisterska\data\raw\polish_traffic_signs_dataset\test\B-22\2019_0811_183255_004 1088_0.jpg,2019_0811_183255_004 1088_0.jpg,B-22,test_original,.jpg,2832,True,53,66,3,RGB,63.15940856933594,47.386695861816406,60.11196899414063,0.2166952544311035,0.0037164093767867,8c5b9608f55954b2f455a513a062a4004c31329ad6f5f79533a38de8311625d0,test_final,B-22,B-8,1421,63.15940856933594
C:\Users\Dell\Desktop\Kacper Błachowiak - praca magisterska - klasyfikacja znaków drogowych\KB_Praca_Magisterska\data\raw\polish_traffic_signs_dataset\test\B-22\2020_0229_084843_018 0471_0.jpg,2020_0229_084843_018 0471_0.jpg,B-22,test_original,.jpg,1596,True,39,40,3,RGB,55.299163818359375,38.047401428222656,38.13235855102539,0.1583333333333333,0.0,459c927e1cdb86ee63fe62eca7f3a1df9db044571660123244579c4619ce6391,test_final,B-22,B-36,1436,55.299163818359375
C:\Users\Dell\Desktop\Kacper Błachowiak - praca magisterska - klasyfikacja znaków drogowych\KB_Praca_Magisterska\data\raw\polish_traffic_signs_dataset\test\B-22\2020_0508_164957_013 505_0.jpg,2020_0508_164957_013 505_0.jpg,B-22,test_original,.jpg,2755,True,53,51,3,RGB,125.25823974609376,129.8114013671875,82.52295684814453,0.0788013318534961,0.1823899371069182,75a137055a382be93477492a2858372476d50f376950cb00646488f8ad7d776c,test_final,B-22,B-6-B-8-B-9,1445,125.25823974609376
C:\Users\Dell\Desktop\Kacper Błachowiak - praca magisterska - klasyfikacja znaków drogowych\KB_Praca_Magisterska\data\raw\polish_traffic_signs_dataset\test\B-25\2019_0719_142601_003 0964_0.jpg,2019_0719_142601_003 0964_0.jpg,B-25,test_original,.jpg,1406,True,32,30,3,RGB,155.2111053466797,178.66470336914062,57.494571685791016,0.0197916666666666,0.0,b62b39b98f3970575a74376794a1374a60ffcd3ffb6607a796acce737fd6eed8,test_final,B-25,G-3,1447,155.2111053466797
C:\Users\Dell\Desktop\Kacper Błachowiak - praca magisterska - klasyfikacja znaków drogowych\KB_Praca_Magisterska\data\raw\polish_traffic_signs_dataset\test\B-25\2019_0719_142601_003 1603_0.jpg,2019_0719_142601_003 1603_0.jpg,B-25,test_original,.jpg,1375,True,30,30,3,RGB,187.4994201660156,216.14439392089844,59.554481506347656,0.0088888888888888,0.0333333333333333,3674f9d0c74098659348d96a75aeffc703daccd761df9bbb04e58dcf4326baab,test_final,B-25,G-3,1470,187.4994201660156
C:\Users\Dell\Desktop\Kacper Błachowiak - praca magisterska - klasyfikacja znaków drogowych\KB_Praca_Magisterska\data\raw\polish_traffic_signs_dataset\test\B-25\2019_0719_142601_003 1755_0.jpg,2019_0719_142601_003 1755_0.jpg,B-25,test_original,.jpg,2841,True,56,54,3,RGB,175.99685668945312,210.55780029296875,65.70549011230469,0.0009920634920634,0.1709656084656084,2e01b0b2198d134b87fe62aa9a273d094df96f56e0e3280b68cee76c8e5e6fe2,test_final,B-25,B-9,1474,175.99685668945312
C:\Users\Dell\Desktop\Kacper Błachowiak - praca magisterska - klasyfikacja znaków drogowych\KB_Praca_Magisterska\data\raw\polish_traffic_signs_dataset\test\B-25\2019_0719_142601_003 1766_0.jpg,2019_0719_142601_003 1766_0.jpg,B-25,test_original,.jpg,1016,True,24,17,3,RGB,130.97836303710938,96.80430603027344,74.18436431884766,0.0098039215686274,0.0490196078431372,1953918704fcf561d9c5fe98d81fb17d04157fea1e1b180ce3ddaca1112c86d2,test_final,B-25,G-3,1476,130.97836303710938
C:\Users\Dell\Desktop\Kacper Błachowiak - praca magisterska - klasyfikacja znaków drogowych\KB_Praca_Magisterska\data\raw\polish_traffic_signs_dataset\test\B-25\2019_0719_142601_003 1768_0.jpg,2019_0719_142601_003 1768_0.jpg,B-25,test_original,.jpg,2474,True,42,46,3,RGB,150.74288940429688,181.6048889160156,74.60527038574219,0.0191511387163561,0.0579710144927536,f2534c7879c990a23b0e3454d29f59c1cb4666dd3f69fc0d58a2660ecd6abb76,test_final,B-25,B-9,1477,150.74288940429688
C:\Users\Dell\Desktop\Kacper Błachowiak - praca magisterska - klasyfikacja znaków drogowych\KB_Praca_Magisterska\data\raw\polish_traffic_signs_dataset\test\B-25\2019_0719_142601_003 2037_0.jpg,2019_0719_142601_003 2037_0.jpg,B-25,test_original,.jpg,4037,True,69,61,3,RGB,104.2117919921875,102.85559844970705,61.79401016235352,0.0593965312425754,0.0154430981230696,ae7f8f41bf4ab17c6c30d1bf49600ed322add7c722d24adc6575119b9a4729df,test_final,B-25,B-9,1485,104.2117919921875
C:\Users\Dell\Desktop\Kacper Błachowiak - praca magisterska - klasyfikacja znaków drogowych\KB_Praca_Magisterska\data\raw\polish_traffic_signs_dataset\test\B-25\2019_0721_171043_003 0643_0.jpg,2019_0721_171043_003 0643_0.jpg,B-25,test_original,.jpg,2517,True,53,53,3,RGB,113.55368041992188,85.58720397949219,67.68543243408203,0.0242079031683873,0.0028479886080455,d19df025e2760624e0c3943181dc7f50d4e998e339b20768cd2d60cae6dcc4fc,test_final,B-25,B-41,1501,113.55368041992188
C:\Users\Dell\Desktop\Kacper Błachowiak - praca magisterska - klasyfikacja znaków drogowych\KB_Praca_Magisterska\data\raw\polish_traffic_signs_dataset\test\B-25\2019_0721_171043_003 0882_0.jpg,2019_0721_171043_003 0882_0.jpg,B-25,test_original,.jpg,7675,True,118,119,3,RGB,168.66314697265625,168.93539428710938,69.93026733398438,0.0004272895598917,0.2669847600056972,ae3cfbdbc640a370a33dd41284419d9193512ee46a3bd0637aa34e5e443beeab,test_final,B-25,B-27,1505,168.66314697265625
C:\Users\Dell\Desktop\Kacper Błachowiak - praca magisterska - klasyfikacja znaków drogowych\KB_Praca_Magisterska\data\raw\polish_traffic_signs_dataset\test\B-25\2019_0726_185626_003 407_0.jpg,2019_0726_185626_003 407_0.jpg,B-25,test_original,.jpg,2302,True,59,47,3,RGB,214.50732421875,239.4595947265625,50.82152557373047,0.0018031013342949,0.3433104940497656,a8cddb4da5632c8a9dbe04ddc0da4d796fed468d2559f54d1424086aded2e074,test_final,B-25,B-41,1509,214.50732421875
C:\Users\Dell\Desktop\Kacper Błachowiak - praca magisterska - klasyfikacja znaków drogowych\KB_Praca_Magisterska\data\raw\polish_traffic_signs_dataset\test\B-25\2019_0726_185626_003 423_0.jpg,2019_0726_185626_003 423_0.jpg,B-25,test_original,.jpg,11413,True,155,149,3,RGB,178.1005859375,206.8195953369141,75.11612701416016,0.0096990690625676,0.328685862740853,429e69715d26c8fc68dd7c474fae4798a08a0d058d7c36b8d67992c748d7eb99,test_final,B-25,B-41,1511,178.1005859375
C:\Users\Dell\Desktop\Kacper Błachowiak - praca magisterska - klasyfikacja znaków drogowych\KB_Praca_Magisterska\data\raw\polish_traffic_signs_dataset\test\B-25\2019_0809_155001_003 1508_0.jpg,2019_0809_155001_003 1508_0.jpg,B-25,test_original,.jpg,2355,True,50,47,3,RGB,195.9637451171875,221.55941772460935,66.59170532226562,0.0063829787234042,0.2914893617021276,31f20d5d5c3f58c2fe097850cd08bac06bfca6a34e6dff10e02174eac899d06c,test_final,B-25,B-22,1522,195.9637451171875
C:\Users\Dell\Desktop\Kacper Błachowiak - praca magisterska - klasyfikacja znaków drogowych\KB_Praca_Magisterska\data\raw\polish_traffic_signs_dataset\test\B-25\2019_0809_155001_003 1847_0.jpg,2019_0809_155001_003 1847_0.jpg,B-25,test_original,.jpg,7181,True,124,124,3,RGB,182.1917266845703,165.92160034179688,52.45407104492188,0.0006503642039542,0.0975546305931321,fc53370121f0e2f633177b4b0a9a8d3c11ecd17469ed2d80d64a086ad0fbf0c0,test_final,B-25,B-18,1528,182.1917266845703
C:\Users\Dell\Desktop\Kacper Błachowiak - praca magisterska - klasyfikacja znaków drogowych\KB_Praca_Magisterska\data\raw\polish_traffic_signs_dataset\test\B-25\2019_0809_162432_004 0574_0.jpg,2019_0809_162432_004 0574_0.jpg,B-25,test_original,.jpg,3136,True,69,57,3,RGB,148.92189025878906,131.8612060546875,77.99626922607422,0.0409356725146198,0.0439867785405542,630e4b3f5c2de05f5eaddace1e54f6819644f24385902ea637ebccd6156b4170,test_final,B-25,B-43,1540,148.92189025878906
C:\Users\Dell\Desktop\Kacper Błachowiak - praca magisterska - klasyfikacja znaków drogowych\KB_Praca_Magisterska\data\raw\polish_traffic_signs_dataset\test\B-25\2019_0811_183255_004 0881_0.jpg,2019_0811_183255_004 0881_0.jpg,B-25,test_original,.jpg,2905,True,69,77,3,RGB,57.39337921142578,57.47380065917969,28.974647521972656,0.0139281008846226,0.0080933559194428,f994e97f84c23ac076499a6f425153e214ce859ab05a124abadaead3661fb928,test_final,B-25,B-8,1563,57.39337921142578
C:\Users\Dell\Desktop\Kacper Błachowiak - praca magisterska - klasyfikacja znaków drogowych\KB_Praca_Magisterska\data\raw\polish_traffic_signs_dataset\test\B-25\2019_0815_090538_005 0916_0.jpg,2019_0815_090538_005 0916_0.jpg,B-25,test_original,.jpg,2944,True,84,82,3,RGB,83.22887420654297,77.56439971923828,20.09175109863281,0.0004355400696864,0.0011614401858304,2a88bc8c159eaa2fb8f6248879dd6f5e719c4670c49bdffab1a4d4de49bb3cbd,test_final,B-25,B-9,1593,83.22887420654297
C:\Users\Dell\Desktop\Kacper Błachowiak - praca magisterska - klasyfikacja znaków drogowych\KB_Praca_Magisterska\data\raw\polish_traffic_signs_dataset\test\B-25\2019_0815_090538_005 1004_0.jpg,2019_0815_090538_005 1004_0.jpg,B-25,test_original,.jpg,1850,True,53,51,3,RGB,47.81102752685547,32.14440155029297,28.9909782409668,0.0739918608953015,0.0,ec5d768be55c36626d09b92c6fb0decedc7bb786aa24e51b6434bdfc16115b5d,test_final,B-25,B-26,1594,47.81102752685547
C:\Users\Dell\Desktop\Kacper Błachowiak - praca magisterska - klasyfikacja znaków drogowych\KB_Praca_Magisterska\data\raw\polish_traffic_signs_dataset\test\B-25\2019_0815_090538_005 1253_0.jpg,2019_0815_090538_005 1253_0.jpg,B-25,test_original,.jpg,6074,True,114,92,3,RGB,78.65082550048828,78.49500274658203,54.55245971679688,0.0225972540045766,0.0243135011441647,e74ead5d324550a0f69ccb50c1a5e1e75879fbac92aa68f9387b85da56508a3a,test_final,B-25,D-53,1597,78.65082550048828
C:\Users\Dell\Desktop\Kacper Błachowiak - praca magisterska - klasyfikacja znaków drogowych\KB_Praca_Magisterska\data\raw\polish_traffic_signs_dataset\test\B-26\2019_0721_181936_005 773_0.jpg,2019_0721_181936_005 773_0.jpg,B-26,test_original,.jpg,4212,True,77,84,3,RGB,71.63921356201172,42.03479766845703,53.55411148071289,0.0722016079158936,0.004947433518862,c33bbff982295513e219ccf2af1778e5e0d440f5daa126eb6122d99de495c5bf,test_final,B-26,B-25,1612,71.63921356201172
C:\Users\Dell\Desktop\Kacper Błachowiak - praca magisterska - klasyfikacja znaków drogowych\KB_Praca_Magisterska\data\raw\polish_traffic_signs_dataset\test\B-26\2019_0809_155001_003 0189_0.jpg,2019_0809_155001_003 0189_0.jpg,B-26,test_original,.jpg,3942,True,70,77,3,RGB,180.2255401611328,170.62449645996094,65.44693756103516,0.0022263450834879,0.3593692022263451,9a33a29f2ebcf8873664d50a3e1accc91ad691b00e3eac9552792784fdd418e3,test_final,B-26,B-25,1613,180.2255401611328
C:\Users\Dell\Desktop\Kacper Błachowiak - praca magisterska - klasyfikacja znaków drogowych\KB_Praca_Magisterska\data\raw\polish_traffic_signs_dataset\test\B-26\2019_0811_183255_004 0298_0.jpg,2019_0811_183255_004 0298_0.jpg,B-26,test_original,.jpg,2417,True,53,53,3,RGB,103.75211334228516,60.494998931884766,85.78187561035156,0.0733357066571733,0.0405838376646493,65fdf968a82dbe577943fd3562e78b25d196c50093994fac7f3ba780d5e0e557,test_final,B-26,B-9,1615,103.75211334228516
C:\Users\Dell\Desktop\Kacper Błachowiak - praca magisterska - klasyfikacja znaków drogowych\KB_Praca_Magisterska\data\raw\polish_traffic_signs_dataset\test\B-26\2019_0814_154857_003 0255_0.jpg,2019_0814_154857_003 0255_0.jpg,B-26,test_original,.jpg,3488,True,79,57,3,RGB,172.65383911132812,156.9862060546875,67.56979370117188,0.0011103708638685,0.2660448589829003,b3964214cfc8fa70e88053cb53c81d75b5986823496820105c85c37430c5986d,test_final,B-26,B-41,1616,172.65383911132812
C:\Users\Dell\Desktop\Kacper Błachowiak - praca magisterska - klasyfikacja znaków drogowych\KB_Praca_Magisterska\data\raw\polish_traffic_signs_dataset\test\B-26\2019_0814_154857_003 0256_0.jpg,2019_0814_154857_003 0256_0.jpg,B-26,test_original,.jpg,7647,True,126,106,3,RGB,163.8114013671875,216.4365997314453,72.75104522705078,0.0054657082958969,0.1032494758909853,d2b62acb03800d3da0184d556f15fd9e3d0462587cf6c9096fe4c3cf850d6996,test_final,B-26,B-41,1617,163.8114013671875
C:\Users\Dell\Desktop\Kacper Błachowiak - praca magisterska - klasyfikacja znaków drogowych\KB_Praca_Magisterska\data\raw\polish_traffic_signs_dataset\test\B-26\2019_0814_154857_003 1074_1.jpg,2019_0814_154857_003 1074_1.jpg,B-26,test_original,.jpg,4503,True,83,84,3,RGB,190.90472412109372,207.8885955810547,58.28634262084961,0.0002868617326448,0.3023522662076879,0a00ccc5d461bfabdce47f269473ea9522b6ca578964a7632d698727fb1529cc,test_final,B-26,B-41,1621,190.90472412109372
C:\Users\Dell\Desktop\Kacper Błachowiak - praca magisterska - klasyfikacja znaków drogowych\KB_Praca_Magisterska\data\raw\polish_traffic_signs_dataset\test\B-26\2019_0814_154857_003 1277_0.jpg,2019_0814_154857_003 1277_0.jpg,B-26,test_original,.jpg,4259,True,72,86,3,RGB,135.88719177246094,162.97030639648438,54.46629333496094,0.003391472868217,0.000484496124031,0e49a0b4aa67876fa6785c3f310b7dab4ffe5406f22a52af05a155e562c7fab7,test_final,B-26,B-25,1622,135.88719177246094
C:\Users\Dell\Desktop\Kacper Błachowiak - praca magisterska - klasyfikacja znaków drogowych\KB_Praca_Magisterska\data\raw\polish_traffic_signs_dataset\test\B-27\2019_0719_142601_003 1834_0.jpg,2019_0719_142601_003 1834_0.jpg,B-27,test_original,.jpg,2326,True,50,46,3,RGB,112.96147918701172,109.7126007080078,63.64436340332031,0.0469565217391304,0.0,a0365f6b3bc9c84a0b5d3ad9daeeff46a05322cdcd20716b71a1842341b982e4,test_final,B-27,B-34,1629,112.96147918701172
C:\Users\Dell\Desktop\Kacper Błachowiak - praca magisterska - klasyfikacja znaków drogowych\KB_Praca_Magisterska\data\raw\polish_traffic_signs_dataset\test\B-27\2019_0719_142601_003 1874_0.jpg,2019_0719_142601_003 1874_0.jpg,B-27,test_original,.jpg,2621,True,53,55,3,RGB,147.67010498046875,127.71359252929688,70.23358917236328,0.006861063464837,0.0401372212692967,fde2b3ef321814df8b896e33dc07b4ad9f800888e606fae0534b2d7735541a29,test_final,B-27,D-1,1631,147.67010498046875
C:\Users\Dell\Desktop\Kacper Błachowiak - praca magisterska - klasyfikacja znaków drogowych\KB_Praca_Magisterska\data\raw\polish_traffic_signs_dataset\test\B-27\2019_0726_185626_003 467_0.jpg,2019_0726_185626_003 467_0.jpg,B-27,test_original,.jpg,2141,True,41,43,3,RGB,139.21942138671875,132.93179321289062,87.43440246582031,0.0771412365286443,0.0964265456608054,d504156340e9c8d8ff92dc96b098e13a8f486810a9cb7c103ca8693889856336,test_final,B-27,B-34,1632,139.21942138671875
C:\Users\Dell\Desktop\Kacper Błachowiak - praca magisterska - klasyfikacja znaków drogowych\KB_Praca_Magisterska\data\raw\polish_traffic_signs_dataset\test\B-27\2019_0811_183255_004 0595_0.jpg,2019_0811_183255_004 0595_0.jpg,B-27,test_original,.jpg,4341,True,86,102,3,RGB,123.01171112060548,141.67459106445312,53.533878326416016,0.0,0.0,fd2acfde6e5b3ca1289e83a1b2c5160182ec78620c7059dc65b24442c80ecf18,test_final,B-27,B-42,1637,123.01171112060548
C:\Users\Dell\Desktop\Kacper Błachowiak - praca magisterska - klasyfikacja znaków drogowych\KB_Praca_Magisterska\data\raw\polish_traffic_signs_dataset\test\B-27\2019_0815_090538_005 1987_0.jpg,2019_0815_090538_005 1987_0.jpg,B-27,test_original,.jpg,2080,True,47,45,3,RGB,57.02482604980469,33.10540008544922,48.17757797241211,0.3588652482269504,0.0,a9b6500ecc5cd29958843b019815985b3a3d9f2d3fc4172af224aa9b26611e13,test_final,B-27,C-6,1640,57.02482604980469
C:\Users\Dell\Desktop\Kacper Błachowiak - praca magisterska - klasyfikacja znaków drogowych\KB_Praca_Magisterska\data\raw\polish_traffic_signs_dataset\test\B-27\2019_0815_094007_006 021_0.jpg,2019_0815_094007_006 021_0.jpg,B-27,test_original,.jpg,3352,True,61,60,3,RGB,181.4656982421875,210.62008666992188,78.45569610595703,0.0306010928961748,0.4297814207650273,4caeea641fbf4439739b9bba08257f90eb0cb709f311d7f7d91443ef7be0755b,test_final,B-27,D-1,1642,181.4656982421875
C:\Users\Dell\Desktop\Kacper Błachowiak - praca magisterska - klasyfikacja znaków drogowych\KB_Praca_Magisterska\data\raw\polish_traffic_signs_dataset\test\B-27\2019_0818_131042_009 0288_0.jpg,2019_0818_131042_009 0288_0.jpg,B-27,test_original,.jpg,1833,True,44,41,3,RGB,98.45984649658205,60.61689758300781,67.00148010253906,0.0665188470066518,0.0005543237250554,edc50368f57775aad73ab88e3f2431215178d64ec45ed8e467b634610b11ba74,test_final,B-27,B-34,1645,98.45984649658205
C:\Users\Dell\Desktop\Kacper Błachowiak - praca magisterska - klasyfikacja znaków drogowych\KB_Praca_Magisterska\data\raw\polish_traffic_signs_dataset\test\B-27\2019_0818_131042_009 1159_0.jpg,2019_0818_131042_009 1159_0.jpg,B-27,test_original,.jpg,6956,True,106,98,3,RGB,134.5444793701172,166.37020874023438,68.22217559814453,0.0297458606083943,0.024932614555256,7c51156b6be2d034e370194c6274bced65cc8fbe6abb0e1e3928a597e4af9cc5,test_final,B-27,B-34,1647,134.5444793701172
C:\Users\Dell\Desktop\Kacper Błachowiak - praca magisterska - klasyfikacja znaków drogowych\KB_Praca_Magisterska\data\raw\polish_traffic_signs_dataset\test\B-27\2019_0901_165821_014 1494_0.jpg,2019_0901_165821_014 1494_0.jpg,B-27,test_original,.jpg,3302,True,70,73,3,RGB,120.53397369384766,108.9238052368164,60.56157684326172,0.010958904109589,0.0,f0d002fe35ba98cedd1bd515ed9bc3d6972ab7a3124b2e183a9bd2452f03c71d,test_final,B-27,B-34,1650,120.53397369384766
C:\Users\Dell\Desktop\Kacper Błachowiak - praca magisterska - klasyfikacja znaków drogowych\KB_Praca_Magisterska\data\raw\polish_traffic_signs_dataset\test\B-27\2019_0905_182313_001 1075_0.jpg,2019_0905_182313_001 1075_0.jpg,B-27,test_original,.jpg,4287,True,83,86,3,RGB,198.92642211914065,212.4263916015625,57.76716613769531,0.0142897170075651,0.1032502101428971,17cbbe7c0da3ea96623965e7ad13b024423e8be4a79862726693239bd90b5571,test_final,B-27,B-42,1653,198.92642211914065
C:\Users\Dell\Desktop\Kacper Błachowiak - praca magisterska - klasyfikacja znaków drogowych\KB_Praca_Magisterska\data\raw\polish_traffic_signs_dataset\test\B-27\2019_0905_182313_001 1214_0.jpg,2019_0905_182313_001 1214_0.jpg,B-27,test_original,.jpg,2479,True,63,63,3,RGB,211.3822479248047,224.5026092529297,47.58557891845703,0.00100781053162,0.1740992693373645,fc0244b8b8b02faae1ebaf4e5ba4ec4d80427b713c63293c3cd3d30aca46cae2,test_final,B-27,B-42,1654,211.3822479248047
C:\Users\Dell\Desktop\Kacper Błachowiak - praca magisterska - klasyfikacja znaków drogowych\KB_Praca_Magisterska\data\raw\polish_traffic_signs_dataset\test\B-27\2019_0905_182313_001 1256_0.jpg,2019_0905_182313_001 1256_0.jpg,B-27,test_original,.jpg,3390,True,75,70,3,RGB,200.50433349609372,230.0,60.6657600402832,0.0182857142857142,0.0283809523809523,4aea14dd7ef64190394e1679db816e462b64e1e1580c5e446118f130fba75ab6,test_final,B-27,B-42,1655,200.50433349609372
C:\Users\Dell\Desktop\Kacper Błachowiak - praca magisterska - klasyfikacja znaków drogowych\KB_Praca_Magisterska\data\raw\polish_traffic_signs_dataset\test\B-33\2019_0719_142601_003 0099_0.jpg,2019_0719_142601_003 0099_0.jpg,B-33,test_original,.jpg,1218,True,24,26,3,RGB,144.80503845214844,163.83999633789062,63.66548156738281,0.0128205128205128,0.0240384615384615,45a38d94f85ef4d00fb0f95a50e82277909b869e5253b0c11437522d85df07bf,test_final,B-33,B-9,1661,144.80503845214844
C:\Users\Dell\Desktop\Kacper Błachowiak - praca magisterska - klasyfikacja znaków drogowych\KB_Praca_Magisterska\data\raw\polish_traffic_signs_dataset\test\B-33\2019_0719_142601_003 0100_1.jpg,2019_0719_142601_003 0100_1.jpg,B-33,test_original,.jpg,2775,True,55,55,3,RGB,160.0127716064453,178.36619567871094,63.48754501342773,0.0003305785123966,0.152396694214876,1d0714b8a76f20437aaf905753bbe5af397035e937f6a4999ced9c55f8b10798,test_final,B-33,B-18,1663,160.0127716064453
C:\Users\Dell\Desktop\Kacper Błachowiak - praca magisterska - klasyfikacja znaków drogowych\KB_Praca_Magisterska\data\raw\polish_traffic_signs_dataset\test\B-33\2019_0719_142601_003 0144_0.jpg,2019_0719_142601_003 0144_0.jpg,B-33,test_original,.jpg,3589,True,54,89,3,RGB,129.68760681152344,134.94940185546875,66.90309143066406,0.0299625468164794,0.0027049521431543,a34440172c3d8010e0269b06ee7656491b3e4a4fed54fea09029b33718b167e2,test_final,B-33,B-18,1674,129.68760681152344
C:\Users\Dell\Desktop\Kacper Błachowiak - praca magisterska - klasyfikacja znaków drogowych\KB_Praca_Magisterska\data\raw\polish_traffic_signs_dataset\test\B-33\2019_0719_142601_003 0157_0.jpg,2019_0719_142601_003 0157_0.jpg,B-33,test_original,.jpg,1033,True,20,19,3,RGB,87.56118774414062,80.27499389648438,46.5999641418457,0.0447368421052631,0.0,a0e374608286be1c8404ff05d101b83b95fc67b258c8e7eda4c2d770ea4e41bc,test_final,B-33,B-22,1676,87.56118774414062
C:\Users\Dell\Desktop\Kacper Błachowiak - praca magisterska - klasyfikacja znaków drogowych\KB_Praca_Magisterska\data\raw\polish_traffic_signs_dataset\test\B-33\2019_0719_142601_003 0183_0.jpg,2019_0719_142601_003 0183_0.jpg,B-33,test_original,.jpg,1414,True,27,28,3,RGB,129.5827178955078,147.5644073486328,62.979862213134766,0.0171957671957671,0.0013227513227513,8e522e63d2751d66c7911361e9cbe8aab452b87196384500b82db99f6dd94935,test_final,B-33,B-43,1678,129.5827178955078
C:\Users\Dell\Desktop\Kacper Błachowiak - praca magisterska - klasyfikacja znaków drogowych\KB_Praca_Magisterska\data\raw\polish_traffic_signs_dataset\test\B-33\2019_0719_142601_003 0194_1.jpg,2019_0719_142601_003 0194_1.jpg,B-33,test_original,.jpg,1473,True,31,29,3,RGB,146.57310485839844,163.49740600585938,75.44308471679688,0.0444938820912124,0.1479421579532814,c0b393179623346b57a5faaceb55c7a6b745feb14fbb69eb4fbaa19746d38c1e,test_final,B-33,B-43,1682,146.57310485839844
C:\Users\Dell\Desktop\Kacper Błachowiak - praca magisterska - klasyfikacja znaków drogowych\KB_Praca_Magisterska\data\raw\polish_traffic_signs_dataset\test\B-33\2019_0719_142601_003 0225_0.jpg,2019_0719_142601_003 0225_0.jpg,B-33,test_original,.jpg,1193,True,20,27,3,RGB,115.20915985107422,99.86669921875,54.12955856323242,0.0314814814814814,0.0018518518518518,5f9c26ec750e1bbca3431c5080fedbe42fce7ba578b730708d68f82b7bcb8d67,test_final,B-33,B-18,1685,115.20915985107422
C:\Users\Dell\Desktop\Kacper Błachowiak - praca magisterska - klasyfikacja znaków drogowych\KB_Praca_Magisterska\data\raw\polish_traffic_signs_dataset\test\B-33\2019_0719_142601_003 0225_1.jpg,2019_0719_142601_003 0225_1.jpg,B-33,test_original,.jpg,1492,True,30,31,3,RGB,152.8144989013672,175.0,77.32183074951172,0.043010752688172,0.1516129032258064,6d7714e1321af708b07c97b3c30efb4c67fbbd6a38e6de588fa89c6550c6ca69,test_final,B-33,B-43,1686,152.8144989013672
C:\Users\Dell\Desktop\Kacper Błachowiak - praca magisterska - klasyfikacja znaków drogowych\KB_Praca_Magisterska\data\raw\polish_traffic_signs_dataset\test\B-33\2019_0719_142601_003 0226_0.jpg,2019_0719_142601_003 0226_0.jpg,B-33,test_original,.jpg,3520,True,67,63,3,RGB,162.66964721679688,181.6417999267578,67.5416030883789,0.0016583747927031,0.2110874200426439,e26e7bed2e20bd2aac4fcc57efa29a11c13cad48328cf75e4f06600321406e83,test_final,B-33,B-9,1687,162.66964721679688
C:\Users\Dell\Desktop\Kacper Błachowiak - praca magisterska - klasyfikacja znaków drogowych\KB_Praca_Magisterska\data\raw\polish_traffic_signs_dataset\test\B-33\2019_0719_142601_003 0226_1.jpg,2019_0719_142601_003 0226_1.jpg,B-33,test_original,.jpg,2301,True,47,48,3,RGB,152.12200927734375,164.88909912109375,68.28164672851562,0.0350177304964539,0.0199468085106383,4952d576ce6785d41edefdc4bfc25cc45de74fd36d9446c14d8217748a978e09,test_final,B-33,B-18,1688,152.12200927734375
C:\Users\Dell\Desktop\Kacper Błachowiak - praca magisterska - klasyfikacja znaków drogowych\KB_Praca_Magisterska\data\raw\polish_traffic_signs_dataset\test\B-33\2019_0719_142601_003 0370_0.jpg,2019_0719_142601_003 0370_0.jpg,B-33,test_original,.jpg,1633,True,35,34,3,RGB,126.25691986083984,132.4936065673828,63.77807235717773,0.0285714285714285,0.0008403361344537,51c3e3e3c2a649b2cfbaab22de99a114b9205edf9c02216cb2efa43c8d7032b4,test_final,B-33,B-43,1694,126.25691986083984
C:\Users\Dell\Desktop\Kacper Błachowiak - praca magisterska - klasyfikacja znaków drogowych\KB_Praca_Magisterska\data\raw\polish_traffic_signs_dataset\test\B-33\2019_0719_142601_003 0665_0.jpg,2019_0719_142601_003 0665_0.jpg,B-33,test_original,.jpg,2620,True,52,52,3,RGB,185.2000274658203,208.89129638671875,74.0655517578125,0.0118343195266272,0.3520710059171598,a29aef93ed28ee75809cf737e9a46a803a3ba05aa7f7cc9e4ad47cd83132de64,test_final,B-33,B-43,1700,185.2000274658203
C:\Users\Dell\Desktop\Kacper Błachowiak - praca magisterska - klasyfikacja znaków drogowych\KB_Praca_Magisterska\data\raw\polish_traffic_signs_dataset\test\B-33\2019_0719_142601_003 0673_0.jpg,2019_0719_142601_003 0673_0.jpg,B-33,test_original,.jpg,1308,True,26,25,3,RGB,163.75030517578125,190.78619384765625,81.05442810058594,0.0553846153846153,0.1769230769230769,72b778717cc3feea3a2e990f6f64f8caa466eb846e1ca1615d1df5d16d185a12,test_final,B-33,B-43,1702,163.75030517578125
C:\Users\Dell\Desktop\Kacper Błachowiak - praca magisterska - klasyfikacja znaków drogowych\KB_Praca_Magisterska\data\raw\polish_traffic_signs_dataset\test\B-33\2019_0719_142601_003 0674_0.jpg,2019_0719_142601_003 0674_0.jpg,B-33,test_original,.jpg,2214,True,52,41,3,RGB,175.7729949951172,198.47250366210935,79.55268859863281,0.0276735459662288,0.3447467166979362,05b8f6dd33d9caa4df4b75e9cbbcb0827f180bb903c07cf1298d1c3ec7155456,test_final,B-33,B-43,1703,175.7729949951172
C:\Users\Dell\Desktop\Kacper Błachowiak - praca magisterska - klasyfikacja znaków drogowych\KB_Praca_Magisterska\data\raw\polish_traffic_signs_dataset\test\B-33\2019_0719_142601_003 0956_1.jpg,2019_0719_142601_003 0956_1.jpg,B-33,test_original,.jpg,1314,True,28,30,3,RGB,136.32223510742188,138.52059936523438,56.75032043457031,0.0345238095238095,0.0071428571428571,24730eba468066d086139bd768c006dbf1b79d8dd17572b1b32d0cb4e75d056b,test_final,B-33,B-18,1706,136.32223510742188
C:\Users\Dell\Desktop\Kacper Błachowiak - praca magisterska - klasyfikacja znaków drogowych\KB_Praca_Magisterska\data\raw\polish_traffic_signs_dataset\test\B-33\2019_0719_142601_003 0957_0.jpg,2019_0719_142601_003 0957_0.jpg,B-33,test_original,.jpg,3447,True,60,71,3,RGB,132.12411499023438,145.5115966796875,58.72410202026367,0.0438967136150234,0.0,1224db1d3e64382889221b1fc10098dd885034b1c9c03f9e1707ba292484e691,test_final,B-33,B-18,1707,132.12411499023438
C:\Users\Dell\Desktop\Kacper Błachowiak - praca magisterska - klasyfikacja znaków drogowych\KB_Praca_Magisterska\data\raw\polish_traffic_signs_dataset\test\B-33\2019_0719_142601_003 0957_1.jpg,2019_0719_142601_003 0957_1.jpg,B-33,test_original,.jpg,3498,True,64,69,3,RGB,165.84332275390625,189.8365936279297,64.0219955444336,0.0242300724637681,0.0536684782608695,dd786a8b523ce22020cc018432bd1d499b186999c775b7fcecbab6a06f733014,test_final,B-33,B-18,1708,165.84332275390625
C:\Users\Dell\Desktop\Kacper Błachowiak - praca magisterska - klasyfikacja znaków drogowych\KB_Praca_Magisterska\data\raw\polish_traffic_signs_dataset\test\B-33\2019_0719_142601_003 1012_0.jpg,2019_0719_142601_003 1012_0.jpg,B-33,test_original,.jpg,1484,True,31,29,3,RGB,161.03604125976562,201.0774078369141,76.02058410644531,0.0589543937708565,0.0355951056729699,6c4c2f1046d9c2505ac316f27213aa100b335859fc9887a8d43c435da258d313,test_final,B-33,B-43,1709,161.03604125976562
C:\Users\Dell\Desktop\Kacper Błachowiak - praca magisterska - klasyfikacja znaków drogowych\KB_Praca_Magisterska\data\raw\polish_traffic_signs_dataset\test\B-33\2019_0719_142601_003 1013_0.jpg,2019_0719_142601_003 1013_0.jpg,B-33,test_original,.jpg,3414,True,63,60,3,RGB,152.51976013183594,187.40089416503903,70.35926055908203,0.0251322751322751,0.0076719576719576,018537da4be853df0e851d1e727c9c0fcfe6792789318e34f6ff2a7215485429,test_final,B-33,B-18,1710,152.51976013183594
C:\Users\Dell\Desktop\Kacper Błachowiak - praca magisterska - klasyfikacja znaków drogowych\KB_Praca_Magisterska\data\raw\polish_traffic_signs_dataset\test\B-33\2019_0719_142601_003 1100_0.jpg,2019_0719_142601_003 1100_0.jpg,B-33,test_original,.jpg,1210,True,24,25,3,RGB,167.57025146484375,204.343994140625,78.33677673339844,0.0533333333333333,0.1066666666666666,09761dd1096b73175d1bdc080d1843f054a61d85449ddde5badfdeffc2084cb7,test_final,B-33,B-43,1712,167.57025146484375
C:\Users\Dell\Desktop\Kacper Błachowiak - praca magisterska - klasyfikacja znaków drogowych\KB_Praca_Magisterska\data\raw\polish_traffic_signs_dataset\test\B-33\2019_0719_142601_003 1160_0.jpg,2019_0719_142601_003 1160_0.jpg,B-33,test_original,.jpg,1742,True,33,37,3,RGB,177.3497314453125,219.12359619140625,78.94267272949219,0.0524160524160524,0.1195741195741195,971c06f360ae06651bc62319c5bcfb610d5b842dacbb54209cf45da02edc6397,test_final,B-33,B-43,1714,177.3497314453125
C:\Users\Dell\Desktop\Kacper Błachowiak - praca magisterska - klasyfikacja znaków drogowych\KB_Praca_Magisterska\data\raw\polish_traffic_signs_dataset\test\B-33\2019_0719_142601_003 1161_0.jpg,2019_0719_142601_003 1161_0.jpg,B-33,test_original,.jpg,7698,True,98,108,3,RGB,117.9695053100586,84.84719848632812,68.46632385253906,0.0168178382464096,0.0028344671201814,7ce89d86f159a5c7d04c8162e83babc14b589bd7a385f804f08742d14d6a153f,test_final,B-33,B-9,1715,117.9695053100586
C:\Users\Dell\Desktop\Kacper Błachowiak - praca magisterska - klasyfikacja znaków drogowych\KB_Praca_Magisterska\data\raw\polish_traffic_signs_dataset\test\B-33\2019_0719_142601_003 1300_0.jpg,2019_0719_142601_003 1300_0.jpg,B-33,test_original,.jpg,1147,True,23,21,3,RGB,154.4072265625,168.69439697265625,75.98810577392578,0.0269151138716356,0.0869565217391304,0d036b654ce3279c1e112c767e33e3cd534433ee6046dcc60364ed461c201933,test_final,B-33,B-9,1718,154.4072265625
C:\Users\Dell\Desktop\Kacper Błachowiak - praca magisterska - klasyfikacja znaków drogowych\KB_Praca_Magisterska\data\raw\polish_traffic_signs_dataset\test\B-33\2019_0719_142601_003 1316_0.jpg,2019_0719_142601_003 1316_0.jpg,B-33,test_original,.jpg,1171,True,24,23,3,RGB,149.79425048828125,151.7331085205078,76.18534851074219,0.0235507246376811,0.1123188405797101,41bf58beaf94d045132122532c55d6fb283b53c87f13de1c5c7c9e1d4857586e,test_final,B-33,B-18,1721,149.79425048828125
C:\Users\Dell\Desktop\Kacper Błachowiak - praca magisterska - klasyfikacja znaków drogowych\KB_Praca_Magisterska\data\raw\polish_traffic_signs_dataset\test\B-33\2019_0719_142601_003 1318_0.jpg,2019_0719_142601_003 1318_0.jpg,B-33,test_original,.jpg,3590,True,70,60,3,RGB,156.17330932617188,187.8235015869141,73.09028625488281,0.019047619047619,0.04,a5fb99496190eaf4c6d6cab5a56bc3810ecd98971c6a890e79a704ce91b89287,test_final,B-33,B-18,1723,156.17330932617188
C:\Users\Dell\Desktop\Kacper Błachowiak - praca magisterska - klasyfikacja znaków drogowych\KB_Praca_Magisterska\data\raw\polish_traffic_signs_dataset\test\B-33\2019_0719_142601_003 1319_0.jpg,2019_0719_142601_003 1319_0.jpg,B-33,test_original,.jpg,12439,True,139,183,3,RGB,144.7041473388672,176.01840209960938,72.10830688476562,0.0188701497818138,0.0014938868577269,7c9fc6637f0a36ad35fb790a619fa0c6bec2be6702f930008be080aeaf531a4f,test_final,B-33,B-18,1724,144.7041473388672
C:\Users\Dell\Desktop\Kacper Błachowiak - praca magisterska - klasyfikacja znaków drogowych\KB_Praca_Magisterska\data\raw\polish_traffic_signs_dataset\test\B-33\2019_0719_142601_003 1330_0.jpg,2019_0719_142601_003 1330_0.jpg,B-33,test_original,.jpg,1005,True,21,17,3,RGB,105.4341049194336,66.78060150146484,72.4181137084961,0.0028011204481792,0.0308123249299719,1ecca3ea8014daeac80751899c6f515bec2ac65e45bf528eac69485c0030966b,test_final,B-33,B-9,1725,105.4341049194336
C:\Users\Dell\Desktop\Kacper Błachowiak - praca magisterska - klasyfikacja znaków drogowych\KB_Praca_Magisterska\data\raw\polish_traffic_signs_dataset\test\B-33\2019_0719_142601_003 1331_0.jpg,2019_0719_142601_003 1331_0.jpg,B-33,test_original,.jpg,1206,True,24,26,3,RGB,111.3015594482422,73.19100189208984,76.79460906982422,0.0192307692307692,0.0448717948717948,2fb7eed029e941c37f8f9675f0f7b83f8dc861937d5207f15538a8fdb62d2b1f,test_final,B-33,B-18,1726,111.3015594482422
C:\Users\Dell\Desktop\Kacper Błachowiak - praca magisterska - klasyfikacja znaków drogowych\KB_Praca_Magisterska\data\raw\polish_traffic_signs_dataset\test\B-33\2019_0719_142601_003 1332_0.jpg,2019_0719_142601_003 1332_0.jpg,B-33,test_original,.jpg,2045,True,39,42,3,RGB,112.54230499267578,74.42639923095703,82.80650329589844,0.0604395604395604,0.0763125763125763,eaeb5cd08cf0ce4f49edbcc72f3a8304344c2c6ae925ce30774d706b7509e8ed,test_final,B-33,B-18,1727,112.54230499267578
C:\Users\Dell\Desktop\Kacper Błachowiak - praca magisterska - klasyfikacja znaków drogowych\KB_Praca_Magisterska\data\raw\polish_traffic_signs_dataset\test\B-33\2019_0719_142601_003 1333_0.jpg,2019_0719_142601_003 1333_0.jpg,B-33,test_original,.jpg,7519,True,100,104,3,RGB,115.9094009399414,68.32980346679688,82.98710632324219,0.0524038461538461,0.0296153846153846,5563831e76e9b8f98edc922696ad858830aabb210a8c5a1f54ed61d4aa6ccc52,test_final,B-33,B-18,1728,115.9094009399414
C:\Users\Dell\Desktop\Kacper Błachowiak - praca magisterska - klasyfikacja znaków drogowych\KB_Praca_Magisterska\data\raw\polish_traffic_signs_dataset\test\B-33\2019_0719_142601_003 1440_0.jpg,2019_0719_142601_003 1440_0.jpg,B-33,test_original,.jpg,1759,True,41,32,3,RGB,124.8572998046875,116.61099243164062,77.54181671142578,0.0670731707317073,0.0198170731707317,bfde60789ecfda4f91c0b983c6cd4fc0d87f998fa7b473b11ca0363bc6298d7d,test_final,B-33,B-18,1729,124.8572998046875
C:\Users\Dell\Desktop\Kacper Błachowiak - praca magisterska - klasyfikacja znaków drogowych\KB_Praca_Magisterska\data\raw\polish_traffic_signs_dataset\test\B-33\2019_0719_142601_003 1441_0.jpg,2019_0719_142601_003 1441_0.jpg,B-33,test_original,.jpg,8089,True,111,119,3,RGB,91.74449157714844,55.06480026245117,67.46985626220703,0.0898629722159134,0.0121129532894238,d0194aa12fcf0c336405187cc852a190be13df7dbcf104ca274cc3c52591b86f,test_final,B-33,B-18,1730,91.74449157714844
C:\Users\Dell\Desktop\Kacper Błachowiak - praca magisterska - klasyfikacja znaków drogowych\KB_Praca_Magisterska\data\raw\polish_traffic_signs_dataset\test\B-33\2019_0719_142601_003 1498_0.jpg,2019_0719_142601_003 1498_0.jpg,B-33,test_original,.jpg,3847,True,71,67,3,RGB,156.21517944335938,173.1132049560547,83.12317657470703,0.0664284212739121,0.1334874921168803,d08369049c3c77781e9431735ddda0e36baf5cf45295245f12656fe5b8fa2c48,test_final,B-33,B-43,1733,156.21517944335938
C:\Users\Dell\Desktop\Kacper Błachowiak - praca magisterska - klasyfikacja znaków drogowych\KB_Praca_Magisterska\data\raw\polish_traffic_signs_dataset\test\B-33\2019_0719_142601_003 1603_0.jpg,2019_0719_142601_003 1603_0.jpg,B-33,test_original,.jpg,1446,True,29,31,3,RGB,176.35369873046875,208.9318084716797,69.03746032714844,0.0155728587319243,0.0589543937708565,63235db8ff796afcfd026c77c20d5f0d2c2d7f60f99f9ba61e7343f3e53204e4,test_final,B-33,B-43,1734,176.35369873046875
C:\Users\Dell\Desktop\Kacper Błachowiak - praca magisterska - klasyfikacja znaków drogowych\KB_Praca_Magisterska\data\raw\polish_traffic_signs_dataset\test\B-33\2019_0719_142601_003 1604_0.jpg,2019_0719_142601_003 1604_0.jpg,B-33,test_original,.jpg,3782,True,63,73,3,RGB,175.17237854003906,209.3726043701172,66.344482421875,0.0041313328984561,0.0241356816699282,242186667d255c40b24cfc1b8904dfeacf31f84192246065076667e7ed0f9327,test_final,B-33,B-18,1735,175.17237854003906
C:\Users\Dell\Desktop\Kacper Błachowiak - praca magisterska - klasyfikacja znaków drogowych\KB_Praca_Magisterska\data\raw\polish_traffic_signs_dataset\test\B-33\2019_0719_142601_003 1670_0.jpg,2019_0719_142601_003 1670_0.jpg,B-33,test_original,.jpg,1435,True,35,26,3,RGB,158.61825561523438,182.851806640625,71.57173156738281,0.0417582417582417,0.0307692307692307,c46c1621f6bb08bf9eb5c94d32ad3374ae6aede9574120bf3fe2dcb041c918df,test_final,B-33,B-43,1736,158.61825561523438
C:\Users\Dell\Desktop\Kacper Błachowiak - praca magisterska - klasyfikacja znaków drogowych\KB_Praca_Magisterska\data\raw\polish_traffic_signs_dataset\test\B-33\2019_0719_142601_003 1734_0.jpg,2019_0719_142601_003 1734_0.jpg,B-33,test_original,.jpg,1482,True,29,33,3,RGB,108.09508514404295,85.0999984741211,67.56564331054688,0.0344827586206896,0.0041797283176593,1dd56e41f5f33b4d0f6e5408ce06e984d46c64624891621a9d9f83ad3b1b62e9,test_final,B-33,B-6-B-8-B-9,1738,108.09508514404295
C:\Users\Dell\Desktop\Kacper Błachowiak - praca magisterska - klasyfikacja znaków drogowych\KB_Praca_Magisterska\data\raw\polish_traffic_signs_dataset\test\B-33\2019_0719_142601_003 1752_0.jpg,2019_0719_142601_003 1752_0.jpg,B-33,test_original,.jpg,995,True,21,17,3,RGB,113.3334732055664,81.1300048828125,72.52091217041016,0.0,0.0448179271708683,fd9a9281639c1ed1a0fa198e74ea7ea22b999c5049bc59c6e317448409701d04,test_final,B-33,B-18,1740,113.3334732055664
C:\Users\Dell\Desktop\Kacper Błachowiak - praca magisterska - klasyfikacja znaków drogowych\KB_Praca_Magisterska\data\raw\polish_traffic_signs_dataset\test\B-33\2019_0719_142601_003 1755_0.jpg,2019_0719_142601_003 1755_0.jpg,B-33,test_original,.jpg,3139,True,52,56,3,RGB,131.33396911621094,101.39299774169922,77.90200805664062,0.0463598901098901,0.0834478021978021,b7a677c6d58ef1ac3e2f74e8bf86a875cab6c976952551233728144b0919e3e6,test_final,B-33,B-18,1741,131.33396911621094
C:\Users\Dell\Desktop\Kacper Błachowiak - praca magisterska - klasyfikacja znaków drogowych\KB_Praca_Magisterska\data\raw\polish_traffic_signs_dataset\test\B-33\2019_0719_142601_003 1756_0.jpg,2019_0719_142601_003 1756_0.jpg,B-33,test_original,.jpg,10106,True,131,137,3,RGB,177.0477752685547,224.9856109619141,71.36752319335938,0.0019501866607232,0.2148548503928233,d024282a4b33e338d736ca97ef323c4d2610e7277fad6b8c5accb4761fd7276d,test_final,B-33,B-18,1742,177.0477752685547
C:\Users\Dell\Desktop\Kacper Błachowiak - praca magisterska - klasyfikacja znaków drogowych\KB_Praca_Magisterska\data\raw\polish_traffic_signs_dataset\test\B-33\2019_0719_142601_003 1760_0.jpg,2019_0719_142601_003 1760_0.jpg,B-33,test_original,.jpg,1956,True,38,34,3,RGB,151.1999053955078,140.77859497070312,80.88088989257812,0.0441176470588235,0.1687306501547987,f34ca066722ed4ba6a5240261d759c29e1312689ea99f3f7f63664368da063d1,test_final,B-33,B-18,1743,151.1999053955078
C:\Users\Dell\Desktop\Kacper Błachowiak - praca magisterska - klasyfikacja znaków drogowych\KB_Praca_Magisterska\data\raw\polish_traffic_signs_dataset\test\B-33\2019_0719_142601_003 1761_0.jpg,2019_0719_142601_003 1761_0.jpg,B-33,test_original,.jpg,5237,True,73,77,3,RGB,151.15432739257812,128.8018035888672,76.15679931640625,0.0135207258494929,0.1035402953211172,17bcaa033aadbed05b5ee95a9f007f4986c560b00a58cd036c57198da32813a6,test_final,B-33,B-9,1744,151.15432739257812
C:\Users\Dell\Desktop\Kacper Błachowiak - praca magisterska - klasyfikacja znaków drogowych\KB_Praca_Magisterska\data\raw\polish_traffic_signs_dataset\test\B-33\2019_0719_142601_003 1766_0.jpg,2019_0719_142601_003 1766_0.jpg,B-33,test_original,.jpg,1065,True,21,19,3,RGB,118.33406066894533,82.11439514160156,73.96172332763672,0.0025062656641604,0.0526315789473684,951ff1ea997d0b8b02251428bd1ab8ae21b70db1a58c8aaa4a269c8134cad14f,test_final,B-33,B-18,1745,118.33406066894533
C:\Users\Dell\Desktop\Kacper Błachowiak - praca magisterska - klasyfikacja znaków drogowych\KB_Praca_Magisterska\data\raw\polish_traffic_signs_dataset\test\B-33\2019_0719_142601_003 1768_0.jpg,2019_0719_142601_003 1768_0.jpg,B-33,test_original,.jpg,2719,True,50,50,3,RGB,108.7344970703125,75.07240295410156,75.23997497558594,0.0408,0.0308,8362041b7ba0725a641a4b5537ab3b176731e4fe439ce8403679980495d4b283,test_final,B-33,B-18,1746,108.7344970703125
C:\Users\Dell\Desktop\Kacper Błachowiak - praca magisterska - klasyfikacja znaków drogowych\KB_Praca_Magisterska\data\raw\polish_traffic_signs_dataset\test\B-33\2019_0719_142601_003 1798_0.jpg,2019_0719_142601_003 1798_0.jpg,B-33,test_original,.jpg,1890,True,34,34,3,RGB,177.36358642578125,224.0727996826172,81.8194580078125,0.046712802768166,0.1920415224913494,15ff6eaaffe79eac73781a67481755af8130f17d0cf74723d42514637a67e946,test_final,B-33,B-43,1748,177.36358642578125
C:\Users\Dell\Desktop\Kacper Błachowiak - praca magisterska - klasyfikacja znaków drogowych\KB_Praca_Magisterska\data\raw\polish_traffic_signs_dataset\test\B-33\2019_0719_142601_003 1799_0.jpg,2019_0719_142601_003 1799_0.jpg,B-33,test_original,.jpg,3204,True,55,61,3,RGB,172.71493530273438,220.83999633789065,82.27664947509766,0.0390461997019374,0.2375558867362146,731700ff4baaa2fe80e755b9fd0f2e1c3d13705fe72ea831cfa51feefcceb602,test_final,B-33,B-18,1749,172.71493530273438
C:\Users\Dell\Desktop\Kacper Błachowiak - praca magisterska - klasyfikacja znaków drogowych\KB_Praca_Magisterska\data\raw\polish_traffic_signs_dataset\test\B-33\2019_0719_142601_003 1966_0.jpg,2019_0719_142601_003 1966_0.jpg,B-33,test_original,.jpg,3505,True,59,63,3,RGB,115.6424331665039,77.26819610595703,76.56065368652344,0.0519235942964756,0.0274414850686037,613d9c0241344e9ae0d284899fae173cbcbb91808c92196a38cdfa8d3aecd6b2,test_final,B-33,B-18,1753,115.6424331665039
C:\Users\Dell\Desktop\Kacper Błachowiak - praca magisterska - klasyfikacja znaków drogowych\KB_Praca_Magisterska\data\raw\polish_traffic_signs_dataset\test\B-33\2019_0719_150032_004 0284_0.jpg,2019_0719_150032_004 0284_0.jpg,B-33,test_original,.jpg,2766,True,63,49,3,RGB,164.95225524902344,174.041015625,78.02112579345703,0.0197602850664075,0.264658244250081,c771ca3da36d9761c1ccc8fcdbd165609ccb087b136de655bee3b431d1284320,test_final,B-33,B-43,1760,164.95225524902344
C:\Users\Dell\Desktop\Kacper Błachowiak - praca magisterska - klasyfikacja znaków drogowych\KB_Praca_Magisterska\data\raw\polish_traffic_signs_dataset\test\B-33\2019_0719_150032_004 0286_0.jpg,2019_0719_150032_004 0286_0.jpg,B-33,test_original,.jpg,6103,True,104,108,3,RGB,170.24693298339844,165.4993896484375,78.42369842529297,0.0121082621082621,0.3874643874643874,4e4e69a901dd315772fbf06ae65cc041455b65e015c46a0faa7e4ab423392ad8,test_final,B-33,B-43,1762,170.24693298339844
C:\Users\Dell\Desktop\Kacper Błachowiak - praca magisterska - klasyfikacja znaków drogowych\KB_Praca_Magisterska\data\raw\polish_traffic_signs_dataset\test\B-33\2019_0719_150032_004 0451_0.jpg,2019_0719_150032_004 0451_0.jpg,B-33,test_original,.jpg,3540,True,61,59,3,RGB,164.77699279785156,185.56439208984372,75.83073425292969,0.0261183662128368,0.1103084190052792,d32c9a037a18da1f84d2d2c34605289899c89dd1ee5a47620b16d148e23eb0f5,test_final,B-33,B-18,1764,164.77699279785156
C:\Users\Dell\Desktop\Kacper Błachowiak - praca magisterska - klasyfikacja znaków drogowych\KB_Praca_Magisterska\data\raw\polish_traffic_signs_dataset\test\B-33\2019_0719_150032_004 0460_0.jpg,2019_0719_150032_004 0460_0.jpg,B-33,test_original,.jpg,3598,True,72,57,3,RGB,110.82254791259766,86.67269897460938,70.78244018554688,0.0596978557504873,0.0338693957115009,776a35d71b894c0cac6123b0b16e1f7e193f4b2094219a85dc90047bfff0a2c1,test_final,B-33,B-18,1765,110.82254791259766
C:\Users\Dell\Desktop\Kacper Błachowiak - praca magisterska - klasyfikacja znaków drogowych\KB_Praca_Magisterska\data\raw\polish_traffic_signs_dataset\test\B-33\2019_0719_150032_004 0492_0.jpg,2019_0719_150032_004 0492_0.jpg,B-33,test_original,.jpg,6867,True,100,102,3,RGB,107.71389770507812,76.84259796142578,64.380126953125,0.0305882352941176,0.0013725490196078,6656b61e0cad845bcc559d5373a4d8aec46124c2980b17a46b2d3fd4da11e6ae,test_final,B-33,B-18,1770,107.71389770507812
C:\Users\Dell\Desktop\Kacper Błachowiak - praca magisterska - klasyfikacja znaków drogowych\KB_Praca_Magisterska\data\raw\polish_traffic_signs_dataset\test\B-33\2019_0719_150032_004 1196_1.jpg,2019_0719_150032_004 1196_1.jpg,B-33,test_original,.jpg,4162,True,72,71,3,RGB,168.3946533203125,191.1876983642578,76.19120788574219,0.0050860719874804,0.2816901408450704,43b54f3bde889eec903f628ab450c68741ec0b0fb25a31dd9159855378b6ff24,test_final,B-33,B-43,1774,168.3946533203125
C:\Users\Dell\Desktop\Kacper Błachowiak - praca magisterska - klasyfikacja znaków drogowych\KB_Praca_Magisterska\data\raw\polish_traffic_signs_dataset\test\B-33\2019_0719_150032_004 1202_1.jpg,2019_0719_150032_004 1202_1.jpg,B-33,test_original,.jpg,1366,True,27,29,3,RGB,132.6762237548828,123.12359619140624,76.22991943359375,0.0549169859514687,0.0242656449553001,76b9245eeecf7a1e54eaa6c91f75f0330bf3a50ac1975c50f005e8fb77dcf1ab,test_final,B-33,B-6-B-8-B-9,1776,132.6762237548828
C:\Users\Dell\Desktop\Kacper Błachowiak - praca magisterska - klasyfikacja znaków drogowych\KB_Praca_Magisterska\data\raw\polish_traffic_signs_dataset\test\B-33\2019_0719_150032_004 1203_0.jpg,2019_0719_150032_004 1203_0.jpg,B-33,test_original,.jpg,2686,True,52,54,3,RGB,164.52154541015625,184.11029052734372,72.04085540771484,0.0359686609686609,0.0391737891737891,b738e23aaff1c8610b19da67b370e89fb6779972508202afa31a523187fd1504,test_final,B-33,B-43,1777,164.52154541015625
C:\Users\Dell\Desktop\Kacper Błachowiak - praca magisterska - klasyfikacja znaków drogowych\KB_Praca_Magisterska\data\raw\polish_traffic_signs_dataset\test\B-33\2019_0719_150032_004 1204_0.jpg,2019_0719_150032_004 1204_0.jpg,B-33,test_original,.jpg,9290,True,115,159,3,RGB,163.75454711914062,185.5984039306641,75.2841796875,0.0126333059885151,0.1881870385561936,08f162e1d2b0680664e1b4266b6f2861e8a7ac8a5e8eaa22005569e150290549,test_final,B-33,B-18,1779,163.75454711914062
C:\Users\Dell\Desktop\Kacper Błachowiak - praca magisterska - klasyfikacja znaków drogowych\KB_Praca_Magisterska\data\raw\polish_traffic_signs_dataset\test\B-33\2019_0719_150032_004 1224_0.jpg,2019_0719_150032_004 1224_0.jpg,B-33,test_original,.jpg,2073,True,39,46,3,RGB,133.026123046875,120.36940002441406,79.10928344726562,0.0529542920847268,0.0379041248606466,cbd7381dc3d04bec40b98ae1ce940ce4e552174147291f9b3e9f1c46501bd3a5,test_final,B-33,B-6-B-8-B-9,1780,133.026123046875
C:\Users\Dell\Desktop\Kacper Błachowiak - praca magisterska - klasyfikacja znaków drogowych\KB_Praca_Magisterska\data\raw\polish_traffic_signs_dataset\test\B-33\2019_0719_150032_004 1225_0.jpg,2019_0719_150032_004 1225_0.jpg,B-33,test_original,.jpg,6036,True,96,96,3,RGB,137.94842529296875,139.51339721679688,77.46240234375,0.0234375,0.1187065972222222,bc640a2a98088cfa01fe9a1552f80deab3c596f953e648bc76cd0f6f79408484,test_final,B-33,B-9,1781,137.94842529296875
C:\Users\Dell\Desktop\Kacper Błachowiak - praca magisterska - klasyfikacja znaków drogowych\KB_Praca_Magisterska\data\raw\polish_traffic_signs_dataset\test\B-33\2019_0719_150032_004 1422_0.jpg,2019_0719_150032_004 1422_0.jpg,B-33,test_original,.jpg,2872,True,53,51,3,RGB,142.3863983154297,149.59739685058594,67.82301330566406,0.0473547909729929,0.0436551979282279,ce1213cd0e64c615d4d2159b1c4a89880eb6b8cc2e34bb247d7d0f1e4dc1cf7d,test_final,B-33,B-18,1784,142.3863983154297
C:\Users\Dell\Desktop\Kacper Błachowiak - praca magisterska - klasyfikacja znaków drogowych\KB_Praca_Magisterska\data\raw\polish_traffic_signs_dataset\test\B-33\2019_0719_150032_004 1628_0.jpg,2019_0719_150032_004 1628_0.jpg,B-33,test_original,.jpg,2394,True,47,57,3,RGB,138.95803833007812,153.14439392089844,69.39546203613281,0.0339678984695782,0.0,283894a740646cc4f0f8b29e6e7d32fbbc9e08b882c6c079602b0e9413941c69,test_final,B-33,B-43,1786,138.95803833007812
C:\Users\Dell\Desktop\Kacper Błachowiak - praca magisterska - klasyfikacja znaków drogowych\KB_Praca_Magisterska\data\raw\polish_traffic_signs_dataset\test\B-33\2019_0721_181936_005 479_0.jpg,2019_0721_181936_005 479_0.jpg,B-33,test_original,.jpg,3459,True,70,62,3,RGB,96.69924926757812,71.23780059814453,73.05899810791016,0.1163594470046082,0.0085253456221198,04ce3f4230c0bb2e70aa8277b3647fbb2e0c85836de23429a5e03aee8f171b6f,test_final,B-33,B-43,1806,96.69924926757812
C:\Users\Dell\Desktop\Kacper Błachowiak - praca magisterska - klasyfikacja znaków drogowych\KB_Praca_Magisterska\data\raw\polish_traffic_signs_dataset\test\B-33\2019_0721_181936_005 522_0.jpg,2019_0721_181936_005 522_0.jpg,B-33,test_original,.jpg,1664,True,41,55,3,RGB,25.95454788208008,22.7781982421875,16.414047241210938,0.4048780487804878,0.0,cb883713b7e5ab11fd747e4046660cc4a2276f5e1085bb8c37b42e472e7760e8,test_final,B-33,A-16,1809,25.95454788208008
C:\Users\Dell\Desktop\Kacper Błachowiak - praca magisterska - klasyfikacja znaków drogowych\KB_Praca_Magisterska\data\raw\polish_traffic_signs_dataset\test\B-33\2019_0721_181936_005 532_1.jpg,2019_0721_181936_005 532_1.jpg,B-33,test_original,.jpg,2092,True,55,53,3,RGB,36.6257209777832,32.981597900390625,30.508235931396484,0.3653516295025729,0.0,d23aba5d7d9666d5057856f86aac1138b3aa25d3b8f717b7dd1891059804eb7b,test_final,B-33,B-41,1811,36.6257209777832
C:\Users\Dell\Desktop\Kacper Błachowiak - praca magisterska - klasyfikacja znaków drogowych\KB_Praca_Magisterska\data\raw\polish_traffic_signs_dataset\test\B-33\2019_0721_181936_005 556_1.jpg,2019_0721_181936_005 556_1.jpg,B-33,test_original,.jpg,3386,True,73,77,3,RGB,31.41352653503418,29.37019920349121,24.959104537963867,0.3696851094111368,0.0,aac6c364ed4fb134e3d83a9588725696fd8163854858bd27c00bfb4b5d968d7f,test_final,B-33,B-18,1815,31.41352653503418
C:\Users\Dell\Desktop\Kacper Błachowiak - praca magisterska - klasyfikacja znaków drogowych\KB_Praca_Magisterska\data\raw\polish_traffic_signs_dataset\test\B-33\2019_0726_185626_003 422_0.jpg,2019_0726_185626_003 422_0.jpg,B-33,test_original,.jpg,2871,True,55,45,3,RGB,163.98294067382812,189.49620056152344,79.63301849365234,0.0529292929292929,0.1773737373737373,ada4f17ee9935dc33483f7547ec232e958287cd987d4796456c36ecf01b8bed8,test_final,B-33,B-18,1820,163.98294067382812
C:\Users\Dell\Desktop\Kacper Błachowiak - praca magisterska - klasyfikacja znaków drogowych\KB_Praca_Magisterska\data\raw\polish_traffic_signs_dataset\test\B-33\2019_0726_185626_003 544_0.jpg,2019_0726_185626_003 544_0.jpg,B-33,test_original,.jpg,3445,True,59,57,3,RGB,128.316650390625,107.98660278320312,82.15724182128906,0.0898007731192387,0.0431162652393696,ff8b6de116cb302c3c1eef47e06cae29f1e7bac330a1fc0ba320fe23ea66b163,test_final,B-33,B-18,1822,128.316650390625
C:\Users\Dell\Desktop\Kacper Błachowiak - praca magisterska - klasyfikacja znaków drogowych\KB_Praca_Magisterska\data\raw\polish_traffic_signs_dataset\test\B-33\2019_0809_155001_003 0240_0.jpg,2019_0809_155001_003 0240_0.jpg,B-33,test_original,.jpg,1340,True,25,30,3,RGB,121.66357421875,95.46710205078124,70.81147766113281,0.0226666666666666,0.0173333333333333,a4d2d0ea737e3ceb34ac0d0cbf3c4003750336d534254b791be806afa3ab456c,test_final,B-33,B-18,1826,121.66357421875
C:\Users\Dell\Desktop\Kacper Błachowiak - praca magisterska - klasyfikacja znaków drogowych\KB_Praca_Magisterska\data\raw\polish_traffic_signs_dataset\test\B-33\2019_0809_155001_003 0242_0.jpg,2019_0809_155001_003 0242_0.jpg,B-33,test_original,.jpg,3221,True,57,67,3,RGB,98.17828369140624,57.071197509765625,77.2374496459961,0.0526315789473684,0.0151872217858078,bbc50a8a795f6c3990140d8e68806bf1bb0a07d67cbc99003f1a811a69ec09b7,test_final,B-33,B-18,1828,98.17828369140624
C:\Users\Dell\Desktop\Kacper Błachowiak - praca magisterska - klasyfikacja znaków drogowych\KB_Praca_Magisterska\data\raw\polish_traffic_signs_dataset\test\B-33\2019_0809_155001_003 0242_1.jpg,2019_0809_155001_003 0242_1.jpg,B-33,test_original,.jpg,2802,True,51,57,3,RGB,161.63938903808594,190.93341064453125,66.61701202392578,0.0216718266253869,0.0051599587203302,000a4048f9105297757ee990edbc44585d57f94b20682d54599150d8ebd27971,test_final,B-33,B-43,1829,161.63938903808594
C:\Users\Dell\Desktop\Kacper Błachowiak - praca magisterska - klasyfikacja znaków drogowych\KB_Praca_Magisterska\data\raw\polish_traffic_signs_dataset\test\B-33\2019_0809_155001_003 0270_1.jpg,2019_0809_155001_003 0270_1.jpg,B-33,test_original,.jpg,1824,True,41,34,3,RGB,105.44364166259766,78.2583999633789,73.49178314208984,0.0595408895265423,0.0,ec1dd225fcc5922dc33a08bbee50ed229fea32d25cf83306a328fa2e5b1606a4,test_final,B-33,B-18,1832,105.44364166259766
C:\Users\Dell\Desktop\Kacper Błachowiak - praca magisterska - klasyfikacja znaków drogowych\KB_Praca_Magisterska\data\raw\polish_traffic_signs_dataset\test\B-33\2019_0809_155001_003 0271_0.jpg,2019_0809_155001_003 0271_0.jpg,B-33,test_original,.jpg,7379,True,108,94,3,RGB,103.51817321777344,71.90249633789062,72.67008209228516,0.0636327817178881,0.0042356185973207,c8dca2fee17aafb5e4fe079476831d9612baf4b8cea8b98019c7da587fd317b4,test_final,B-33,B-18,1833,103.51817321777344
C:\Users\Dell\Desktop\Kacper Błachowiak - praca magisterska - klasyfikacja znaków drogowych\KB_Praca_Magisterska\data\raw\polish_traffic_signs_dataset\test\B-33\2019_0809_155001_003 0282_0.jpg,2019_0809_155001_003 0282_0.jpg,B-33,test_original,.jpg,6009,True,96,92,3,RGB,136.5341033935547,130.7899932861328,65.13352966308594,0.0130208333333333,0.0309103260869565,314a798838c731a30df94883926c8b068aa6c150bbd2c754f39d5d29a69d9179,test_final,B-33,B-18,1837,136.5341033935547
C:\Users\Dell\Desktop\Kacper Błachowiak - praca magisterska - klasyfikacja znaków drogowych\KB_Praca_Magisterska\data\raw\polish_traffic_signs_dataset\test\B-33\2019_0809_155001_003 0311_0.jpg,2019_0809_155001_003 0311_0.jpg,B-33,test_original,.jpg,1885,True,42,36,3,RGB,150.21099853515625,162.07620239257812,83.33575439453125,0.0416666666666666,0.2658730158730158,a56305544a816b3328d19a8125b840b56ecc07140c40c4c4b21153a35eb941f0,test_final,B-33,B-18,1838,150.21099853515625
C:\Users\Dell\Desktop\Kacper Błachowiak - praca magisterska - klasyfikacja znaków drogowych\KB_Praca_Magisterska\data\raw\polish_traffic_signs_dataset\test\B-33\2019_0809_155001_003 0443_1.jpg,2019_0809_155001_003 0443_1.jpg,B-33,test_original,.jpg,1595,True,33,37,3,RGB,106.46742248535156,85.76219940185547,63.48435592651367,0.0466830466830466,0.0024570024570024,6054d7971354f0b13ee9fa3c30a76b69fa25086655ca78e1da532320a158182b,test_final,B-33,B-18,1853,106.46742248535156
C:\Users\Dell\Desktop\Kacper Błachowiak - praca magisterska - klasyfikacja znaków drogowych\KB_Praca_Magisterska\data\raw\polish_traffic_signs_dataset\test\B-33\2019_0809_155001_003 0848_0.jpg,2019_0809_155001_003 0848_0.jpg,B-33,test_original,.jpg,3676,True,73,66,3,RGB,169.841796875,179.10989379882812,84.89401245117188,0.052096305520963,0.4155251141552511,9daed005b016086b598b7c5ff592d2b45388c0920aaf436666ff0f59c1633d59,test_final,B-33,B-43,1861,169.841796875
C:\Users\Dell\Desktop\Kacper Błachowiak - praca magisterska - klasyfikacja znaków drogowych\KB_Praca_Magisterska\data\raw\polish_traffic_signs_dataset\test\B-33\2019_0809_155001_003 0854_0.jpg,2019_0809_155001_003 0854_0.jpg,B-33,test_original,.jpg,1825,True,37,38,3,RGB,161.0264129638672,175.76211547851562,85.1293716430664,0.1024182076813655,0.189900426742532,a542f04d18e236bb2310d7d0389ae59fdef09ec1e0c69a7b3ae3451b8df073c1,test_final,B-33,B-43,1862,161.0264129638672
C:\Users\Dell\Desktop\Kacper Błachowiak - praca magisterska - klasyfikacja znaków drogowych\KB_Praca_Magisterska\data\raw\polish_traffic_signs_dataset\test\B-33\2019_0809_155001_003 1209_0.jpg,2019_0809_155001_003 1209_0.jpg,B-33,test_original,.jpg,4879,True,73,82,3,RGB,167.8558349609375,205.0791931152344,69.21598052978516,0.0145339124624122,0.0290678249248245,3e70625c2c12fd3e95f8dbaa0ffd1bd10347387316a3723513c847d9f41d224e,test_final,B-33,B-18,1868,167.8558349609375
C:\Users\Dell\Desktop\Kacper Błachowiak - praca magisterska - klasyfikacja znaków drogowych\KB_Praca_Magisterska\data\raw\polish_traffic_signs_dataset\test\B-33\2019_0809_155001_003 1296_0.jpg,2019_0809_155001_003 1296_0.jpg,B-33,test_original,.jpg,6474,True,100,102,3,RGB,162.4667205810547,206.79751586914065,70.85688781738281,0.022156862745098,0.0072549019607843,fbbfd049e1cb777bc612426267473f9b9eaee6d1fec3ce962ac143992f3b9f7c,test_final,B-33,B-18,1870,162.4667205810547
C:\Users\Dell\Desktop\Kacper Błachowiak - praca magisterska - klasyfikacja znaków drogowych\KB_Praca_Magisterska\data\raw\polish_traffic_signs_dataset\test\B-33\2019_0809_155001_003 1444_0.jpg,2019_0809_155001_003 1444_0.jpg,B-33,test_original,.jpg,5399,True,79,75,3,RGB,135.67755126953125,116.72200012207033,79.70428466796875,0.0459071729957805,0.0631223628691983,6db55cac26532418ee9224301d6cfdc069eed23c3ad0fb415f869e858c9c9bb5,test_final,B-33,B-18,1872,135.67755126953125
C:\Users\Dell\Desktop\Kacper Błachowiak - praca magisterska - klasyfikacja znaków drogowych\KB_Praca_Magisterska\data\raw\polish_traffic_signs_dataset\test\B-33\2019_0809_155001_003 1508_0.jpg,2019_0809_155001_003 1508_0.jpg,B-33,test_original,.jpg,2418,True,46,43,3,RGB,185.18292236328125,221.48309326171875,78.13240051269531,0.0313447927199191,0.3361981799797776,c041622649de90abc7d493124cb5b386d10f713110de8101be25677559f00b23,test_final,B-33,B-18,1873,185.18292236328125
C:\Users\Dell\Desktop\Kacper Błachowiak - praca magisterska - klasyfikacja znaków drogowych\KB_Praca_Magisterska\data\raw\polish_traffic_signs_dataset\test\B-33\2019_0809_155001_003 1524_0.jpg,2019_0809_155001_003 1524_0.jpg,B-33,test_original,.jpg,1763,True,38,26,3,RGB,159.93138122558594,162.80551147460938,79.4206314086914,0.0425101214574898,0.2327935222672064,4e9f37c44f23a2c7406a25892e3044c61cc9e10d021af4992f1c28ab2ce580d8,test_final,B-33,B-18,1874,159.93138122558594
C:\Users\Dell\Desktop\Kacper Błachowiak - praca magisterska - klasyfikacja znaków drogowych\KB_Praca_Magisterska\data\raw\polish_traffic_signs_dataset\test\B-33\2019_0809_155001_003 1525_0.jpg,2019_0809_155001_003 1525_0.jpg,B-33,test_original,.jpg,4232,True,71,71,3,RGB,183.1190185546875,225.7615966796875,79.4449234008789,0.0331283475500892,0.2929974211465979,6b343d8dc4fe393d907ebaed875dd23471f136a2c148ab78500ea081041e1d95,test_final,B-33,B-18,1875,183.1190185546875
C:\Users\Dell\Desktop\Kacper Błachowiak - praca magisterska - klasyfikacja znaków drogowych\KB_Praca_Magisterska\data\raw\polish_traffic_signs_dataset\test\B-33\2019_0809_155001_003 1705_0.jpg,2019_0809_155001_003 1705_0.jpg,B-33,test_original,.jpg,8830,True,124,158,3,RGB,121.98888397216795,110.81539916992188,81.5811767578125,0.078348305430788,0.0048999591670069,8e42e020c2be72de59c2b62ffb9cf8295f9a089745878a74b2f950b2ce8e5533,test_final,B-33,B-18,1881,121.98888397216795
C:\Users\Dell\Desktop\Kacper Błachowiak - praca magisterska - klasyfikacja znaków drogowych\KB_Praca_Magisterska\data\raw\polish_traffic_signs_dataset\test\B-33\2019_0809_155001_003 1974_0.jpg,2019_0809_155001_003 1974_0.jpg,B-33,test_original,.jpg,3311,True,59,61,3,RGB,110.16800689697266,87.89739990234375,65.79879760742188,0.0316754654070575,0.0030564045568213,af1638f838b083928d2f587c9d890c8563dd61ba25613ba90821ca1498ea27b8,test_final,B-33,B-18,1885,110.16800689697266
C:\Users\Dell\Desktop\Kacper Błachowiak - praca magisterska - klasyfikacja znaków drogowych\KB_Praca_Magisterska\data\raw\polish_traffic_signs_dataset\test\B-33\2019_0809_155001_003 1994_0.jpg,2019_0809_155001_003 1994_0.jpg,B-33,test_original,.jpg,2145,True,43,35,3,RGB,138.33262634277344,122.68180084228516,91.0068588256836,0.0611295681063122,0.2538205980066445,8b58af84eae42fa7166f17487664315ad54b8604c2b86e98e5a0de8db8797ec1,test_final,B-33,B-18,1886,138.33262634277344
C:\Users\Dell\Desktop\Kacper Błachowiak - praca magisterska - klasyfikacja znaków drogowych\KB_Praca_Magisterska\data\raw\polish_traffic_signs_dataset\test\B-33\2019_0809_155001_003 1995_0.jpg,2019_0809_155001_003 1995_0.jpg,B-33,test_original,.jpg,5098,True,67,88,3,RGB,151.7126007080078,130.67250061035156,75.87088775634766,0.0147557666214382,0.2664518317503392,b5ee884cbce2ebb8aefcbe48f7b86b6d4b7c0187ab13afa7121676ce315bfe10,test_final,B-33,B-18,1887,151.7126007080078
C:\Users\Dell\Desktop\Kacper Błachowiak - praca magisterska - klasyfikacja znaków drogowych\KB_Praca_Magisterska\data\raw\polish_traffic_signs_dataset\test\B-33\2019_0809_155001_003 2007_0.jpg,2019_0809_155001_003 2007_0.jpg,B-33,test_original,.jpg,2027,True,36,41,3,RGB,119.94567108154295,88.20089721679688,84.5205307006836,0.067750677506775,0.1144986449864498,d4f7842d8d7fa91a37d4224f2f7e5ca604d2fafbe60713b2b60cb833e149ea42,test_final,B-33,B-18,1889,119.94567108154295
C:\Users\Dell\Desktop\Kacper Błachowiak - praca magisterska - klasyfikacja znaków drogowych\KB_Praca_Magisterska\data\raw\polish_traffic_signs_dataset\test\B-33\2019_0809_155001_003 2008_0.jpg,2019_0809_155001_003 2008_0.jpg,B-33,test_original,.jpg,5741,True,82,90,3,RGB,126.32003021240234,91.55139923095705,87.69351196289062,0.0543360433604336,0.0686991869918699,10a4c1746274b50e60232eb8637c005e1e4e35f15a999bfcd221e210e2a17cb3,test_final,B-33,B-18,1890,126.32003021240234
C:\Users\Dell\Desktop\Kacper Błachowiak - praca magisterska - klasyfikacja znaków drogowych\KB_Praca_Magisterska\data\raw\polish_traffic_signs_dataset\test\B-33\2019_0809_155001_003 2036_0.jpg,2019_0809_155001_003 2036_0.jpg,B-33,test_original,.jpg,3459,True,55,61,3,RGB,181.0434112548828,223.29299926757807,80.0277099609375,0.0327868852459016,0.3204172876304024,e62b8488b399b47a1a10716d02d6dcbc7ab922e36009b3d65dea72689b4f46ea,test_final,B-33,B-18,1891,181.0434112548828
C:\Users\Dell\Desktop\Kacper Błachowiak - praca magisterska - klasyfikacja znaków drogowych\KB_Praca_Magisterska\data\raw\polish_traffic_signs_dataset\test\B-33\2019_0809_162432_004 0004_0.jpg,2019_0809_162432_004 0004_0.jpg,B-33,test_original,.jpg,5112,True,74,84,3,RGB,132.7854461669922,115.05229949951172,80.77855682373047,0.0625804375804375,0.0405405405405405,d94824028a35dab1425f88bb3d82cd0b394c189ba4fbd2510fb18d8c1ae9938a,test_final,B-33,B-18,1892,132.7854461669922
C:\Users\Dell\Desktop\Kacper Błachowiak - praca magisterska - klasyfikacja znaków drogowych\KB_Praca_Magisterska\data\raw\polish_traffic_signs_dataset\test\B-33\2019_0809_162432_004 0115_0.jpg,2019_0809_162432_004 0115_0.jpg,B-33,test_original,.jpg,9965,True,124,120,3,RGB,123.84368133544922,82.70230102539062,80.6949462890625,0.0317204301075268,0.0116935483870967,3900404846b6f3bb9fdc97499d84f78880b5b9af7a8f7cfa5be45001c3140477,test_final,B-33,B-18,1893,123.84368133544922
C:\Users\Dell\Desktop\Kacper Błachowiak - praca magisterska - klasyfikacja znaków drogowych\KB_Praca_Magisterska\data\raw\polish_traffic_signs_dataset\test\B-33\2019_0809_162432_004 0575_0.jpg,2019_0809_162432_004 0575_0.jpg,B-33,test_original,.jpg,12567,True,145,224,3,RGB,132.40704345703125,106.01719665527344,80.03402709960938,0.0052647783251231,0.164039408866995,cb6f618e44c607be65098a88391c057216fdf8c46c874c815cda06fc005e4e70,test_final,B-33,B-18,1902,132.40704345703125
C:\Users\Dell\Desktop\Kacper Błachowiak - praca magisterska - klasyfikacja znaków drogowych\KB_Praca_Magisterska\data\raw\polish_traffic_signs_dataset\test\B-33\2019_0809_162432_004 1233_0.jpg,2019_0809_162432_004 1233_0.jpg,B-33,test_original,.jpg,2230,True,47,43,3,RGB,153.09339904785156,181.3073883056641,66.53614044189453,0.0346363186541316,0.0168233547748639,62fdf95de856974f3fccf2c8aa74ce440a99a78aeefa17ee111de5357336419e,test_final,B-33,B-43,1909,153.09339904785156
C:\Users\Dell\Desktop\Kacper Błachowiak - praca magisterska - klasyfikacja znaków drogowych\KB_Praca_Magisterska\data\raw\polish_traffic_signs_dataset\test\B-33\2019_0809_162432_004 1233_1.jpg,2019_0809_162432_004 1233_1.jpg,B-33,test_original,.jpg,2095,True,42,36,3,RGB,170.62265014648438,218.64581298828125,79.83137512207031,0.0429894179894179,0.1197089947089947,6ae2028b53af57df20847fed6ff380a4ff7e282c218806918994912eaa0d876a,test_final,B-33,B-18,1910,170.62265014648438
C:\Users\Dell\Desktop\Kacper Błachowiak - praca magisterska - klasyfikacja znaków drogowych\KB_Praca_Magisterska\data\raw\polish_traffic_signs_dataset\test\B-33\2019_0809_162432_004 1239_1.jpg,2019_0809_162432_004 1239_1.jpg,B-33,test_original,.jpg,2163,True,41,42,3,RGB,171.76644897460938,215.681396484375,76.99730682373047,0.0458768873403019,0.1039488966318234,a9c88068869903a3d02bb5d85f362ae1b61269e7c5cae112a458983fbaf6efde,test_final,B-33,B-18,1912,171.76644897460938
C:\Users\Dell\Desktop\Kacper Błachowiak - praca magisterska - klasyfikacja znaków drogowych\KB_Praca_Magisterska\data\raw\polish_traffic_signs_dataset\test\B-33\2019_0809_162432_004 1257_0.jpg,2019_0809_162432_004 1257_0.jpg,B-33,test_original,.jpg,2789,True,57,49,3,RGB,142.38958740234375,118.0894012451172,86.57147216796875,0.045828857858933,0.1242391693519513,73d34a61018dc2d80a2b9c51371e61fb1a4a3627490c1318c009bfa486984d5e,test_final,B-33,B-18,1914,142.38958740234375
C:\Users\Dell\Desktop\Kacper Błachowiak - praca magisterska - klasyfikacja znaków drogowych\KB_Praca_Magisterska\data\raw\polish_traffic_signs_dataset\test\B-33\2019_0809_162432_004 1258_0.jpg,2019_0809_162432_004 1258_0.jpg,B-33,test_original,.jpg,12652,True,147,159,3,RGB,172.04183959960938,215.743408203125,75.08234405517578,0.0097548453343601,0.088649296196466,7b5ef4080ffff74064629e5c59e5587ff23f452a96307c7860d59bf97d9cf10f,test_final,B-33,B-18,1915,172.04183959960938
C:\Users\Dell\Desktop\Kacper Błachowiak - praca magisterska - klasyfikacja znaków drogowych\KB_Praca_Magisterska\data\raw\polish_traffic_signs_dataset\test\B-33\2019_0809_162432_004 1417_0.jpg,2019_0809_162432_004 1417_0.jpg,B-33,test_original,.jpg,1398,True,29,29,3,RGB,114.08755493164062,96.6273956298828,66.7712173461914,0.0523186682520808,0.0071343638525564,531e5c89bbbc8a30c33557b25e6b9103152395c2c6cbf4e70c35cf966b694d2c,test_final,B-33,B-6-B-8-B-9,1924,114.08755493164062
C:\Users\Dell\Desktop\Kacper Błachowiak - praca magisterska - klasyfikacja znaków drogowych\KB_Praca_Magisterska\data\raw\polish_traffic_signs_dataset\test\B-33\2019_0809_162432_004 1419_0.jpg,2019_0809_162432_004 1419_0.jpg,B-33,test_original,.jpg,7098,True,102,104,3,RGB,116.70227813720705,113.06819915771484,56.71497344970703,0.0158371040723981,0.0057503770739064,abb598037d7d01847d236fbd2ba1bba1cdc999e862bc54cd526c1e44daa22902,test_final,B-33,B-9,1926,116.70227813720705
C:\Users\Dell\Desktop\Kacper Błachowiak - praca magisterska - klasyfikacja znaków drogowych\KB_Praca_Magisterska\data\raw\polish_traffic_signs_dataset\test\B-33\2019_0811_183255_004 0713_0.jpg,2019_0811_183255_004 0713_0.jpg,B-33,test_original,.jpg,3283,True,61,67,3,RGB,118.7690658569336,102.32720184326172,83.1657943725586,0.1485196965989723,0.0225103988255444,54b9b7021d4c80d87d54e7957e8f3a108b115f23e203a5d0022cdfa261250719,test_final,B-33,B-5,1943,118.7690658569336
C:\Users\Dell\Desktop\Kacper Błachowiak - praca magisterska - klasyfikacja znaków drogowych\KB_Praca_Magisterska\data\raw\polish_traffic_signs_dataset\test\B-33\2019_0811_183255_004 0965_0.jpg,2019_0811_183255_004 0965_0.jpg,B-33,test_original,.jpg,1756,True,60,53,3,RGB,19.60033226013184,12.49679946899414,15.839119911193848,0.6484276729559748,0.0,ab83cb471d3b34d560a43754f3333b2c8d753dcbfb3d7e7130c1dfb2f80adcbb,test_final,B-33,B-18,1950,19.60033226013184
C:\Users\Dell\Desktop\Kacper Błachowiak - praca magisterska - klasyfikacja znaków drogowych\KB_Praca_Magisterska\data\raw\polish_traffic_signs_dataset\test\B-33\2019_0811_183255_004 1030_0.jpg,2019_0811_183255_004 1030_0.jpg,B-33,test_original,.jpg,1816,True,41,41,3,RGB,92.87689971923828,83.39139556884766,67.15372467041016,0.1189767995240928,0.0142772159428911,8dce9004356bc3abd008679b4424077a0eb586b83374dc2c3f6ab018164200f9,test_final,B-33,C-12,1953,92.87689971923828
C:\Users\Dell\Desktop\Kacper Błachowiak - praca magisterska - klasyfikacja znaków drogowych\KB_Praca_Magisterska\data\raw\polish_traffic_signs_dataset\test\B-33\2019_0811_190715_005 286_0.jpg,2019_0811_190715_005 286_0.jpg,B-33,test_original,.jpg,2347,True,56,54,3,RGB,64.9482650756836,41.79019927978516,63.09674835205078,0.218584656084656,0.0,fd2b9f27fdd413c1323aa470576d758ae8771abfdd59ffd60331e6866d65bc9e,test_final,B-33,B-8,1969,64.9482650756836
C:\Users\Dell\Desktop\Kacper Błachowiak - praca magisterska - klasyfikacja znaków drogowych\KB_Praca_Magisterska\data\raw\polish_traffic_signs_dataset\test\B-33\2019_0811_190715_005 494_0.jpg,2019_0811_190715_005 494_0.jpg,B-33,test_original,.jpg,4539,True,76,81,3,RGB,93.2605209350586,68.48080444335938,77.32086944580078,0.1041260558804418,0.0584795321637426,972273c1777be2dd115d938c48d11a665d7854a00aa79d5fb7a3e1eb8f055b64,test_final,B-33,B-8,1983,93.2605209350586
C:\Users\Dell\Desktop\Kacper Błachowiak - praca magisterska - klasyfikacja znaków drogowych\KB_Praca_Magisterska\data\raw\polish_traffic_signs_dataset\test\B-33\2019_0811_190715_005 511_1.jpg,2019_0811_190715_005 511_1.jpg,B-33,test_original,.jpg,2093,True,43,53,3,RGB,50.74971771240234,32.31520080566406,44.27391052246094,0.3966652040368583,0.0017551557700745,4d6f8d70e607193fcf41a6ff9166ebd8c1ca7e228699850cc2891fa89d767578,test_final,B-33,B-8,1985,50.74971771240234
C:\Users\Dell\Desktop\Kacper Błachowiak - praca magisterska - klasyfikacja znaków drogowych\KB_Praca_Magisterska\data\raw\polish_traffic_signs_dataset\test\B-34\2019_0719_142601_003 1182_0.jpg,2019_0719_142601_003 1182_0.jpg,B-34,test_original,.jpg,1238,True,25,28,3,RGB,165.70220947265625,184.93179321289065,62.978294372558594,0.0414285714285714,0.0157142857142857,16663afd495a66ca9b07fb4dd5b1501312f0cfff8feecf1ae7721f07c8b622d0,test_final,B-34,B-42,1993,165.70220947265625
C:\Users\Dell\Desktop\Kacper Błachowiak - praca magisterska - klasyfikacja znaków drogowych\KB_Praca_Magisterska\data\raw\polish_traffic_signs_dataset\test\B-34\2019_0719_142601_003 1183_0.jpg,2019_0719_142601_003 1183_0.jpg,B-34,test_original,.jpg,1918,True,48,46,3,RGB,187.88465881347656,202.2218170166016,55.95289993286133,0.0076992753623188,0.0167572463768115,619edd7315f9e2bfaacb7350ca5576e44139857053f65dbf189f6d90e229c576,test_final,B-34,B-42,1994,187.88465881347656
C:\Users\Dell\Desktop\Kacper Błachowiak - praca magisterska - klasyfikacja znaków drogowych\KB_Praca_Magisterska\data\raw\polish_traffic_signs_dataset\test\B-34\2019_0721_171043_003 0882_0.jpg,2019_0721_171043_003 0882_0.jpg,B-34,test_original,.jpg,1281,True,28,29,3,RGB,154.53082275390625,155.52719116210938,62.70045852661133,0.0283251231527093,0.0283251231527093,22476609f89380839f515aaf354ce352eb7230c5239355bbbe076b1e6db803c5,test_final,B-34,B-42,1995,154.53082275390625
C:\Users\Dell\Desktop\Kacper Błachowiak - praca magisterska - klasyfikacja znaków drogowych\KB_Praca_Magisterska\data\raw\polish_traffic_signs_dataset\test\B-34\2019_0809_162432_004 1314_0.jpg,2019_0809_162432_004 1314_0.jpg,B-34,test_original,.jpg,2009,True,46,43,3,RGB,154.56736755371094,166.51580810546875,63.87351608276367,0.057128412537917,0.0070778564206268,b27251709c6bfb63dcd9c4e9efa61e1fc77fbc67864c2a7aadefe59757cf5a42,test_final,B-34,B-43,1998,154.56736755371094
C:\Users\Dell\Desktop\Kacper Błachowiak - praca magisterska - klasyfikacja znaków drogowych\KB_Praca_Magisterska\data\raw\polish_traffic_signs_dataset\test\B-34\2019_0814_154857_003 1074_1.jpg,2019_0814_154857_003 1074_1.jpg,B-34,test_original,.jpg,3912,True,63,84,3,RGB,157.68397521972656,168.76190185546875,63.30817413330078,0.0258881330309901,0.0058578987150415,898ed458c4a4631ec85eccefd87729f728af7b20d60151fd7cdda44da17139d8,test_final,B-34,B-42,2005,157.68397521972656
C:\Users\Dell\Desktop\Kacper Błachowiak - praca magisterska - klasyfikacja znaków drogowych\KB_Praca_Magisterska\data\raw\polish_traffic_signs_dataset\test\B-34\2019_0814_154857_003 1395_1.jpg,2019_0814_154857_003 1395_1.jpg,B-34,test_original,.jpg,1789,True,39,42,3,RGB,149.3748016357422,153.2707977294922,56.37643814086914,0.0054945054945054,0.003052503052503,40c1d7b09e5ba44f855ba562e054fa00667554033f2d23f76b01f1b339e487d3,test_final,B-34,B-43,2007,149.3748016357422
C:\Users\Dell\Desktop\Kacper Błachowiak - praca magisterska - klasyfikacja znaków drogowych\KB_Praca_Magisterska\data\raw\polish_traffic_signs_dataset\test\B-36\2019_0719_142601_003 1862_0.jpg,2019_0719_142601_003 1862_0.jpg,B-36,test_original,.jpg,1436,True,28,36,3,RGB,112.47520446777344,110.6750030517578,49.389198303222656,0.0089285714285714,0.0049603174603174,9a744310c72e3f3f976c510b0e426a9a7e9f1f6bcd315145af54d0acf0c3c929,test_final,B-36,B-8,2024,112.47520446777344
C:\Users\Dell\Desktop\Kacper Błachowiak - praca magisterska - klasyfikacja znaków drogowych\KB_Praca_Magisterska\data\raw\polish_traffic_signs_dataset\test\B-36\2019_0809_155001_003 1642_0.jpg,2019_0809_155001_003 1642_0.jpg,B-36,test_original,.jpg,1532,True,32,37,3,RGB,163.6806182861328,158.2552947998047,39.69557571411133,0.0,0.0050675675675675,8ab909201b6682c6ac347501b7f94bbf2c0d806dd768286c59c443602885ceab,test_final,B-36,G-3,2081,163.6806182861328
C:\Users\Dell\Desktop\Kacper Błachowiak - praca magisterska - klasyfikacja znaków drogowych\KB_Praca_Magisterska\data\raw\polish_traffic_signs_dataset\test\B-36\2019_0811_175830_003 0775_0.jpg,2019_0811_175830_003 0775_0.jpg,B-36,test_original,.jpg,11064,True,141,143,3,RGB,173.15798950195312,176.00360107421875,41.73335647583008,0.0,0.0345186728165451,5f85046357cfc0f000761cabacacfead52783886cb05fe1acb29b3bcccbca295,test_final,B-36,D-2,2104,173.15798950195312
C:\Users\Dell\Desktop\Kacper Błachowiak - praca magisterska - klasyfikacja znaków drogowych\KB_Praca_Magisterska\data\raw\polish_traffic_signs_dataset\test\B-36\2019_0811_183255_004 0586_0.jpg,2019_0811_183255_004 0586_0.jpg,B-36,test_original,.jpg,1999,True,40,45,3,RGB,128.7202911376953,129.510009765625,33.431888580322266,0.0,0.0083333333333333,1b77254114156e1ef5dd7156eaca7eba0303161c6efd542e5c9a3e68225f7698,test_final,B-36,C-4,2106,128.7202911376953
C:\Users\Dell\Desktop\Kacper Błachowiak - praca magisterska - klasyfikacja znaków drogowych\KB_Praca_Magisterska\data\raw\polish_traffic_signs_dataset\test\B-36\2019_0814_162326_004 1686_0.jpg,2019_0814_162326_004 1686_0.jpg,B-36,test_original,.jpg,5416,True,73,86,3,RGB,129.949951171875,112.42130279541016,78.36605072021484,0.0826696400127429,0.0594138260592545,0674bdc7ed4aecd085b4e369c474908af32e48b1a623844de42c4a005c493781,test_final,B-36,B-6-B-8-B-9,2145,129.949951171875
C:\Users\Dell\Desktop\Kacper Błachowiak - praca magisterska - klasyfikacja znaków drogowych\KB_Praca_Magisterska\data\raw\polish_traffic_signs_dataset\test\B-36\2019_0814_162326_004 1687_0.jpg,2019_0814_162326_004 1687_0.jpg,B-36,test_original,.jpg,11157,True,124,133,3,RGB,144.65211486816406,132.2397003173828,68.90310668945312,0.0308028134853262,0.0352898374969682,947b279a4cfc58266a891affcefb27757aa2452969d51bd928d8622b73f439a3,test_final,B-36,D-2,2146,144.65211486816406
C:\Users\Dell\Desktop\Kacper Błachowiak - praca magisterska - klasyfikacja znaków drogowych\KB_Praca_Magisterska\data\raw\polish_traffic_signs_dataset\test\B-36\2019_0814_162326_004 1743_0.jpg,2019_0814_162326_004 1743_0.jpg,B-36,test_original,.jpg,11191,True,131,180,3,RGB,154.8953094482422,142.26820373535156,38.89738464355469,0.0030534351145038,0.0005937234944868,c176fe2265ecb4b890e178b990a6cf66a16c5119c7227b11b6ed5f6c0e28cb33,test_final,B-36,D-2,2149,154.8953094482422
C:\Users\Dell\Desktop\Kacper Błachowiak - praca magisterska - klasyfikacja znaków drogowych\KB_Praca_Magisterska\data\raw\polish_traffic_signs_dataset\test\B-42\2019_0719_142601_003 2068_0.jpg,2019_0719_142601_003 2068_0.jpg,B-42,test_original,.jpg,4828,True,98,93,3,RGB,126.93724060058594,100.60929870605467,67.0464096069336,0.0054860653938994,0.0004388852315119,93bcb2ed2137ee5d21f3ba38335959d9b0043590a3e3b0c9d65c6857942a108b,test_final,B-42,D-2,2162,126.93724060058594
C:\Users\Dell\Desktop\Kacper Błachowiak - praca magisterska - klasyfikacja znaków drogowych\KB_Praca_Magisterska\data\raw\polish_traffic_signs_dataset\test\B-42\2019_0809_162432_004 0215_0.jpg,2019_0809_162432_004 0215_0.jpg,B-42,test_original,.jpg,3766,True,92,94,3,RGB,88.21942138671875,63.290000915527344,53.76076889038086,0.0230111008325624,0.0,488639ef093298ef11e593e24f7ba45f3063a5bc9226794f44bf396e316b9b70,test_final,B-42,D-2,2165,88.21942138671875
C:\Users\Dell\Desktop\Kacper Błachowiak - praca magisterska - klasyfikacja znaków drogowych\KB_Praca_Magisterska\data\raw\polish_traffic_signs_dataset\test\B-42\2019_0815_090538_005 0430_0.jpg,2019_0815_090538_005 0430_0.jpg,B-42,test_original,.jpg,4049,True,90,85,3,RGB,136.37771606445312,101.60400390625,74.77659606933594,0.0074509803921568,0.2684967320261437,9327263f027630bef02e145b01d74998dd6ca54dd90b19cf96c2ebca5c790a21,test_final,B-42,C-6,2167,136.37771606445312
C:\Users\Dell\Desktop\Kacper Błachowiak - praca magisterska - klasyfikacja znaków drogowych\KB_Praca_Magisterska\data\raw\polish_traffic_signs_dataset\test\B-42\2019_0816_172034_007 0069_0.jpg,2019_0816_172034_007 0069_0.jpg,B-42,test_original,.jpg,2348,True,51,57,3,RGB,128.230224609375,159.0,56.0307846069336,0.000687994496044,0.0,64b7c6b43b8ea8d53382f791caa86eaffa053dfaa4aa7df9d7218e4baddcb822,test_final,B-42,D-2,2170,128.230224609375
C:\Users\Dell\Desktop\Kacper Błachowiak - praca magisterska - klasyfikacja znaków drogowych\KB_Praca_Magisterska\data\raw\polish_traffic_signs_dataset\test\B-43\2019_0927_164829_044 072_0.jpg,2019_0927_164829_044 072_0.jpg,B-43,test_original,.jpg,13008,True,235,224,3,RGB,169.62448120117188,174.14320373535156,48.169677734375,0.0006079027355623,0.1077697568389057,d91a1fd4efc5a83d17aa3670ca81dfbf5a993c500bee34638ebf356cb640a649,test_final,B-43,G-3,2200,169.62448120117188
C:\Users\Dell\Desktop\Kacper Błachowiak - praca magisterska - klasyfikacja znaków drogowych\KB_Praca_Magisterska\data\raw\polish_traffic_signs_dataset\test\B-43\2019_1223_114427_004 1302_0.jpg,2019_1223_114427_004 1302_0.jpg,B-43,test_original,.jpg,2819,True,61,58,3,RGB,154.5694580078125,160.46450805664062,55.58186340332031,0.0036743923120407,0.0048049745618993,15dd7158012cb93508550e796874dc7d7c1616b0c8e3d5a1613bb1b181b79a24,test_final,B-43,B-9,2205,154.5694580078125
C:\Users\Dell\Desktop\Kacper Błachowiak - praca magisterska - klasyfikacja znaków drogowych\KB_Praca_Magisterska\data\raw\polish_traffic_signs_dataset\test\B-44\2019_0811_175830_003 0088_0.jpg,2019_0811_175830_003 0088_0.jpg,B-44,test_original,.jpg,4088,True,80,81,3,RGB,200.0074005126953,225.79299926757807,59.51068878173828,0.0211419753086419,0.0399691358024691,619443de279f9bcadfb99da6bf7a8a0f70d50fcd44247d3a619fbde7762e1b6b,test_final,B-44,D-2,2207,200.0074005126953
C:\Users\Dell\Desktop\Kacper Błachowiak - praca magisterska - klasyfikacja znaków drogowych\KB_Praca_Magisterska\data\raw\polish_traffic_signs_dataset\test\B-44\2019_0811_175830_003 0089_0.jpg,2019_0811_175830_003 0089_0.jpg,B-44,test_original,.jpg,7747,True,131,127,3,RGB,188.0587158203125,218.1696014404297,62.27408981323242,0.0186331670373264,0.0166496363527078,d73a2d623d56e5af7b049d71bd5a63e6812c9436b2caf33fc7a87c2692b45e87,test_final,B-44,D-2,2208,188.0587158203125
C:\Users\Dell\Desktop\Kacper Błachowiak - praca magisterska - klasyfikacja znaków drogowych\KB_Praca_Magisterska\data\raw\polish_traffic_signs_dataset\test\B-44\2019_0811_175830_003 0090_0.jpg,2019_0811_175830_003 0090_0.jpg,B-44,test_original,.jpg,17828,True,220,252,3,RGB,155.77008056640625,162.62200927734375,55.12260818481445,0.0244227994227994,0.0014610389610389,8d764b0a15de04845ae0dde482bb09b96c61923006012eb5fc94ddb543f29f67,test_final,B-44,D-2,2209,155.77008056640625
C:\Users\Dell\Desktop\Kacper Błachowiak - praca magisterska - klasyfikacja znaków drogowych\KB_Praca_Magisterska\data\raw\polish_traffic_signs_dataset\test\B-44\2019_0901_165821_014 0088_0.jpg,2019_0901_165821_014 0088_0.jpg,B-44,test_original,.jpg,2301,True,49,53,3,RGB,177.01773071289062,198.351806640625,52.39166259765625,0.0034655371582595,0.0296495956873315,4cff8fe15a452973b7c4e794de717a0be739ca25d152d35f94b293c8c7eab85c,test_final,B-44,D-2,2210,177.01773071289062
C:\Users\Dell\Desktop\Kacper Błachowiak - praca magisterska - klasyfikacja znaków drogowych\KB_Praca_Magisterska\data\raw\polish_traffic_signs_dataset\test\B-44\2019_0901_165821_014 0089_0.jpg,2019_0901_165821_014 0089_0.jpg,B-44,test_original,.jpg,2914,True,69,60,3,RGB,167.41554260253906,187.4036865234375,53.31877517700195,0.0111111111111111,0.0507246376811594,63d49286a1721a1599320b668192eb6bdb7ae152361d87374196239d2e9d73e8,test_final,B-44,D-2,2211,167.41554260253906
C:\Users\Dell\Desktop\Kacper Błachowiak - praca magisterska - klasyfikacja znaków drogowych\KB_Praca_Magisterska\data\raw\polish_traffic_signs_dataset\test\B-44\2020_0410_162215_007 0105_0.jpg,2020_0410_162215_007 0105_0.jpg,B-44,test_original,.jpg,4081,True,92,86,3,RGB,202.6895446777344,227.94378662109372,54.52106857299805,0.0044236602628918,0.0323559150657229,e96d51c176edbfbdbb51cc8da431db9593388c1e3a3f0eea73e08f75c7f116cf,test_final,B-44,D-2,2220,202.6895446777344
C:\Users\Dell\Desktop\Kacper Błachowiak - praca magisterska - klasyfikacja znaków drogowych\KB_Praca_Magisterska\data\raw\polish_traffic_signs_dataset\test\B-5\2019_0809_162432_004 1288_0.jpg,2019_0809_162432_004 1288_0.jpg,B-5,test_original,.jpg,5104,True,96,102,3,RGB,106.8816146850586,93.4636001586914,75.01297760009766,0.0260416666666666,0.0155228758169934,c6258ef1bcf34a9ffbc3aaed993c3a44a23eb74f0426c3a1988fcad0dd7bc1a1,test_final,B-5,B-8,2232,106.8816146850586
C:\Users\Dell\Desktop\Kacper Błachowiak - praca magisterska - klasyfikacja znaków drogowych\KB_Praca_Magisterska\data\raw\polish_traffic_signs_dataset\test\B-5\2019_0814_162326_004 1099_0.jpg,2019_0814_162326_004 1099_0.jpg,B-5,test_original,.jpg,4177,True,67,76,3,RGB,154.4552001953125,179.39511108398438,66.8858642578125,0.0005891594658287,0.0186567164179104,7c0308326d5cfcec5b37b1ad716e87f4bea48f784f4cf0a55de754acd064f7c4,test_final,B-5,B-9,2234,154.4552001953125
C:\Users\Dell\Desktop\Kacper Błachowiak - praca magisterska - klasyfikacja znaków drogowych\KB_Praca_Magisterska\data\raw\polish_traffic_signs_dataset\test\B-5\2019_0814_162326_004 1100_0.jpg,2019_0814_162326_004 1100_0.jpg,B-5,test_original,.jpg,4543,True,80,80,3,RGB,158.7479248046875,199.06500244140625,69.7289047241211,0.00234375,0.041875,a2ec593db426da4e4d20eb7599db914580bb65ce10c534ca2a1b5fcc096d85e7,test_final,B-5,B-9,2235,158.7479248046875
C:\Users\Dell\Desktop\Kacper Błachowiak - praca magisterska - klasyfikacja znaków drogowych\KB_Praca_Magisterska\data\raw\polish_traffic_signs_dataset\test\B-5\2019_0814_162326_004 1101_0.jpg,2019_0814_162326_004 1101_0.jpg,B-5,test_original,.jpg,5299,True,99,96,3,RGB,165.88204956054688,194.6345977783203,53.627838134765625,0.0,0.0489267676767676,53a886ff94c55e7f8ed32c9bac6cf180411b1467a92831855848f73856566da3,test_final,B-5,B-25,2236,165.88204956054688
C:\Users\Dell\Desktop\Kacper Błachowiak - praca magisterska - klasyfikacja znaków drogowych\KB_Praca_Magisterska\data\raw\polish_traffic_signs_dataset\test\B-5\2019_0815_090538_005 1501_0.jpg,2019_0815_090538_005 1501_0.jpg,B-5,test_original,.jpg,2955,True,69,71,3,RGB,77.2834243774414,63.50699615478516,36.818016052246094,0.010614411104307,0.0030618493570116,033c6b36e36c260375afee272749f6d75570a53003a013290cb27f15b8d3dde5,test_final,B-5,B-8,2239,77.2834243774414
C:\Users\Dell\Desktop\Kacper Błachowiak - praca magisterska - klasyfikacja znaków drogowych\KB_Praca_Magisterska\data\raw\polish_traffic_signs_dataset\test\B-8\2019_0814_162326_004 0128_0.jpg,2019_0814_162326_004 0128_0.jpg,B-8,test_original,.jpg,2940,True,54,59,3,RGB,150.72528076171875,164.72560119628906,61.75299835205078,0.0003138731952291,0.0649717514124293,9fc73b25acc340f33861259bb0fe2be40a2ff60a3eea873999cf929f9ee343e5,test_final,B-8,B-9,2260,150.72528076171875
C:\Users\Dell\Desktop\Kacper Błachowiak - praca magisterska - klasyfikacja znaków drogowych\KB_Praca_Magisterska\data\raw\polish_traffic_signs_dataset\test\B-8\2019_0814_162326_004 0334_0.jpg,2019_0814_162326_004 0334_0.jpg,B-8,test_original,.jpg,7859,True,113,122,3,RGB,136.97314453125,138.5157928466797,73.75244903564453,0.0383722617147831,0.0634701871463803,64887e144ae3f5ad24adf023293092742ef668d5570c33615e2af4933364e602,test_final,B-8,B-9,2262,136.97314453125
C:\Users\Dell\Desktop\Kacper Błachowiak - praca magisterska - klasyfikacja znaków drogowych\KB_Praca_Magisterska\data\raw\polish_traffic_signs_dataset\test\B-9\2019_0719_142601_003 1538_0.jpg,2019_0719_142601_003 1538_0.jpg,B-9,test_original,.jpg,2346,True,48,49,3,RGB,198.3231658935547,222.8208923339844,54.77886199951172,0.0008503401360544,0.175595238095238,fb7ca3966733693d1976f269c64c76bdd4bfd76f6b89b719ea9d76bb62c5efbd,test_final,B-9,B-18,2267,198.3231658935547
C:\Users\Dell\Desktop\Kacper Błachowiak - praca magisterska - klasyfikacja znaków drogowych\KB_Praca_Magisterska\data\raw\polish_traffic_signs_dataset\test\B-9\2019_0809_155001_003 1789_0.jpg,2019_0809_155001_003 1789_0.jpg,B-9,test_original,.jpg,2076,True,43,43,3,RGB,200.939208984375,213.07920837402344,46.419654846191406,0.0,0.2233639805300162,5aad59959a56679499c21b5317f99cf8c783304ba5cd80814ae547e7ef1b0b3b,test_final,B-9,G-3,2270,200.939208984375
C:\Users\Dell\Desktop\Kacper Błachowiak - praca magisterska - klasyfikacja znaków drogowych\KB_Praca_Magisterska\data\raw\polish_traffic_signs_dataset\test\B-9\2019_0809_155001_003 1790_0.jpg,2019_0809_155001_003 1790_0.jpg,B-9,test_original,.jpg,4252,True,84,70,3,RGB,200.9608917236328,202.55490112304688,50.13392639160156,0.0,0.3596938775510204,73b6e4942a9b0f05e4c67e1708373777428ebfab8ea001b0f62509baec6cea27,test_final,B-9,G-3,2271,200.9608917236328
C:\Users\Dell\Desktop\Kacper Błachowiak - praca magisterska - klasyfikacja znaków drogowych\KB_Praca_Magisterska\data\raw\polish_traffic_signs_dataset\test\B-9\2019_0905_182313_001 0082_0.jpg,2019_0905_182313_001 0082_0.jpg,B-9,test_original,.jpg,4091,True,73,78,3,RGB,186.9710693359375,193.52749633789065,61.0068588256836,0.0,0.3145416227608008,7b689cf43f8b42ee2f2cabb23c1aa148b504ebb69948471e161221f9d9ac7054,test_final,B-9,B-25,2282,186.9710693359375
C:\Users\Dell\Desktop\Kacper Błachowiak - praca magisterska - klasyfikacja znaków drogowych\KB_Praca_Magisterska\data\raw\polish_traffic_signs_dataset\test\B-9\2019_0905_182313_001 0083_0.jpg,2019_0905_182313_001 0083_0.jpg,B-9,test_original,.jpg,7800,True,113,137,3,RGB,181.82827758789065,191.33599853515625,73.87265014648438,0.0007105484141851,0.3614753568890898,6901d038c925fc7000fe993ab8b2409aff4f033d08ce73cdb3652162c35758a2,test_final,B-9,G-3,2283,181.82827758789065
C:\Users\Dell\Desktop\Kacper Błachowiak - praca magisterska - klasyfikacja znaków drogowych\KB_Praca_Magisterska\data\raw\polish_traffic_signs_dataset\test\C-10\2019_0719_142601_003 1027_mirrored_0.jpg,2019_0719_142601_003 1027_mirrored_0.jpg,C-10,test_original,.jpg,1219,True,23,21,3,RGB,136.70596313476562,108.31399536132812,88.08103942871094,0.0579710144927536,0.2070393374741201,ae68f807e5698d3656d85ae95faeeb2d67f9cc32178a0a050a823404c72c8273,test_final,C-10,C-6,2287,136.70596313476562
C:\Users\Dell\Desktop\Kacper Błachowiak - praca magisterska - klasyfikacja znaków drogowych\KB_Praca_Magisterska\data\raw\polish_traffic_signs_dataset\test\C-10\2019_0719_142601_003 1109_mirrored_0.jpg,2019_0719_142601_003 1109_mirrored_0.jpg,C-10,test_original,.jpg,1686,True,29,39,3,RGB,173.6777801513672,210.4541931152344,80.81053924560547,0.0061892130857648,0.3916887709991158,7e8593e193326e94f8f9fd16e14d6b1a159b99b254312519fc70985edbf5737c,test_final,C-10,B-8,2289,173.6777801513672
C:\Users\Dell\Desktop\Kacper Błachowiak - praca magisterska - klasyfikacja znaków drogowych\KB_Praca_Magisterska\data\raw\polish_traffic_signs_dataset\test\C-10\2019_0719_142601_003 1112_mirrored_0.jpg,2019_0719_142601_003 1112_mirrored_0.jpg,C-10,test_original,.jpg,1359,True,25,31,3,RGB,154.20448303222656,199.8201904296875,81.52259826660156,0.032258064516129,0.0412903225806451,3a53c7eb9e50950fac0b3b1e33c01923da3260546dc4dcacda7529bd1413b368,test_final,C-10,C-6,2291,154.20448303222656
C:\Users\Dell\Desktop\Kacper Błachowiak - praca magisterska - klasyfikacja znaków drogowych\KB_Praca_Magisterska\data\raw\polish_traffic_signs_dataset\test\C-10\2019_0719_142601_003 1167_mirrored_0.jpg,2019_0719_142601_003 1167_mirrored_0.jpg,C-10,test_original,.jpg,1484,True,36,35,3,RGB,110.84806823730467,114.14669799804688,33.607025146484375,0.0,0.0,2a2098ed5b5ca80739d73a6f347d24610e4a09e21238a30f059d667dd74bf6ca,test_final,C-10,C-2,2293,110.84806823730467
C:\Users\Dell\Desktop\Kacper Błachowiak - praca magisterska - klasyfikacja znaków drogowych\KB_Praca_Magisterska\data\raw\polish_traffic_signs_dataset\test\C-10\2019_0719_142601_003 1236_mirrored_0.jpg,2019_0719_142601_003 1236_mirrored_0.jpg,C-10,test_original,.jpg,1535,True,29,31,3,RGB,147.62269592285156,132.39439392089844,62.57381057739258,0.0011123470522803,0.1368186874304783,1f3fbb6949260a8739ed19ae37aa5836c8e9057fc9adc9f2ed943fe594da11eb,test_final,C-10,C-2,2296,147.62269592285156
C:\Users\Dell\Desktop\Kacper Błachowiak - praca magisterska - klasyfikacja znaków drogowych\KB_Praca_Magisterska\data\raw\polish_traffic_signs_dataset\test\C-10\2019_0719_142601_003 1245_mirrored_0.jpg,2019_0719_142601_003 1245_mirrored_0.jpg,C-10,test_original,.jpg,2082,True,42,44,3,RGB,99.9779815673828,84.614501953125,54.174713134765625,0.0054112554112554,0.0313852813852813,9137e0031106438046e64484abfd38719c9f15dc4d99463e301d52057dfd70aa,test_final,C-10,C-2,2298,99.9779815673828
C:\Users\Dell\Desktop\Kacper Błachowiak - praca magisterska - klasyfikacja znaków drogowych\KB_Praca_Magisterska\data\raw\polish_traffic_signs_dataset\test\C-10\2019_0719_142601_003 1308_0.jpg,2019_0719_142601_003 1308_0.jpg,C-10,test_original,.jpg,1062,True,21,20,3,RGB,97.14462280273438,84.62249755859375,47.58451461791992,0.0047619047619047,0.0095238095238095,2bcd1e1a0014741001a3f42c03873f8b8f941f2f93034f3b123866a62deb865f,test_final,C-10,C-2,2300,97.14462280273438
C:\Users\Dell\Desktop\Kacper Błachowiak - praca magisterska - klasyfikacja znaków drogowych\KB_Praca_Magisterska\data\raw\polish_traffic_signs_dataset\test\C-10\2019_0719_142601_003 1310_0.jpg,2019_0719_142601_003 1310_0.jpg,C-10,test_original,.jpg,1957,True,39,41,3,RGB,109.15690612792967,89.21380615234375,54.714820861816406,0.0037523452157598,0.0093808630393996,acc0c7232b16dba8c74bc3daa0c52a6cef9547f04d26a03811f20f59d0b0eec5,test_final,C-10,C-2,2302,109.15690612792967
C:\Users\Dell\Desktop\Kacper Błachowiak - praca magisterska - klasyfikacja znaków drogowych\KB_Praca_Magisterska\data\raw\polish_traffic_signs_dataset\test\C-10\2019_0719_142601_003 1324_mirrored_0.jpg,2019_0719_142601_003 1324_mirrored_0.jpg,C-10,test_original,.jpg,2701,True,60,50,3,RGB,157.4470977783203,198.02330017089844,69.71965789794922,0.001,0.002,93548eccf214f57269b6a3cd6c26fb8636cb6561d019fd189461d19adfec0b0a,test_final,C-10,C-6,2306,157.4470977783203
C:\Users\Dell\Desktop\Kacper Błachowiak - praca magisterska - klasyfikacja znaków drogowych\KB_Praca_Magisterska\data\raw\polish_traffic_signs_dataset\test\C-10\2019_0719_142601_003 1449_mirrored_0.jpg,2019_0719_142601_003 1449_mirrored_0.jpg,C-10,test_original,.jpg,2086,True,41,42,3,RGB,123.67464447021484,95.8291015625,60.63043212890625,0.0,0.0696864111498257,98dd7eb8e7008242eee70a73a7719e30ace010a7f998e2fd95f45560eb9db9cc,test_final,C-10,C-2,2314,123.67464447021484
C:\Users\Dell\Desktop\Kacper Błachowiak - praca magisterska - klasyfikacja znaków drogowych\KB_Praca_Magisterska\data\raw\polish_traffic_signs_dataset\test\C-10\2019_0719_142601_003 1676_mirrored_0.jpg,2019_0719_142601_003 1676_mirrored_0.jpg,C-10,test_original,.jpg,1842,True,33,38,3,RGB,149.28448486328125,121.71749877929688,76.53653717041016,0.0135566188197767,0.1762360446570973,5e4de8ea6880ed670968f162f2fd761a9938d31c356eef05ba4773853a003cde,test_final,C-10,C-2,2325,149.28448486328125
C:\Users\Dell\Desktop\Kacper Błachowiak - praca magisterska - klasyfikacja znaków drogowych\KB_Praca_Magisterska\data\raw\polish_traffic_signs_dataset\test\C-10\2019_0719_142601_003 1799_mirrored_0.jpg,2019_0719_142601_003 1799_mirrored_0.jpg,C-10,test_original,.jpg,1582,True,35,30,3,RGB,108.3837432861328,94.59510803222656,52.04122161865234,0.0038095238095238,0.0552380952380952,eda5a05ee5a0eebb223404f543e7429db9d532c53ab4be3163819e15a0fd968f,test_final,C-10,C-2,2331,108.3837432861328
C:\Users\Dell\Desktop\Kacper Błachowiak - praca magisterska - klasyfikacja znaków drogowych\KB_Praca_Magisterska\data\raw\polish_traffic_signs_dataset\test\C-10\2019_0719_142601_003 1807_mirrored_0.jpg,2019_0719_142601_003 1807_mirrored_0.jpg,C-10,test_original,.jpg,2739,True,52,50,3,RGB,112.57853698730467,97.57820129394533,57.39323806762695,0.0019230769230769,0.0815384615384615,71e818fd9b45feb5a83043273fac3bc79455104e1e785adb51d29f0ac0664511,test_final,C-10,C-13,2334,112.57853698730467
C:\Users\Dell\Desktop\Kacper Błachowiak - praca magisterska - klasyfikacja znaków drogowych\KB_Praca_Magisterska\data\raw\polish_traffic_signs_dataset\test\C-10\2019_0719_142601_003 1854_mirrored_0.jpg,2019_0719_142601_003 1854_mirrored_0.jpg,C-10,test_original,.jpg,2709,True,57,55,3,RGB,104.3391571044922,93.039794921875,51.18517303466797,0.000956937799043,0.0003189792663476,3f8ed501fb5e38a20314c795e65aad3e23c933fdb64fb3546c7f755b400d9f70,test_final,C-10,C-13,2336,104.3391571044922
C:\Users\Dell\Desktop\Kacper Błachowiak - praca magisterska - klasyfikacja znaków drogowych\KB_Praca_Magisterska\data\raw\polish_traffic_signs_dataset\test\C-10\2019_0719_142601_003 2048_mirrored_0.jpg,2019_0719_142601_003 2048_mirrored_0.jpg,C-10,test_original,.jpg,1624,True,42,29,3,RGB,103.6012725830078,85.16989135742188,55.05973815917969,0.0,0.0328407224958949,4fb8b40b194bbda772d6f4e1af61d0f243217e19bf9e905bb9377048d595a0c5,test_final,C-10,C-2,2344,103.6012725830078
C:\Users\Dell\Desktop\Kacper Błachowiak - praca magisterska - klasyfikacja znaków drogowych\KB_Praca_Magisterska\data\raw\polish_traffic_signs_dataset\test\C-10\2019_0719_150032_004 0499_mirrored_0.jpg,2019_0719_150032_004 0499_mirrored_0.jpg,C-10,test_original,.jpg,2583,True,56,51,3,RGB,123.1899185180664,98.32150268554688,60.77254486083984,0.0,0.0847338935574229,f75a752e5b6df5a2d3d0efc53197ceb9a27e6ce51c21a140a5d805481962fac1,test_final,C-10,C-2,2351,123.1899185180664
C:\Users\Dell\Desktop\Kacper Błachowiak - praca magisterska - klasyfikacja znaków drogowych\KB_Praca_Magisterska\data\raw\polish_traffic_signs_dataset\test\C-10\2019_0721_171043_003 0680_mirrored_0.jpg,2019_0721_171043_003 0680_mirrored_0.jpg,C-10,test_original,.jpg,2174,True,39,43,3,RGB,167.88294982910156,152.98080444335938,63.492923736572266,0.0,0.221824686940966,d2f03886f31a956c3eef5248843916a1f91392a92e8c321b4fb049b4595756b7,test_final,C-10,C-13,2377,167.88294982910156
C:\Users\Dell\Desktop\Kacper Błachowiak - praca magisterska - klasyfikacja znaków drogowych\KB_Praca_Magisterska\data\raw\polish_traffic_signs_dataset\test\C-10\2019_0809_155001_003 0073_mirrored_0.jpg,2019_0809_155001_003 0073_mirrored_0.jpg,C-10,test_original,.jpg,2991,True,63,53,3,RGB,101.63404083251952,93.30680084228516,63.38263702392578,0.0197663971248876,0.0485175202156334,58942cfaf119c54ccae72e81a6fa141aedf8ddd8c0f33febf094072a07496fae,test_final,C-10,D-2,2388,101.63404083251952
C:\Users\Dell\Desktop\Kacper Błachowiak - praca magisterska - klasyfikacja znaków drogowych\KB_Praca_Magisterska\data\raw\polish_traffic_signs_dataset\test\C-10\2019_0809_155001_003 1539_mirrored_0.jpg,2019_0809_155001_003 1539_mirrored_0.jpg,C-10,test_original,.jpg,1437,True,24,35,3,RGB,168.6860809326172,162.72259521484375,65.88036346435547,0.0,0.2333333333333333,627bb2bc9543cfa2157840a410a21d1730b138aa6f0055dc53f1e7a5ec7aa52d,test_final,C-10,C-4,2407,168.6860809326172
C:\Users\Dell\Desktop\Kacper Błachowiak - praca magisterska - klasyfikacja znaków drogowych\KB_Praca_Magisterska\data\raw\polish_traffic_signs_dataset\test\C-10\2019_0809_155001_003 1855_mirrored_0.jpg,2019_0809_155001_003 1855_mirrored_0.jpg,C-10,test_original,.jpg,1866,True,29,41,3,RGB,130.29544067382812,108.49520111083984,64.5212173461914,0.0067283431455004,0.1269974768713204,4e175e0588f17bbc46fd978d86d0177b142394562749071ea4d4df1f4b2c4539,test_final,C-10,C-13,2418,130.29544067382812
C:\Users\Dell\Desktop\Kacper Błachowiak - praca magisterska - klasyfikacja znaków drogowych\KB_Praca_Magisterska\data\raw\polish_traffic_signs_dataset\test\C-10\2019_0809_155001_003 2031_mirrored_0.jpg,2019_0809_155001_003 2031_mirrored_0.jpg,C-10,test_original,.jpg,1999,True,47,41,3,RGB,169.25262451171875,181.2607879638672,60.47967529296875,0.0,0.037363777893098,132284df152a88bd93a137a3492b3441d60101f42408b4f74dd05c8399ff3ed0,test_final,C-10,C-5,2423,169.25262451171875
C:\Users\Dell\Desktop\Kacper Błachowiak - praca magisterska - klasyfikacja znaków drogowych\KB_Praca_Magisterska\data\raw\polish_traffic_signs_dataset\test\C-10\2019_0809_162432_004 0015_mirrored_0.jpg,2019_0809_162432_004 0015_mirrored_0.jpg,C-10,test_original,.jpg,9497,True,108,116,3,RGB,139.68380737304688,126.82659912109376,63.21300506591797,0.0113346104725415,0.1354565772669221,1557438c77bf983b2abf40edd7b5ea9fff43d9ebbea81cdb412b505f650ccd42,test_final,C-10,D-1,2429,139.68380737304688
C:\Users\Dell\Desktop\Kacper Błachowiak - praca magisterska - klasyfikacja znaków drogowych\KB_Praca_Magisterska\data\raw\polish_traffic_signs_dataset\test\C-10\2019_0809_162432_004 0118_mirrored_0.jpg,2019_0809_162432_004 0118_mirrored_0.jpg,C-10,test_original,.jpg,1943,True,33,45,3,RGB,156.00991821289062,114.74639892578124,68.32400512695312,0.0,0.1528619528619528,e568bc0a82bae10786d909492b00bd6f7a2746e2e9710c44fc45cf44df457f77,test_final,C-10,C-9,2430,156.00991821289062
C:\Users\Dell\Desktop\Kacper Błachowiak - praca magisterska - klasyfikacja znaków drogowych\KB_Praca_Magisterska\data\raw\polish_traffic_signs_dataset\test\C-10\2019_0809_162432_004 0624_mirrored_0.jpg,2019_0809_162432_004 0624_mirrored_0.jpg,C-10,test_original,.jpg,2160,True,55,43,3,RGB,100.1652603149414,65.50699615478516,64.08634185791016,0.00169133192389,0.0224101479915433,93a59f30bd2c63860a55ba345936b640cc982856770dcf604e1fd41d0ef199d1,test_final,C-10,C-6,2440,100.1652603149414
C:\Users\Dell\Desktop\Kacper Błachowiak - praca magisterska - klasyfikacja znaków drogowych\KB_Praca_Magisterska\data\raw\polish_traffic_signs_dataset\test\C-10\2019_0809_162432_004 0752_mirrored_0.jpg,2019_0809_162432_004 0752_mirrored_0.jpg,C-10,test_original,.jpg,3775,True,67,57,3,RGB,124.47615814208984,120.44300079345705,66.6103286743164,0.0146635244828489,0.1094527363184079,13df1d3b7ae4aff0bd05430a8594b76da7d3b158bed6156013578b0491293311,test_final,C-10,C-13,2444,124.47615814208984
C:\Users\Dell\Desktop\Kacper Błachowiak - praca magisterska - klasyfikacja znaków drogowych\KB_Praca_Magisterska\data\raw\polish_traffic_signs_dataset\test\C-10\2019_0809_162432_004 0992_mirrored_0.jpg,2019_0809_162432_004 0992_mirrored_0.jpg,C-10,test_original,.jpg,1988,True,37,42,3,RGB,156.16439819335938,193.34539794921875,81.37278747558594,0.0057915057915057,0.0508365508365508,05a967294e6bbc6df3807fcc2fb7f5b6f156ddbb08783a1d758e9e5a203cb4b2,test_final,C-10,C-6,2445,156.16439819335938
C:\Users\Dell\Desktop\Kacper Błachowiak - praca magisterska - klasyfikacja znaków drogowych\KB_Praca_Magisterska\data\raw\polish_traffic_signs_dataset\test\C-10\2019_0809_162432_004 1244_mirrored_0.jpg,2019_0809_162432_004 1244_mirrored_0.jpg,C-10,test_original,.jpg,1419,True,29,25,3,RGB,180.4605712890625,243.3833923339844,83.4326400756836,0.0027586206896551,0.4841379310344827,063399e4653d74acdc657779a5d02ded7937c96bda2d37907aaefc7c5a5ad670,test_final,C-10,C-6,2447,180.4605712890625
C:\Users\Dell\Desktop\Kacper Błachowiak - praca magisterska - klasyfikacja znaków drogowych\KB_Praca_Magisterska\data\raw\polish_traffic_signs_dataset\test\C-10\2019_0811_175830_003 0409_mirrored_0.jpg,2019_0811_175830_003 0409_mirrored_0.jpg,C-10,test_original,.jpg,4158,True,64,73,3,RGB,166.733642578125,187.9042053222656,68.30366516113281,0.0177654109589041,0.1508989726027397,6006f9106dfea47742404ec77dd84f8a73f400a8ac17a28a30858e656c7497d2,test_final,C-10,D-1,2452,166.733642578125
C:\Users\Dell\Desktop\Kacper Błachowiak - praca magisterska - klasyfikacja znaków drogowych\KB_Praca_Magisterska\data\raw\polish_traffic_signs_dataset\test\C-10\2019_0811_175830_003 0641_mirrored_0.jpg,2019_0811_175830_003 0641_mirrored_0.jpg,C-10,test_original,.jpg,5964,True,92,86,3,RGB,118.8174285888672,115.9290008544922,72.00686645507812,0.0513144590495449,0.1171638018200202,f3ed39d20ace964b7658e804bf27fd2bd17e6022f032accb089701b8cd1a3842,test_final,C-10,D-1,2458,118.8174285888672
C:\Users\Dell\Desktop\Kacper Błachowiak - praca magisterska - klasyfikacja znaków drogowych\KB_Praca_Magisterska\data\raw\polish_traffic_signs_dataset\test\C-10\2019_0811_183255_004 1482_mirrored_0.jpg,2019_0811_183255_004 1482_mirrored_0.jpg,C-10,test_original,.jpg,3048,True,54,59,3,RGB,135.43426513671875,79.29989624023438,96.18952941894533,0.0558694287507846,0.3166980539861895,4d3945647a86a471dcb2b06fec0f302db0d2d40389950251a6f8536e9b39c698,test_final,C-10,B-9,2482,135.43426513671875
C:\Users\Dell\Desktop\Kacper Błachowiak - praca magisterska - klasyfikacja znaków drogowych\KB_Praca_Magisterska\data\raw\polish_traffic_signs_dataset\test\C-10\2019_0811_183255_004 1483_mirrored_0.jpg,2019_0811_183255_004 1483_mirrored_0.jpg,C-10,test_original,.jpg,8189,True,123,147,3,RGB,68.7319107055664,24.15399932861328,75.43621063232422,0.4352635363088324,0.0040926939881643,276924effe58f48625fe7c3fe9628cfa8604f26197085adf2be05e7330d60550,test_final,C-10,B-36,2483,68.7319107055664
C:\Users\Dell\Desktop\Kacper Błachowiak - praca magisterska - klasyfikacja znaków drogowych\KB_Praca_Magisterska\data\raw\polish_traffic_signs_dataset\test\C-10\2019_0811_183255_004 1768_mirrored_0.jpg,2019_0811_183255_004 1768_mirrored_0.jpg,C-10,test_original,.jpg,3069,True,69,79,3,RGB,127.81712341308594,81.37020111083984,77.5225601196289,0.0088057237204182,0.1152082186754723,040df492426f0d1f65cfd8138645003d2ae6adf15329c8e7e63dd9797c137d6c,test_final,C-10,D-1,2487,127.81712341308594
C:\Users\Dell\Desktop\Kacper Błachowiak - praca magisterska - klasyfikacja znaków drogowych\KB_Praca_Magisterska\data\raw\polish_traffic_signs_dataset\test\C-10\2019_0814_154857_003 0179_mirrored_0.jpg,2019_0814_154857_003 0179_mirrored_0.jpg,C-10,test_original,.jpg,2970,True,59,47,3,RGB,122.5688934326172,116.75979614257812,69.10653686523438,0.0306527226830147,0.1099891813919942,cc33729ae390cc00c092943a660c0c548af941e65801e75685386605d77f6760,test_final,C-10,D-2,2489,122.5688934326172
C:\Users\Dell\Desktop\Kacper Błachowiak - praca magisterska - klasyfikacja znaków drogowych\KB_Praca_Magisterska\data\raw\polish_traffic_signs_dataset\test\C-10\2019_0814_154857_003 0180_mirrored_0.jpg,2019_0814_154857_003 0180_mirrored_0.jpg,C-10,test_original,.jpg,3612,True,65,69,3,RGB,98.16212463378906,90.51980590820312,61.13381576538086,0.0189520624303233,0.0160535117056856,ae61844bc272e098c0e452d8f83dc7f8c753c58b4cef9db7918fada2979f2931,test_final,C-10,D-2,2490,98.16212463378906
C:\Users\Dell\Desktop\Kacper Błachowiak - praca magisterska - klasyfikacja znaków drogowych\KB_Praca_Magisterska\data\raw\polish_traffic_signs_dataset\test\C-10\2019_0814_162326_004 1541_mirrored_0.jpg,2019_0814_162326_004 1541_mirrored_0.jpg,C-10,test_original,.jpg,5126,True,69,86,3,RGB,118.36143493652344,109.95260620117188,70.15560150146484,0.0377485675766767,0.1056622851365015,9732224867e3b5e2586699ffdf974457f6bc0c4ecac5b738dedfcc626682f0c5,test_final,C-10,D-1,2509,118.36143493652344
C:\Users\Dell\Desktop\Kacper Błachowiak - praca magisterska - klasyfikacja znaków drogowych\KB_Praca_Magisterska\data\raw\polish_traffic_signs_dataset\test\C-10\2019_0818_134512_010 154_0.jpg,2019_0818_134512_010 154_0.jpg,C-10,test_original,.jpg,2486,True,49,44,3,RGB,111.03782653808594,85.29339599609375,62.29372024536133,0.0055658627087198,0.0269016697588126,bc8eaefc2e02493954b3b3a56f218ec9d993ce7dee96d5e57123304cdec96bb6,test_final,C-10,C-2,2511,111.03782653808594
C:\Users\Dell\Desktop\Kacper Błachowiak - praca magisterska - klasyfikacja znaków drogowych\KB_Praca_Magisterska\data\raw\polish_traffic_signs_dataset\test\C-10\2019_0818_134512_010 154_1.jpg,2019_0818_134512_010 154_1.jpg,C-10,test_original,.jpg,1593,True,35,32,3,RGB,86.65766906738281,73.58349609375,43.37697219848633,0.0053571428571428,0.0,d42d341239f21133105d20fb9e235cf57e7e53365eaeaf9b0a4fd366c639068f,test_final,C-10,C-2,2512,86.65766906738281
C:\Users\Dell\Desktop\Kacper Błachowiak - praca magisterska - klasyfikacja znaków drogowych\KB_Praca_Magisterska\data\raw\polish_traffic_signs_dataset\test\C-10\2019_0818_134512_010 155_0.jpg,2019_0818_134512_010 155_0.jpg,C-10,test_original,.jpg,2088,True,45,39,3,RGB,88.39381408691406,62.0,52.89636993408203,0.0176638176638176,0.0045584045584045,485872cfae51f1b7abf0561a6e302d3a13e6df5754388c41f7bf260c3f1b7604,test_final,C-10,C-2,2513,88.39381408691406
C:\Users\Dell\Desktop\Kacper Błachowiak - praca magisterska - klasyfikacja znaków drogowych\KB_Praca_Magisterska\data\raw\polish_traffic_signs_dataset\test\C-10\2019_1129_162626_042 1543_0.jpg,2019_1129_162626_042 1543_0.jpg,C-10,test_original,.jpg,2869,True,55,53,3,RGB,121.71485900878906,108.60560607910156,52.57418441772461,0.0,0.0106346483704974,ed1d7652d9ebe6021e45a8477e56a347f536e4de23a46aa61499079be5d382ef,test_final,C-10,C-2,2524,121.71485900878906
C:\Users\Dell\Desktop\Kacper Błachowiak - praca magisterska - klasyfikacja znaków drogowych\KB_Praca_Magisterska\data\raw\polish_traffic_signs_dataset\test\C-10\2019_1223_110958_003 1848_0.jpg,2019_1223_110958_003 1848_0.jpg,C-10,test_original,.jpg,2713,True,61,59,3,RGB,184.6269378662109,217.57359313964844,58.738887786865234,0.0019449847179772,0.1194776326757432,d7da13c9050f50092e4a23feaa9cbd067ccc391999ddf7a1b36aebb8a09fd06b,test_final,C-10,C-6,2527,184.6269378662109
C:\Users\Dell\Desktop\Kacper Błachowiak - praca magisterska - klasyfikacja znaków drogowych\KB_Praca_Magisterska\data\raw\polish_traffic_signs_dataset\test\C-12\2019_0811_175830_003 0410_0.jpg,2019_0811_175830_003 0410_0.jpg,C-12,test_original,.jpg,3170,True,53,57,3,RGB,182.12744140625,181.7831878662109,58.37890625,0.0,0.1764316451506123,b2033065066a59c48ae2e6fcc19540d22e5b6a9081012f02de32ca89ba86f42f,test_final,C-12,D-2,2590,182.12744140625
C:\Users\Dell\Desktop\Kacper Błachowiak - praca magisterska - klasyfikacja znaków drogowych\KB_Praca_Magisterska\data\raw\polish_traffic_signs_dataset\test\C-12\2019_0811_175830_003 0411_0.jpg,2019_0811_175830_003 0411_0.jpg,C-12,test_original,.jpg,4568,True,74,73,3,RGB,187.8772125244141,209.00588989257807,56.2900619506836,0.0,0.2099222510181414,8d17ad329255880f38d4fa9eb23e05d710465939123d459dcb1b39933bc74328,test_final,C-12,D-2,2591,187.8772125244141
C:\Users\Dell\Desktop\Kacper Błachowiak - praca magisterska - klasyfikacja znaków drogowych\KB_Praca_Magisterska\data\raw\polish_traffic_signs_dataset\test\C-12\2019_0811_175830_003 0412_0.jpg,2019_0811_175830_003 0412_0.jpg,C-12,test_original,.jpg,8854,True,139,125,3,RGB,210.4818420410156,208.1671905517578,33.710411071777344,0.0,0.2966330935251798,a312080cb9360b592b3fd599a00a0b203fba1c03a4a9221b5c4468bb360ef021,test_final,C-12,D-2,2592,210.4818420410156
C:\Users\Dell\Desktop\Kacper Błachowiak - praca magisterska - klasyfikacja znaków drogowych\KB_Praca_Magisterska\data\raw\polish_traffic_signs_dataset\test\C-12\2019_0814_162326_004 1607_0.jpg,2019_0814_162326_004 1607_0.jpg,C-12,test_original,.jpg,5883,True,82,94,3,RGB,157.46328735351562,136.314697265625,64.21810150146484,0.0063570316554229,0.1680072651790347,663a0e419cb9bb36a0482c63c56cbd73a7070fa59b5a9606e7a6318f21929102,test_final,C-12,D-2,2605,157.46328735351562
C:\Users\Dell\Desktop\Kacper Błachowiak - praca magisterska - klasyfikacja znaków drogowych\KB_Praca_Magisterska\data\raw\polish_traffic_signs_dataset\test\C-12\2019_0814_162326_004 1608_0.jpg,2019_0814_162326_004 1608_0.jpg,C-12,test_original,.jpg,10157,True,124,143,3,RGB,131.0745391845703,123.81680297851562,78.33881378173828,0.1229979697721633,0.1846943379201443,acda606c7aacd5ad523dec400932b8329542084f24702072535fe78f43466185,test_final,C-12,D-2,2606,131.0745391845703
C:\Users\Dell\Desktop\Kacper Błachowiak - praca magisterska - klasyfikacja znaków drogowych\KB_Praca_Magisterska\data\raw\polish_traffic_signs_dataset\test\C-12\2019_0814_162326_004 1672_0.jpg,2019_0814_162326_004 1672_0.jpg,C-12,test_original,.jpg,3420,True,43,69,3,RGB,134.91188049316406,134.106201171875,69.66988372802734,0.0390967307044152,0.0943714189416919,20094df7fae958e45e7fcac679432f42a1cd169614c32b8f0cc58672e919ceca,test_final,C-12,B-8,2613,134.91188049316406
C:\Users\Dell\Desktop\Kacper Błachowiak - praca magisterska - klasyfikacja znaków drogowych\KB_Praca_Magisterska\data\raw\polish_traffic_signs_dataset\test\C-12\2019_0905_182313_001 0037_0.jpg,2019_0905_182313_001 0037_0.jpg,C-12,test_original,.jpg,2151,True,45,41,3,RGB,167.24864196777344,154.3184051513672,52.48598861694336,0.0,0.1463414634146341,1da9cfc0e6f28c88a89b6a769df7f6cc57f787bb59fb93095229ef65d4bf946c,test_final,C-12,G-3,2655,167.24864196777344
C:\Users\Dell\Desktop\Kacper Błachowiak - praca magisterska - klasyfikacja znaków drogowych\KB_Praca_Magisterska\data\raw\polish_traffic_signs_dataset\test\C-12\2019_0905_182313_001 0038_0.jpg,2019_0905_182313_001 0038_0.jpg,C-12,test_original,.jpg,3732,True,70,66,3,RGB,182.33030700683597,175.30459594726562,45.74832534790039,0.0004329004329004,0.1283549783549783,2c47776c55aa28ae7e6cf4540ca06c1efc84bb77cd615b5cd673c3ad2e66c48f,test_final,C-12,B-1,2656,182.33030700683597
C:\Users\Dell\Desktop\Kacper Błachowiak - praca magisterska - klasyfikacja znaków drogowych\KB_Praca_Magisterska\data\raw\polish_traffic_signs_dataset\test\C-12\2019_0905_182313_001 0039_0.jpg,2019_0905_182313_001 0039_0.jpg,C-12,test_original,.jpg,7704,True,121,116,3,RGB,180.69204711914065,181.81610107421875,47.75631713867188,0.000427472214306,0.121972071815332,1a4413094399433d98ea87dfe5fa523c13ebe33417418056345834ef0f778e60,test_final,C-12,D-2,2657,180.69204711914065
C:\Users\Dell\Desktop\Kacper Błachowiak - praca magisterska - klasyfikacja znaków drogowych\KB_Praca_Magisterska\data\raw\polish_traffic_signs_dataset\test\C-13\2019_0726_185626_003 042_0.jpg,2019_0726_185626_003 042_0.jpg,C-13,test_original,.jpg,5234,True,94,100,3,RGB,86.00312805175781,58.28339767456055,61.90139389038086,0.0259574468085106,0.0,98365e2d351fb6d8ee67b94e58920f7aedb6623b62be163953d45af0469dbb4d,test_final,C-13,C-12,2663,86.00312805175781
C:\Users\Dell\Desktop\Kacper Błachowiak - praca magisterska - klasyfikacja znaków drogowych\KB_Praca_Magisterska\data\raw\polish_traffic_signs_dataset\test\C-13-C-16\2019_0721_171043_003 0672_0.jpg,2019_0721_171043_003 0672_0.jpg,C-13-C-16,test_original,.jpg,4832,True,79,65,3,RGB,118.1742706298828,92.6991958618164,57.479862213134766,0.0052580331061343,0.0403115871470301,691f216425204738aae7ee31941a2d9a9d8723073650a51e62e028dd8ed0b9b7,test_final,C-13-C-16,C-12,2671,118.1742706298828
C:\Users\Dell\Desktop\Kacper Błachowiak - praca magisterska - klasyfikacja znaków drogowych\KB_Praca_Magisterska\data\raw\polish_traffic_signs_dataset\test\C-13-C-16\2019_0811_175830_003 0641_0.jpg,2019_0811_175830_003 0641_0.jpg,C-13-C-16,test_original,.jpg,3529,True,61,49,3,RGB,163.7735595703125,149.88739013671875,59.63875198364258,0.0046838407494145,0.112746738039478,05f7eea51da05419749aeaf69efa20631f7757a5acc121beeaae9ad06adb7249,test_final,C-13-C-16,B-8,2678,163.7735595703125
C:\Users\Dell\Desktop\Kacper Błachowiak - praca magisterska - klasyfikacja znaków drogowych\KB_Praca_Magisterska\data\raw\polish_traffic_signs_dataset\test\C-16\2019_0811_175830_003 0419_0.jpg,2019_0811_175830_003 0419_0.jpg,C-16,test_original,.jpg,3967,True,59,70,3,RGB,148.29071044921875,127.30860900878906,67.12242126464844,0.0276029055690072,0.0881355932203389,a82e5c03e1fe74720950a4f34e048186f8a3f10a021146ce71b49ba199a36530,test_final,C-16,C-9,2700,148.29071044921875
C:\Users\Dell\Desktop\Kacper Błachowiak - praca magisterska - klasyfikacja znaków drogowych\KB_Praca_Magisterska\data\raw\polish_traffic_signs_dataset\test\C-16\2019_0815_090538_005 0648_0.jpg,2019_0815_090538_005 0648_0.jpg,C-16,test_original,.jpg,1653,True,43,40,3,RGB,67.1009750366211,56.34510040283203,32.04581069946289,0.0011627906976744,0.005813953488372,6c8549be8a1ad5a75ec4aed5a6ead7812026655e66598d12e9e1a2022a385441,test_final,C-16,C-9,2705,67.1009750366211
C:\Users\Dell\Desktop\Kacper Błachowiak - praca magisterska - klasyfikacja znaków drogowych\KB_Praca_Magisterska\data\raw\polish_traffic_signs_dataset\test\C-16\2019_0815_090538_005 0666_0.jpg,2019_0815_090538_005 0666_0.jpg,C-16,test_original,.jpg,4885,True,108,110,3,RGB,101.26795959472656,60.22359848022461,76.12680053710938,0.0032828282828282,0.0085016835016835,1909c4220519d0c960e3acd3541b4aa704b97caba3a9a561bc1e54c94d36ed9f,test_final,C-16,C-2,2708,101.26795959472656
C:\Users\Dell\Desktop\Kacper Błachowiak - praca magisterska - klasyfikacja znaków drogowych\KB_Praca_Magisterska\data\raw\polish_traffic_signs_dataset\test\C-4\2019_0721_181936_005 233_mirrored_0.jpg,2019_0721_181936_005 233_mirrored_0.jpg,C-4,test_original,.jpg,1066,True,33,41,3,RGB,12.976486206054688,15.0,7.606848239898682,0.8529194382852919,0.0,df1af5c36a247d87fbbc2a5f5b8c3fb04ed83a59af1d3d3510f25a0fe0bff42b,test_final,C-4,C-12,2721,12.976486206054688
C:\Users\Dell\Desktop\Kacper Błachowiak - praca magisterska - klasyfikacja znaków drogowych\KB_Praca_Magisterska\data\raw\polish_traffic_signs_dataset\test\C-4\2019_0809_155001_003 0125_mirrored_0.jpg,2019_0809_155001_003 0125_mirrored_0.jpg,C-4,test_original,.jpg,2966,True,65,61,3,RGB,39.42756271362305,29.097198486328125,31.430496215820312,0.2443883984867591,0.0,f3e6d1fb590b82f1d98079ebfde5626a7bea10bc301f6cfb8b06716b9cb5a2e2,test_final,C-4,C-9,2724,39.42756271362305
C:\Users\Dell\Desktop\Kacper Błachowiak - praca magisterska - klasyfikacja znaków drogowych\KB_Praca_Magisterska\data\raw\polish_traffic_signs_dataset\test\C-4\2019_0809_155001_003 0856_mirrored_0.jpg,2019_0809_155001_003 0856_mirrored_0.jpg,C-4,test_original,.jpg,1316,True,25,27,3,RGB,103.21682739257812,94.45480346679688,60.48660659790039,0.0459259259259259,0.0,752682ff713e2711f08c5cdb215bd5f1132eadd276b164a4aef7d726af94d30e,test_final,C-4,C-12,2725,103.21682739257812
C:\Users\Dell\Desktop\Kacper Błachowiak - praca magisterska - klasyfikacja znaków drogowych\KB_Praca_Magisterska\data\raw\polish_traffic_signs_dataset\test\C-5\2019_0719_142601_003 0361_0.jpg,2019_0719_142601_003 0361_0.jpg,C-5,test_original,.jpg,935,True,20,19,3,RGB,76.65904235839844,64.00450134277344,36.81864547729492,0.0,0.0,bcb65b105d614f198155e2f6043b36de7d946a97dba19e9052577aaba090a3e7,test_final,C-5,D-3,2732,76.65904235839844
C:\Users\Dell\Desktop\Kacper Błachowiak - praca magisterska - klasyfikacja znaków drogowych\KB_Praca_Magisterska\data\raw\polish_traffic_signs_dataset\test\C-5\2019_0721_181936_005 232_0.jpg,2019_0721_181936_005 232_0.jpg,C-5,test_original,.jpg,3574,True,87,88,3,RGB,66.6309585571289,23.84870147705078,68.4872817993164,0.455067920585162,0.0,d0a07b5f481cb1d6c7e0dd80e2a1c1566529100f95bd72689a35e5c7188c786a,test_final,C-5,C-10,2736,66.6309585571289
C:\Users\Dell\Desktop\Kacper Błachowiak - praca magisterska - klasyfikacja znaków drogowych\KB_Praca_Magisterska\data\raw\polish_traffic_signs_dataset\test\C-5\2019_0721_181936_005 616_0.jpg,2019_0721_181936_005 616_0.jpg,C-5,test_original,.jpg,1382,True,37,39,3,RGB,64.54711151123047,52.589599609375,41.2432861328125,0.0166320166320166,0.018018018018018,f2c65da2153ba34b8b255bb3c90bebad78c154cd1444cb3dc185c0ca90fe927a,test_final,C-5,C-9,2738,64.54711151123047
C:\Users\Dell\Desktop\Kacper Błachowiak - praca magisterska - klasyfikacja znaków drogowych\KB_Praca_Magisterska\data\raw\polish_traffic_signs_dataset\test\C-5\2019_0721_181936_005 623_0.jpg,2019_0721_181936_005 623_0.jpg,C-5,test_original,.jpg,2699,True,65,57,3,RGB,112.39187622070312,64.37020111083984,84.1670150756836,0.0207827260458839,0.0636977058029689,896ceaeeea9014642b64ebed21d2eace1628a66546ca502827b7d62f1639023a,test_final,C-5,C-6,2739,112.39187622070312
C:\Users\Dell\Desktop\Kacper Błachowiak - praca magisterska - klasyfikacja znaków drogowych\KB_Praca_Magisterska\data\raw\polish_traffic_signs_dataset\test\C-5\2019_0809_155001_003 0267_0.jpg,2019_0809_155001_003 0267_0.jpg,C-5,test_original,.jpg,2504,True,42,53,3,RGB,123.40349578857422,93.08599853515624,77.16275787353516,0.0143755615453728,0.1033243486073674,69ba27e4f3724601197bebe2081e3a038896c94edafbf45a3779095b2cd4f4b7,test_final,C-5,C-6,2740,123.40349578857422
C:\Users\Dell\Desktop\Kacper Błachowiak - praca magisterska - klasyfikacja znaków drogowych\KB_Praca_Magisterska\data\raw\polish_traffic_signs_dataset\test\C-5\2019_0809_155001_003 1149_0.jpg,2019_0809_155001_003 1149_0.jpg,C-5,test_original,.jpg,1955,True,37,45,3,RGB,85.98296356201172,77.8114013671875,50.22320556640625,0.0312312312312312,0.0006006006006006,e120aa1c01f7bb785917b9eec637735a05e085f87195c0d53c28ee1a1f6efe92,test_final,C-5,C-16,2744,85.98296356201172
C:\Users\Dell\Desktop\Kacper Błachowiak - praca magisterska - klasyfikacja znaków drogowych\KB_Praca_Magisterska\data\raw\polish_traffic_signs_dataset\test\C-5\2019_0809_162432_004 1011_0.jpg,2019_0809_162432_004 1011_0.jpg,C-5,test_original,.jpg,3006,True,45,75,3,RGB,130.48150634765625,101.56800079345705,58.11214828491211,0.0008888888888888,0.0011851851851851,fbcc7d79e3b47b12e474c9a0093ae7802ef468441e5c3ecb0dd55849b9b8691e,test_final,C-5,C-2,2745,130.48150634765625
C:\Users\Dell\Desktop\Kacper Błachowiak - praca magisterska - klasyfikacja znaków drogowych\KB_Praca_Magisterska\data\raw\polish_traffic_signs_dataset\test\C-5\2019_0811_190715_005 250_0.jpg,2019_0811_190715_005 250_0.jpg,C-5,test_original,.jpg,3945,True,92,89,3,RGB,67.1153793334961,29.567501068115234,69.21968841552734,0.4744748412310698,0.0001221299462628,f569da9e92a5e41fa92dbd13a0293e38b8758c875f929bac8dcaf22ae511a839,test_final,C-5,C-10,2749,67.1153793334961
C:\Users\Dell\Desktop\Kacper Błachowiak - praca magisterska - klasyfikacja znaków drogowych\KB_Praca_Magisterska\data\raw\polish_traffic_signs_dataset\test\C-7\2019_1223_110958_003 0067_0.jpg,2019_1223_110958_003 0067_0.jpg,C-7,test_original,.jpg,3915,True,64,84,3,RGB,135.8896026611328,127.5458984375,58.97685241699219,0.0001860119047619,0.0,02dfe16b6fbe07d64e65a4b9354a0406a49b92659a629280dc4a99bc8efedb45,test_final,C-7,C-12,2778,135.8896026611328
C:\Users\Dell\Desktop\Kacper Błachowiak - praca magisterska - klasyfikacja znaków drogowych\KB_Praca_Magisterska\data\raw\polish_traffic_signs_dataset\test\C-9\2019_0714_142630_003 093_0.jpg,2019_0714_142630_003 093_0.jpg,C-9,test_original,.jpg,1820,True,36,41,3,RGB,101.03338623046876,58.4932975769043,85.97470092773438,0.1666666666666666,0.0440379403794037,2d305f48460af38582f8732710922e0b8ab19857d769e43d97acc3d8471a1a26,test_final,C-9,C-12,2780,101.03338623046876
C:\Users\Dell\Desktop\Kacper Błachowiak - praca magisterska - klasyfikacja znaków drogowych\KB_Praca_Magisterska\data\raw\polish_traffic_signs_dataset\test\C-9\2019_0719_142601_003 1236_0.jpg,2019_0719_142601_003 1236_0.jpg,C-9,test_original,.jpg,1485,True,29,31,3,RGB,130.3334197998047,113.7340087890625,61.2577018737793,0.0044493882091212,0.0600667408231368,84f0243392018d66c5d2343089ccb91e292dd705ab1a72e4d30dd01a40cc1468,test_final,C-9,C-4,2791,130.3334197998047
C:\Users\Dell\Desktop\Kacper Błachowiak - praca magisterska - klasyfikacja znaków drogowych\KB_Praca_Magisterska\data\raw\polish_traffic_signs_dataset\test\C-9\2019_0719_142601_003 1245_0.jpg,2019_0719_142601_003 1245_0.jpg,C-9,test_original,.jpg,2103,True,42,44,3,RGB,83.59705352783203,69.9635009765625,46.682159423828125,0.0081168831168831,0.0,a74dd6fd75c002a2a960fb998a339b0ec363434b49bb18074b187e2592732378,test_final,C-9,C-13,2793,83.59705352783203
C:\Users\Dell\Desktop\Kacper Błachowiak - praca magisterska - klasyfikacja znaków drogowych\KB_Praca_Magisterska\data\raw\polish_traffic_signs_dataset\test\C-9\2019_0719_142601_003 1330_1.jpg,2019_0719_142601_003 1330_1.jpg,C-9,test_original,.jpg,1244,True,24,27,3,RGB,124.6407470703125,105.69020080566406,62.74147033691406,0.0030864197530864,0.0108024691358024,36173b76dd04ff527906ef3c44ae5d37fe17cb6a63c19e103a58efb497755e71,test_final,C-9,C-4,2799,124.6407470703125
C:\Users\Dell\Desktop\Kacper Błachowiak - praca magisterska - klasyfikacja znaków drogowych\KB_Praca_Magisterska\data\raw\polish_traffic_signs_dataset\test\C-9\2019_0719_142601_003 1331_0.jpg,2019_0719_142601_003 1331_0.jpg,C-9,test_original,.jpg,6327,True,82,183,3,RGB,142.12632751464844,176.6077880859375,70.49996185302734,0.0005331200852992,0.0010662401705984,7c14cf5eb4c96a67b4e03435ca7e0cdf2eec48875998aa958cfb317009b64cd2,test_final,C-9,C-4,2800,142.12632751464844
C:\Users\Dell\Desktop\Kacper Błachowiak - praca magisterska - klasyfikacja znaków drogowych\KB_Praca_Magisterska\data\raw\polish_traffic_signs_dataset\test\C-9\2019_0719_142601_003 1799_0.jpg,2019_0719_142601_003 1799_0.jpg,C-9,test_original,.jpg,1524,True,35,30,3,RGB,91.64522552490234,79.17289733886719,46.93342590332031,0.0057142857142857,0.0085714285714285,d8cb883c6619ab07dfee91fe16366c3409ebfa264e33f0167bd78515af435178,test_final,C-9,C-4,2822,91.64522552490234
C:\Users\Dell\Desktop\Kacper Błachowiak - praca magisterska - klasyfikacja znaków drogowych\KB_Praca_Magisterska\data\raw\polish_traffic_signs_dataset\test\C-9\2019_0719_142601_003 1854_0.jpg,2019_0719_142601_003 1854_0.jpg,C-9,test_original,.jpg,2840,True,57,55,3,RGB,109.60142517089844,97.73079681396484,53.41914749145508,0.0012759170653907,0.011164274322169,677e1d0121bea12c6026f6559a0627f0f270d7e85cc42cb668fbf0f197dd5621,test_final,C-9,C-13,2827,109.60142517089844
C:\Users\Dell\Desktop\Kacper Błachowiak - praca magisterska - klasyfikacja znaków drogowych\KB_Praca_Magisterska\data\raw\polish_traffic_signs_dataset\test\C-9\2019_0719_142601_003 2048_0.jpg,2019_0719_142601_003 2048_0.jpg,C-9,test_original,.jpg,1531,True,42,29,3,RGB,73.99384307861328,59.52579879760742,42.239105224609375,0.0032840722495894,0.0032840722495894,7edbc7bbce1b3cc05fdabd612e35c1e35d43eb9e21d4c64934db977a068d886a,test_final,C-9,C-4,2835,73.99384307861328
C:\Users\Dell\Desktop\Kacper Błachowiak - praca magisterska - klasyfikacja znaków drogowych\KB_Praca_Magisterska\data\raw\polish_traffic_signs_dataset\test\C-9\2019_0719_150032_004 0498_0.jpg,2019_0719_150032_004 0498_0.jpg,C-9,test_original,.jpg,1287,True,29,27,3,RGB,92.51446533203124,77.08940124511719,40.4727897644043,0.0,0.0,d728912d3718882e0e9b35032d9e61646afac181836d20779f03a9d50efa68f9,test_final,C-9,C-4,2841,92.51446533203124
C:\Users\Dell\Desktop\Kacper Błachowiak - praca magisterska - klasyfikacja znaków drogowych\KB_Praca_Magisterska\data\raw\polish_traffic_signs_dataset\test\C-9\2019_0721_171043_003 0510_0.jpg,2019_0721_171043_003 0510_0.jpg,C-9,test_original,.jpg,5684,True,121,110,3,RGB,109.52603149414062,84.38430786132812,53.01145553588867,0.0002253944402704,7.513148009015778e-05,4045a8e4a9be880a5c06d1758104607997f86da6bc13b789ff92de5274f3063d,test_final,C-9,C-7,2857,109.52603149414062
C:\Users\Dell\Desktop\Kacper Błachowiak - praca magisterska - klasyfikacja znaków drogowych\KB_Praca_Magisterska\data\raw\polish_traffic_signs_dataset\test\C-9\2019_0809_155001_003 1449_0.jpg,2019_0809_155001_003 1449_0.jpg,C-9,test_original,.jpg,2505,True,49,49,3,RGB,151.19322204589844,128.40980529785156,64.63603973388672,0.0008329862557267,0.0728862973760933,1546a2f192d3cf32d6389f7d87cc8f86df45c295b63ec7b33bb1ae25cc157fa2,test_final,C-9,C-13,2889,151.19322204589844
C:\Users\Dell\Desktop\Kacper Błachowiak - praca magisterska - klasyfikacja znaków drogowych\KB_Praca_Magisterska\data\raw\polish_traffic_signs_dataset\test\C-9\2019_0809_155001_003 1660_0.jpg,2019_0809_155001_003 1660_0.jpg,C-9,test_original,.jpg,2917,True,51,57,3,RGB,101.88390350341795,87.3904037475586,50.64253234863281,0.0058479532163742,0.001031991744066,05a91ff6350fc465ef9538d2979ee18f7e03ea692162167f3593c4c2c05fe176,test_final,C-9,C-13,2902,101.88390350341795
C:\Users\Dell\Desktop\Kacper Błachowiak - praca magisterska - klasyfikacja znaków drogowych\KB_Praca_Magisterska\data\raw\polish_traffic_signs_dataset\test\C-9\2019_0809_155001_003 1855_0.jpg,2019_0809_155001_003 1855_0.jpg,C-9,test_original,.jpg,1714,True,29,41,3,RGB,95.4119110107422,74.8738021850586,55.29156112670898,0.0109335576114381,0.0008410428931875,5bf64854c2c5b5ce073a87a673acf7328835c1d676387a57bec5c36a672364dc,test_final,C-9,C-13,2907,95.4119110107422
C:\Users\Dell\Desktop\Kacper Błachowiak - praca magisterska - klasyfikacja znaków drogowych\KB_Praca_Magisterska\data\raw\polish_traffic_signs_dataset\test\C-9\2019_0809_162432_004 0993_0.jpg,2019_0809_162432_004 0993_0.jpg,C-9,test_original,.jpg,5300,True,94,114,3,RGB,92.82798767089844,109.06329345703124,51.96875381469727,0.0053191489361702,0.0,346ba4d2104b46c15cbcfcaf44161740c4547c52d6f47910a9c95141a36ecb80,test_final,C-9,C-7,2935,92.82798767089844
C:\Users\Dell\Desktop\Kacper Błachowiak - praca magisterska - klasyfikacja znaków drogowych\KB_Praca_Magisterska\data\raw\polish_traffic_signs_dataset\test\C-9\2019_0811_183255_004 0345_0.jpg,2019_0811_183255_004 0345_0.jpg,C-9,test_original,.jpg,2717,True,57,61,3,RGB,61.39473724365234,48.57760238647461,43.68220138549805,0.0209951107276387,0.0069025021570319,5323a38f8eb16cad6a6fbc74b92fd8731954ecac8151c29f4fae4ffafa94ae44,test_final,C-9,C-4,2952,61.39473724365234
C:\Users\Dell\Desktop\Kacper Błachowiak - praca magisterska - klasyfikacja znaków drogowych\KB_Praca_Magisterska\data\raw\polish_traffic_signs_dataset\test\C-9\2019_0814_154857_003 0178_0.jpg,2019_0814_154857_003 0178_0.jpg,C-9,test_original,.jpg,1776,True,41,35,3,RGB,78.9579849243164,72.04019927978516,52.05642318725586,0.0585365853658536,0.0,93be7d763871daf7f51ca0bc8d550ef2fd6b9e1a15aa6ad00f448bd623116fbf,test_final,C-9,C-16,2976,78.9579849243164
C:\Users\Dell\Desktop\Kacper Błachowiak - praca magisterska - klasyfikacja znaków drogowych\KB_Praca_Magisterska\data\raw\polish_traffic_signs_dataset\test\C-9\2019_0814_162326_004 1652_0.jpg,2019_0814_162326_004 1652_0.jpg,C-9,test_original,.jpg,1591,True,28,34,3,RGB,103.35423278808594,88.42329406738281,51.8149528503418,0.0063025210084033,0.0136554621848739,8fbf084a348865657683dae67e8d2598f783c65f4d948c5a90591e802864664e,test_final,C-9,C-13,3007,103.35423278808594
C:\Users\Dell\Desktop\Kacper Błachowiak - praca magisterska - klasyfikacja znaków drogowych\KB_Praca_Magisterska\data\raw\polish_traffic_signs_dataset\test\C-9\2019_0815_090538_005 0637_0.jpg,2019_0815_090538_005 0637_0.jpg,C-9,test_original,.jpg,1816,True,47,59,3,RGB,48.16601943969727,40.73040390014648,21.867023468017575,0.0075730256040389,0.0003606202668589,31c5bb130af7a5cc886ef49b47aa30cdbe951984e814bc43c057c0e1b306a410,test_final,C-9,B-36,3020,48.16601943969727
C:\Users\Dell\Desktop\Kacper Błachowiak - praca magisterska - klasyfikacja znaków drogowych\KB_Praca_Magisterska\data\raw\polish_traffic_signs_dataset\test\D-1\2019_0719_150032_004 0674_0.jpg,2019_0719_150032_004 0674_0.jpg,D-1,test_original,.jpg,1537,True,41,41,3,RGB,203.7543182373047,229.59197998046875,40.92253875732422,0.0,0.0315288518738845,724112fa6bc9b4b1c01afaf56e967fd56db3fef885de829d9839bf6f4b053c4a,test_final,D-1,B-1,3040,203.7543182373047
C:\Users\Dell\Desktop\Kacper Błachowiak - praca magisterska - klasyfikacja znaków drogowych\KB_Praca_Magisterska\data\raw\polish_traffic_signs_dataset\test\D-1\2019_0721_171043_003 0656_0.jpg,2019_0721_171043_003 0656_0.jpg,D-1,test_original,.jpg,1730,True,36,40,3,RGB,159.78038024902344,179.31809997558594,69.0544662475586,0.0138888888888888,0.0569444444444444,6ee26f1710c1e0f14cd1ebbc312c2e3043b39848283cbc74c2ae46d93c45c33e,test_final,D-1,D-2,3074,159.78038024902344
C:\Users\Dell\Desktop\Kacper Błachowiak - praca magisterska - klasyfikacja znaków drogowych\KB_Praca_Magisterska\data\raw\polish_traffic_signs_dataset\test\D-1\2019_0721_171043_003 0713_0.jpg,2019_0721_171043_003 0713_0.jpg,D-1,test_original,.jpg,1472,True,37,35,3,RGB,198.81915283203125,206.35281372070312,32.65718460083008,0.0,0.0007722007722007,4fe2d04eec295a17e2f476c0f2102e5ec4837002fec301516d1a515859680b8c,test_final,D-1,A-1,3083,198.81915283203125
C:\Users\Dell\Desktop\Kacper Błachowiak - praca magisterska - klasyfikacja znaków drogowych\KB_Praca_Magisterska\data\raw\polish_traffic_signs_dataset\test\D-1\2019_0721_171043_003 0714_0.jpg,2019_0721_171043_003 0714_0.jpg,D-1,test_original,.jpg,3037,True,72,69,3,RGB,209.90614318847656,213.2257843017578,21.02974510192871,0.0,0.0205314009661835,b6663644a86f10cf0b4df931dd9188a327e19e172425c03e32603f1df6c1bd00,test_final,D-1,A-1,3084,209.90614318847656
C:\Users\Dell\Desktop\Kacper Błachowiak - praca magisterska - klasyfikacja znaków drogowych\KB_Praca_Magisterska\data\raw\polish_traffic_signs_dataset\test\D-1\2019_0721_171043_003 0734_0.jpg,2019_0721_171043_003 0734_0.jpg,D-1,test_original,.jpg,1546,True,41,35,3,RGB,203.65350341796875,206.9229888916016,25.85211563110352,0.0,0.0076655052264808,77c088373c0295574fb00b51f9e2afc336e2c7aa2cd20729bcc413c4f56dac04,test_final,D-1,A-1,3086,203.65350341796875
C:\Users\Dell\Desktop\Kacper Błachowiak - praca magisterska - klasyfikacja znaków drogowych\KB_Praca_Magisterska\data\raw\polish_traffic_signs_dataset\test\D-1\2019_0721_171043_003 0739_0.jpg,2019_0721_171043_003 0739_0.jpg,D-1,test_original,.jpg,1522,True,37,39,3,RGB,217.07814025878903,217.8911895751953,16.814590454101562,0.0,0.0297990297990298,e2fb402ac70e4b87596bdbb44990bc5725dc32b021350df15b5bf9ada6ff1682,test_final,D-1,A-1,3088,217.07814025878903
C:\Users\Dell\Desktop\Kacper Błachowiak - praca magisterska - klasyfikacja znaków drogowych\KB_Praca_Magisterska\data\raw\polish_traffic_signs_dataset\test\D-1\2019_0721_171043_003 0799_0.jpg,2019_0721_171043_003 0799_0.jpg,D-1,test_original,.jpg,1768,True,49,45,3,RGB,204.3670959472656,207.16061401367188,16.16501235961914,0.0,0.000453514739229,b540e72b342b7c88c2276eef668f0490c22930e93ba2460cafe9b505a9297651,test_final,D-1,A-1,3094,204.3670959472656
C:\Users\Dell\Desktop\Kacper Błachowiak - praca magisterska - klasyfikacja znaków drogowych\KB_Praca_Magisterska\data\raw\polish_traffic_signs_dataset\test\D-1\2019_0721_171043_003 0804_0.jpg,2019_0721_171043_003 0804_0.jpg,D-1,test_original,.jpg,2399,True,49,63,3,RGB,172.06460571289062,190.5587921142578,49.930294036865234,0.0,0.0485908649173955,b4f1bc8e084c75c931fc921c28244f80bfcbf12a8b9a0acd57282dd3eb714b40,test_final,D-1,D-2,3096,172.06460571289062
C:\Users\Dell\Desktop\Kacper Błachowiak - praca magisterska - klasyfikacja znaków drogowych\KB_Praca_Magisterska\data\raw\polish_traffic_signs_dataset\test\D-1\2019_0721_171043_003 0826_0.jpg,2019_0721_171043_003 0826_0.jpg,D-1,test_original,.jpg,1562,True,30,37,3,RGB,151.5255889892578,130.55661010742188,71.63758850097656,0.0009009009009009,0.1684684684684684,3ddff023901f5959dd502bca3b762357eef9fed28b87d94cb72f692c250fc710,test_final,D-1,D-2,3098,151.5255889892578
C:\Users\Dell\Desktop\Kacper Błachowiak - praca magisterska - klasyfikacja znaków drogowych\KB_Praca_Magisterska\data\raw\polish_traffic_signs_dataset\test\D-1\2019_0726_185626_003 062_0.jpg,2019_0726_185626_003 062_0.jpg,D-1,test_original,.jpg,1949,True,57,41,3,RGB,210.29537963867188,217.03659057617188,33.88362503051758,0.0,0.0440735986307231,72d3d83d14dcaff0bca7fcc1dae85d4ca4b61b9c4892a78a866caac788de6697,test_final,D-1,A-1,3121,210.29537963867188
C:\Users\Dell\Desktop\Kacper Błachowiak - praca magisterska - klasyfikacja znaków drogowych\KB_Praca_Magisterska\data\raw\polish_traffic_signs_dataset\test\D-1\2019_0726_185626_003 074_0.jpg,2019_0726_185626_003 074_0.jpg,D-1,test_original,.jpg,1527,True,43,34,3,RGB,224.1879425048828,224.00421142578125,22.02447509765625,0.0,0.1696306429548563,50e9d64ebc4ba1ae62e526871fe59ab2bf4f41ba60eea3604420f5883d0123cc,test_final,D-1,A-1,3126,224.1879425048828
C:\Users\Dell\Desktop\Kacper Błachowiak - praca magisterska - klasyfikacja znaków drogowych\KB_Praca_Magisterska\data\raw\polish_traffic_signs_dataset\test\D-1\2019_0726_185626_003 075_0.jpg,2019_0726_185626_003 075_0.jpg,D-1,test_original,.jpg,3573,True,78,75,3,RGB,224.91925048828125,228.82960510253903,26.51033973693848,0.0,0.152991452991453,9378eb667ed9bb491d710d655b52540317eec967a51639e1e1319d8b293718a1,test_final,D-1,A-1,3127,224.91925048828125
C:\Users\Dell\Desktop\Kacper Błachowiak - praca magisterska - klasyfikacja znaków drogowych\KB_Praca_Magisterska\data\raw\polish_traffic_signs_dataset\test\D-1\2019_0726_185626_003 528_0.jpg,2019_0726_185626_003 528_0.jpg,D-1,test_original,.jpg,2111,True,53,53,3,RGB,225.6349029541016,224.5238037109375,19.988393783569336,0.0007119971520113,0.1797792808828764,6b294c9965000fc7e4debba417dbf3930f7f34f8f86f7241fe5ad5f4445a8684,test_final,D-1,A-1,3133,225.6349029541016
C:\Users\Dell\Desktop\Kacper Błachowiak - praca magisterska - klasyfikacja znaków drogowych\KB_Praca_Magisterska\data\raw\polish_traffic_signs_dataset\test\D-1\2019_0809_155001_003 0253_1.jpg,2019_0809_155001_003 0253_1.jpg,D-1,test_original,.jpg,1501,True,34,35,3,RGB,197.0257110595703,196.3426971435547,31.7707576751709,0.0,0.0327731092436974,dd677c2c37119fa792dd4004db7b74ce3700b90f4bd1f87187ef1f7b8a74239f,test_final,D-1,A-1,3140,197.0257110595703
C:\Users\Dell\Desktop\Kacper Błachowiak - praca magisterska - klasyfikacja znaków drogowych\KB_Praca_Magisterska\data\raw\polish_traffic_signs_dataset\test\D-1\2019_0811_175830_003 0114_0.jpg,2019_0811_175830_003 0114_0.jpg,D-1,test_original,.jpg,3620,True,75,75,3,RGB,217.76715087890625,241.8636016845703,56.84411239624024,0.0051555555555555,0.4033777777777778,c9d461f796d33a4f53ca5f77f3ee5db45b32cb67d370548d928baa4d2c7c6946,test_final,D-1,B-42,3153,217.76715087890625
C:\Users\Dell\Desktop\Kacper Błachowiak - praca magisterska - klasyfikacja znaków drogowych\KB_Praca_Magisterska\data\raw\polish_traffic_signs_dataset\test\D-1\2019_0811_175830_003 0124_0.jpg,2019_0811_175830_003 0124_0.jpg,D-1,test_original,.jpg,2488,True,49,60,3,RGB,201.1680450439453,206.23880004882807,23.44897079467773,0.0,0.0003401360544217,884a235713497018d68acbcdcb3a04a7ba6b4ffed2044ff4266f52b2c22d48f0,test_final,D-1,A-1,3155,201.1680450439453
C:\Users\Dell\Desktop\Kacper Błachowiak - praca magisterska - klasyfikacja znaków drogowych\KB_Praca_Magisterska\data\raw\polish_traffic_signs_dataset\test\D-1\2019_0811_175830_003 0131_0.jpg,2019_0811_175830_003 0131_0.jpg,D-1,test_original,.jpg,2248,True,53,52,3,RGB,223.92759704589844,232.25079345703125,23.324254989624023,0.0,0.0653120464441219,f5f04af7310e308e825e0335907a655a03de34ce10d000b7a60de38d98c6b09a,test_final,D-1,A-1,3157,223.92759704589844
C:\Users\Dell\Desktop\Kacper Błachowiak - praca magisterska - klasyfikacja znaków drogowych\KB_Praca_Magisterska\data\raw\polish_traffic_signs_dataset\test\D-1\2019_0811_175830_003 0132_0.jpg,2019_0811_175830_003 0132_0.jpg,D-1,test_original,.jpg,3654,True,87,84,3,RGB,231.0173797607422,236.5951995849609,19.567018508911133,0.0,0.0992063492063492,f9bf1b5e22294714722e5101f5de116c4a3c02db0cee3968c8d9e6c84c5a4397,test_final,D-1,A-1,3158,231.0173797607422
C:\Users\Dell\Desktop\Kacper Błachowiak - praca magisterska - klasyfikacja znaków drogowych\KB_Praca_Magisterska\data\raw\polish_traffic_signs_dataset\test\D-1\2019_0811_175830_003 0656_0.jpg,2019_0811_175830_003 0656_0.jpg,D-1,test_original,.jpg,2053,True,46,56,3,RGB,139.12242126464844,118.31500244140624,50.66899108886719,0.0,0.0,9c307f01d45a6bd1b035bf21d42ffbb48defcc8a8c1a5d5fa0042a18ec97caed,test_final,D-1,D-2,3176,139.12242126464844
C:\Users\Dell\Desktop\Kacper Błachowiak - praca magisterska - klasyfikacja znaków drogowych\KB_Praca_Magisterska\data\raw\polish_traffic_signs_dataset\test\D-1\2019_0811_175830_003 0657_0.jpg,2019_0811_175830_003 0657_0.jpg,D-1,test_original,.jpg,3656,True,76,81,3,RGB,162.61709594726562,154.35391235351562,47.56564712524414,0.0,0.0001624431448992,b3097a95eec7b9b7fede84890a8f80ac7e80a194a25f8b75901b2a10677d8629,test_final,D-1,D-2,3177,162.61709594726562
C:\Users\Dell\Desktop\Kacper Błachowiak - praca magisterska - klasyfikacja znaków drogowych\KB_Praca_Magisterska\data\raw\polish_traffic_signs_dataset\test\D-1\2019_0811_175830_003 0702_0.jpg,2019_0811_175830_003 0702_0.jpg,D-1,test_original,.jpg,2647,True,59,59,3,RGB,233.91256713867188,234.64720153808597,18.263158798217773,0.0,0.3237575409365125,164eb9655b100ee80e38056e9a87a4ba5931392cf76dbc08db21702ffbd583d0,test_final,D-1,A-1,3180,233.91256713867188
C:\Users\Dell\Desktop\Kacper Błachowiak - praca magisterska - klasyfikacja znaków drogowych\KB_Praca_Magisterska\data\raw\polish_traffic_signs_dataset\test\D-1\2019_0811_175830_003 0763_0.jpg,2019_0811_175830_003 0763_0.jpg,D-1,test_original,.jpg,4593,True,92,96,3,RGB,233.91958618164065,241.86219787597656,26.67859649658203,0.0,0.3675271739130434,2a9ada6ce01abc3ac1cf10f131d2f16513de86a46500ca99c741b8c6e327b291,test_final,D-1,A-1,3185,233.91958618164065
C:\Users\Dell\Desktop\Kacper Błachowiak - praca magisterska - klasyfikacja znaków drogowych\KB_Praca_Magisterska\data\raw\polish_traffic_signs_dataset\test\D-1\2019_0811_175830_003 0970_0.jpg,2019_0811_175830_003 0970_0.jpg,D-1,test_original,.jpg,8936,True,129,129,3,RGB,199.0714874267578,221.77639770507807,59.2901611328125,0.0186286881797968,0.1277567453878973,c399f9750e715480a4e62f2b11ef11b88a376bd9464a0a36762f22178f02d543,test_final,D-1,G-3,3191,199.0714874267578
C:\Users\Dell\Desktop\Kacper Błachowiak - praca magisterska - klasyfikacja znaków drogowych\KB_Praca_Magisterska\data\raw\polish_traffic_signs_dataset\test\D-1\2019_0811_175830_003 1490_0.jpg,2019_0811_175830_003 1490_0.jpg,D-1,test_original,.jpg,6517,True,133,132,3,RGB,138.07252502441406,100.49739837646484,65.28976440429688,0.0052973342447026,0.0027341079972658,78a1e003a43d2efb78b7b95f18b95c0520b6f6f96a66ca0aac6e17d6251a00c4,test_final,D-1,D-2,3198,138.07252502441406
C:\Users\Dell\Desktop\Kacper Błachowiak - praca magisterska - klasyfikacja znaków drogowych\KB_Praca_Magisterska\data\raw\polish_traffic_signs_dataset\test\D-1\2019_0814_154857_003 0618_0.jpg,2019_0814_154857_003 0618_0.jpg,D-1,test_original,.jpg,1441,True,45,31,3,RGB,179.8373260498047,185.8058013916016,33.337440490722656,0.0,0.0014336917562724,73898632865c2a166e7906b8645baf80e95bd47554db57c9db565c29918512e2,test_final,D-1,B-1,3204,179.8373260498047
C:\Users\Dell\Desktop\Kacper Błachowiak - praca magisterska - klasyfikacja znaków drogowych\KB_Praca_Magisterska\data\raw\polish_traffic_signs_dataset\test\D-14\2019_0809_155001_003 1165_1.jpg,2019_0809_155001_003 1165_1.jpg,D-14,test_original,.jpg,3427,True,60,67,3,RGB,136.65988159179688,133.05270385742188,73.26241302490234,0.0014925373134328,0.022636815920398,1698210d37cc04c9fb1561a0f5da437e0e4e2c60388df8fc4a135248c3b20300,test_final,D-14,D-41,3241,136.65988159179688
C:\Users\Dell\Desktop\Kacper Błachowiak - praca magisterska - klasyfikacja znaków drogowych\KB_Praca_Magisterska\data\raw\polish_traffic_signs_dataset\test\D-14\2019_0809_162432_004 1242_0.jpg,2019_0809_162432_004 1242_0.jpg,D-14,test_original,.jpg,8145,True,100,141,3,RGB,135.5491943359375,100.6832046508789,63.09666442871094,0.0033333333333333,0.0902836879432624,4947f5c732345e3d76696f35e69e22bb7f0da9c5b80627a4db08370d043275f5,test_final,D-14,C-5,3248,135.5491943359375
C:\Users\Dell\Desktop\Kacper Błachowiak - praca magisterska - klasyfikacja znaków drogowych\KB_Praca_Magisterska\data\raw\polish_traffic_signs_dataset\test\D-15\2019_0719_142601_003 1674_0.jpg,2019_0719_142601_003 1674_0.jpg,D-15,test_original,.jpg,1420,True,26,43,3,RGB,136.1669158935547,163.88558959960938,69.61444091796875,0.0196779964221824,0.0053667262969588,edcb46bd5f3a848dce72054770b21721db1c69f3315cecc030826f93e37cacb3,test_final,D-15,D-27,3263,136.1669158935547
C:\Users\Dell\Desktop\Kacper Błachowiak - praca magisterska - klasyfikacja znaków drogowych\KB_Praca_Magisterska\data\raw\polish_traffic_signs_dataset\test\D-15\2019_0809_162432_004 0211_0.jpg,2019_0809_162432_004 0211_0.jpg,D-15,test_original,.jpg,2021,True,47,45,3,RGB,95.92979431152344,70.72760009765625,63.16375350952149,0.0505910165484633,0.0,5e3317485213f73ad5bf2de4e84fa38565359bea0534b9ee1ca65e84deb25b44,test_final,D-15,D-tablica,3310,95.92979431152344
C:\Users\Dell\Desktop\Kacper Błachowiak - praca magisterska - klasyfikacja znaków drogowych\KB_Praca_Magisterska\data\raw\polish_traffic_signs_dataset\test\D-15\2019_0811_175830_003 0862_0.jpg,2019_0811_175830_003 0862_0.jpg,D-15,test_original,.jpg,19249,True,210,196,3,RGB,160.17071533203125,128.7615966796875,71.80886840820312,0.0153547133138969,0.2663265306122448,658e60513a0386e12c0d86e2f7f147e7100484c08c8020183eba0a69f75f78d8,test_final,D-15,D-23,3323,160.17071533203125
C:\Users\Dell\Desktop\Kacper Błachowiak - praca magisterska - klasyfikacja znaków drogowych\KB_Praca_Magisterska\data\raw\polish_traffic_signs_dataset\test\D-15\2019_0811_175830_003 1323_0.jpg,2019_0811_175830_003 1323_0.jpg,D-15,test_original,.jpg,3093,True,80,90,3,RGB,125.4717025756836,122.23380279541016,25.683109283447266,0.0,0.0206944444444444,4d8e1c24a10e9f650b1e76a955c529b1b5bd07b13d6593627717a18ee444d6cd,test_final,D-15,D-42,3327,125.4717025756836
C:\Users\Dell\Desktop\Kacper Błachowiak - praca magisterska - klasyfikacja znaków drogowych\KB_Praca_Magisterska\data\raw\polish_traffic_signs_dataset\test\D-15\2019_0814_154857_003 0266_0.jpg,2019_0814_154857_003 0266_0.jpg,D-15,test_original,.jpg,2006,True,37,42,3,RGB,113.94375610351562,76.53260040283203,80.94900512695312,0.0656370656370656,0.0373230373230373,09c558182ba0da0024e5a02cc59fec8a520b4bc8b19e658a0c59ba316c41533c,test_final,D-15,D-26c,3338,113.94375610351562
C:\Users\Dell\Desktop\Kacper Błachowiak - praca magisterska - klasyfikacja znaków drogowych\KB_Praca_Magisterska\data\raw\polish_traffic_signs_dataset\test\D-18\2019_0719_142601_003 1147_0.jpg,2019_0719_142601_003 1147_0.jpg,D-18,test_original,.jpg,1972,True,41,44,3,RGB,146.7173309326172,122.90739440917967,59.917572021484375,0.0,0.0454545454545454,ff0f346f95a8e161d1cb353ee02ea96741b9691d29d3c96f8bea0107796b487a,test_final,D-18,D-18b,3362,146.7173309326172
C:\Users\Dell\Desktop\Kacper Błachowiak - praca magisterska - klasyfikacja znaków drogowych\KB_Praca_Magisterska\data\raw\polish_traffic_signs_dataset\test\D-18\2019_0719_142601_003 1427_0.jpg,2019_0719_142601_003 1427_0.jpg,D-18,test_original,.jpg,2906,True,50,62,3,RGB,101.75457763671876,73.11729431152344,65.70169830322266,0.0361290322580645,0.0129032258064516,faf9c8bb2864c7191faae81bc832698c9e503dca97c7c105865cc07915f16ee6,test_final,D-18,D-tablica,3367,101.75457763671876
C:\Users\Dell\Desktop\Kacper Błachowiak - praca magisterska - klasyfikacja znaków drogowych\KB_Praca_Magisterska\data\raw\polish_traffic_signs_dataset\test\D-18\2019_0721_171043_003 0628_0.jpg,2019_0721_171043_003 0628_0.jpg,D-18,test_original,.jpg,2607,True,36,68,3,RGB,106.3380355834961,71.3323974609375,66.24407196044922,0.0106209150326797,0.0016339869281045,c026560337c28302b94816863ec1cb563bf432978506ac37855cad7b0a7b9c77,test_final,D-18,D-15,3373,106.3380355834961
C:\Users\Dell\Desktop\Kacper Błachowiak - praca magisterska - klasyfikacja znaków drogowych\KB_Praca_Magisterska\data\raw\polish_traffic_signs_dataset\test\D-18\2019_0726_185626_003 072_0.jpg,2019_0726_185626_003 072_0.jpg,D-18,test_original,.jpg,2078,True,46,53,3,RGB,179.56919860839844,223.88031005859372,65.2089614868164,0.0,0.0844954881050041,f162fce1fedd63042b612faf52139f2d4eccc0b0ab3c574961c9b706c004648d,test_final,D-18,D-27,3389,179.56919860839844
C:\Users\Dell\Desktop\Kacper Błachowiak - praca magisterska - klasyfikacja znaków drogowych\KB_Praca_Magisterska\data\raw\polish_traffic_signs_dataset\test\D-18\2019_0726_185626_003 073_0.jpg,2019_0726_185626_003 073_0.jpg,D-18,test_original,.jpg,6090,True,100,110,3,RGB,149.8842315673828,105.13760375976562,62.087440490722656,0.0007272727272727,0.0226363636363636,d255e0a64da519b3247b8b510f035fbac269c596d2b42d82080702b71b30f7de,test_final,D-18,D-4b,3390,149.8842315673828
C:\Users\Dell\Desktop\Kacper Błachowiak - praca magisterska - klasyfikacja znaków drogowych\KB_Praca_Magisterska\data\raw\polish_traffic_signs_dataset\test\D-18\2019_0809_155001_003 1534_0.jpg,2019_0809_155001_003 1534_0.jpg,D-18,test_original,.jpg,5478,True,91,113,3,RGB,115.64979553222656,92.20619201660156,70.67858123779297,0.001361470388019,0.0103082757950014,9708ad2ae874e3013835f4f392b21065180f285b6134ff5b773b52307047d9e1,test_final,D-18,D-18b,3392,115.64979553222656
C:\Users\Dell\Desktop\Kacper Błachowiak - praca magisterska - klasyfikacja znaków drogowych\KB_Praca_Magisterska\data\raw\polish_traffic_signs_dataset\test\D-18\2019_0809_155001_003 1636_0.jpg,2019_0809_155001_003 1636_0.jpg,D-18,test_original,.jpg,4287,True,74,76,3,RGB,109.76207733154295,80.3884048461914,67.83856201171875,0.019203413940256,0.0424964438122332,f0191e621aa146eabfd3e3e82fad95a7982fb35fcde000074fd321e46bd00d3f,test_final,D-18,D-tablica,3393,109.76207733154295
C:\Users\Dell\Desktop\Kacper Błachowiak - praca magisterska - klasyfikacja znaków drogowych\KB_Praca_Magisterska\data\raw\polish_traffic_signs_dataset\test\D-18\2019_0811_183255_004 0329_0.jpg,2019_0811_183255_004 0329_0.jpg,D-18,test_original,.jpg,3320,True,58,63,3,RGB,114.5262222290039,93.93280029296876,64.4700698852539,0.0095785440613026,0.0840175150519978,a2f1faeb9512f0136eec79eb832df1ce81e0f953916a9aafe57d2ca3d28c5808,test_final,D-18,D-18b,3397,114.5262222290039
C:\Users\Dell\Desktop\Kacper Błachowiak - praca magisterska - klasyfikacja znaków drogowych\KB_Praca_Magisterska\data\raw\polish_traffic_signs_dataset\test\D-18\2019_0814_162326_004 0005_0.jpg,2019_0814_162326_004 0005_0.jpg,D-18,test_original,.jpg,2061,True,47,55,3,RGB,44.13383102416992,27.98400115966797,41.89215469360352,0.2599613152804642,0.0,0f6180c917122045e9450354770070f0478def56490308f60be5494b33645204,test_final,D-18,D-23,3413,44.13383102416992
C:\Users\Dell\Desktop\Kacper Błachowiak - praca magisterska - klasyfikacja znaków drogowych\KB_Praca_Magisterska\data\raw\polish_traffic_signs_dataset\test\D-18\2019_0814_162326_004 0006_0.jpg,2019_0814_162326_004 0006_0.jpg,D-18,test_original,.jpg,4186,True,88,88,3,RGB,42.16671752929688,23.018600463867188,43.2900276184082,0.3402634297520661,0.0,8c1a33216cc308dc135315ec5787e8d5f359220f42955a56be25063dd67f6b12,test_final,D-18,D-23,3414,42.16671752929688
C:\Users\Dell\Desktop\Kacper Błachowiak - praca magisterska - klasyfikacja znaków drogowych\KB_Praca_Magisterska\data\raw\polish_traffic_signs_dataset\test\D-18b\2019_0809_155001_003 0255_0.jpg,2019_0809_155001_003 0255_0.jpg,D-18b,test_original,.jpg,5665,True,77,116,3,RGB,148.79727172851562,120.68899536132812,66.75598907470703,0.0002239140170174,0.1178907299596954,3781be24643cbea5b273fddcec3f6e64963444ea781536d9f0a3e5a27aaebc5e,test_final,D-18b,D-tablica,3422,148.79727172851562
C:\Users\Dell\Desktop\Kacper Błachowiak - praca magisterska - klasyfikacja znaków drogowych\KB_Praca_Magisterska\data\raw\polish_traffic_signs_dataset\test\D-2\2019_0814_162326_004 1753_0.jpg,2019_0814_162326_004 1753_0.jpg,D-2,test_original,.jpg,2521,True,61,55,3,RGB,205.48953247070312,210.77999877929688,53.093353271484375,0.0083457526080476,0.2760059612518629,9b96095eaa9581d79ac7a769538ae1420c3669ea79409e13f73360a93f5ea223,test_final,D-2,B-42,3456,205.48953247070312
C:\Users\Dell\Desktop\Kacper Błachowiak - praca magisterska - klasyfikacja znaków drogowych\KB_Praca_Magisterska\data\raw\polish_traffic_signs_dataset\test\D-23\2019_0719_142601_003 0122_0.jpg,2019_0719_142601_003 0122_0.jpg,D-23,test_original,.jpg,1272,True,27,27,3,RGB,110.7143783569336,111.89120483398438,46.62346649169922,0.0109739368998628,0.0,a4c3e307d558cec5a0310c017ffaf1a817cee42084f64bd6ca2a2c7c865c4221,test_final,D-23,D-26c,3486,110.7143783569336
C:\Users\Dell\Desktop\Kacper Błachowiak - praca magisterska - klasyfikacja znaków drogowych\KB_Praca_Magisterska\data\raw\polish_traffic_signs_dataset\test\D-23\2019_0719_142601_003 0135_0.jpg,2019_0719_142601_003 0135_0.jpg,D-23,test_original,.jpg,1090,True,22,21,3,RGB,116.50407409667967,120.1894073486328,60.45028305053711,0.0303030303030303,0.0,bcfab68aa293e45e0dcdf139fbf03fd761ea5a2ff029708bfb8cb2afd01aadc9,test_final,D-23,D-26c,3487,116.50407409667967
C:\Users\Dell\Desktop\Kacper Błachowiak - praca magisterska - klasyfikacja znaków drogowych\KB_Praca_Magisterska\data\raw\polish_traffic_signs_dataset\test\D-23\2019_0719_142601_003 1063_0.jpg,2019_0719_142601_003 1063_0.jpg,D-23,test_original,.jpg,1809,True,34,38,3,RGB,137.69361877441406,134.1793975830078,64.425537109375,0.0023219814241486,0.0139318885448916,63deb0bdbf0f361557cb4b0b8537a7c01ce91af01aec9aea40112ca054637313,test_final,D-23,D-26c,3490,137.69361877441406
C:\Users\Dell\Desktop\Kacper Błachowiak - praca magisterska - klasyfikacja znaków drogowych\KB_Praca_Magisterska\data\raw\polish_traffic_signs_dataset\test\D-23\2019_0719_142601_003 1147_0.jpg,2019_0719_142601_003 1147_0.jpg,D-23,test_original,.jpg,2423,True,50,52,3,RGB,163.92666625976562,164.99209594726562,56.55711364746094,0.0003846153846153,0.023076923076923,f2e2c1d16d4845875152d874961711984ba5d32b73e1194657e2ae000803c165,test_final,D-23,D-26b,3491,163.92666625976562
C:\Users\Dell\Desktop\Kacper Błachowiak - praca magisterska - klasyfikacja znaków drogowych\KB_Praca_Magisterska\data\raw\polish_traffic_signs_dataset\test\D-23\2019_0721_171043_003 0554_0.jpg,2019_0721_171043_003 0554_0.jpg,D-23,test_original,.jpg,1703,True,33,41,3,RGB,118.5723876953125,109.68140411376952,76.94804382324219,0.0643015521064301,0.0229120473022912,da2f1ba49aadebd4756d8c61fcdfe95045feaf41c3e03e5c17c479f53140fa7d,test_final,D-23,D-18b,3499,118.5723876953125
C:\Users\Dell\Desktop\Kacper Błachowiak - praca magisterska - klasyfikacja znaków drogowych\KB_Praca_Magisterska\data\raw\polish_traffic_signs_dataset\test\D-23\2019_0809_155001_003 1622_0.jpg,2019_0809_155001_003 1622_0.jpg,D-23,test_original,.jpg,1419,True,30,32,3,RGB,127.9587173461914,118.14420318603516,67.36865997314453,0.0302083333333333,0.0,294b89bcf39a874b84553f30ad9f391bb4ee1cd9ca2c446cfb91ff3c5e10f854,test_final,D-23,D-26c,3511,127.9587173461914
C:\Users\Dell\Desktop\Kacper Błachowiak - praca magisterska - klasyfikacja znaków drogowych\KB_Praca_Magisterska\data\raw\polish_traffic_signs_dataset\test\D-23\2019_0809_155001_003 1692_0.jpg,2019_0809_155001_003 1692_0.jpg,D-23,test_original,.jpg,2444,True,47,51,3,RGB,116.21053314208984,103.78980255126952,65.25814056396484,0.0492282019190654,0.0033375052148518,93a520c10d11f59032af56b02751ef9f277109489db1b01c987313b117f7c5f3,test_final,D-23,D-tablica,3512,116.21053314208984
C:\Users\Dell\Desktop\Kacper Błachowiak - praca magisterska - klasyfikacja znaków drogowych\KB_Praca_Magisterska\data\raw\polish_traffic_signs_dataset\test\D-24\2019_0719_142601_003 0135_0.jpg,2019_0719_142601_003 0135_0.jpg,D-24,test_original,.jpg,1011,True,17,22,3,RGB,134.20867919921875,170.42430114746094,67.98780822753906,0.053475935828877,0.0,e898d5d0dda542e2850906a48db35e45ac0ea46dff4296851b09aaa69b7540a6,test_final,D-24,D-26c,3544,134.20867919921875
C:\Users\Dell\Desktop\Kacper Błachowiak - praca magisterska - klasyfikacja znaków drogowych\KB_Praca_Magisterska\data\raw\polish_traffic_signs_dataset\test\D-26\2019_0719_142601_003 1147_0.jpg,2019_0719_142601_003 1147_0.jpg,D-26,test_original,.jpg,1854,True,45,43,3,RGB,167.65577697753906,208.4315948486328,62.985477447509766,0.0010335917312661,0.0196382428940568,b1fefc1c437be8855a3fc28ea0e5cb85f261512c76d8a2ec0d74732d620f40c1,test_final,D-26,D-26c,3553,167.65577697753906
C:\Users\Dell\Desktop\Kacper Błachowiak - praca magisterska - klasyfikacja znaków drogowych\KB_Praca_Magisterska\data\raw\polish_traffic_signs_dataset\test\D-26\2019_0721_181936_005 159_0.jpg,2019_0721_181936_005 159_0.jpg,D-26,test_original,.jpg,5009,True,93,133,3,RGB,36.44450759887695,25.82979965209961,40.053253173828125,0.4700460829493088,0.0,0a38a62ca6f45f2bc7111c311bbdefe3006d6e7bfc7a01a783f5c3210fd27765,test_final,D-26,D-18,3555,36.44450759887695
C:\Users\Dell\Desktop\Kacper Błachowiak - praca magisterska - klasyfikacja znaków drogowych\KB_Praca_Magisterska\data\raw\polish_traffic_signs_dataset\test\D-26\2019_0809_155001_003 0390_0.jpg,2019_0809_155001_003 0390_0.jpg,D-26,test_original,.jpg,1409,True,31,35,3,RGB,153.5260772705078,175.22579956054688,65.02928924560547,0.0138248847926267,0.0396313364055299,f63bb331fa1f3cab0386e5e21957e35c1a97512b23e3bf20a6e839e01226df87,test_final,D-26,D-26b,3556,153.5260772705078
C:\Users\Dell\Desktop\Kacper Błachowiak - praca magisterska - klasyfikacja znaków drogowych\KB_Praca_Magisterska\data\raw\polish_traffic_signs_dataset\test\D-26\2019_0809_155001_003 0687_0.jpg,2019_0809_155001_003 0687_0.jpg,D-26,test_original,.jpg,2536,True,43,57,3,RGB,123.84052276611328,95.28699493408205,80.8212661743164,0.0534475724194206,0.0244798041615667,24f507dd5bc01fde8cfcb35c071798df40ff196df09cc068d41591119e1b1303,test_final,D-26,D-26b,3557,123.84052276611328
C:\Users\Dell\Desktop\Kacper Błachowiak - praca magisterska - klasyfikacja znaków drogowych\KB_Praca_Magisterska\data\raw\polish_traffic_signs_dataset\test\D-26b\2019_0721_181936_005 387_0.jpg,2019_0721_181936_005 387_0.jpg,D-26b,test_original,.jpg,3357,True,84,84,3,RGB,35.70140075683594,48.3661994934082,24.376066207885746,0.3655045351473923,0.0,d96e4a699f31bb1009d84c1b294eac217d26d83c3bc47adca30712c9705810c9,test_final,D-26b,D-23,3563,35.70140075683594
C:\Users\Dell\Desktop\Kacper Błachowiak - praca magisterska - klasyfikacja znaków drogowych\KB_Praca_Magisterska\data\raw\polish_traffic_signs_dataset\test\D-26c\2019_0719_142601_003 1483_0.jpg,2019_0719_142601_003 1483_0.jpg,D-26c,test_original,.jpg,1106,True,21,21,3,RGB,161.07513427734375,183.4829864501953,56.25443649291992,0.0,0.0022675736961451,5f3cb512d26b3e24211b95aebd3ea2705bba9684f32eb7788f879d8de86ac849,test_final,D-26c,D-24,3572,161.07513427734375
C:\Users\Dell\Desktop\Kacper Błachowiak - praca magisterska - klasyfikacja znaków drogowych\KB_Praca_Magisterska\data\raw\polish_traffic_signs_dataset\test\D-27\2019_0719_142601_003 0279_0.jpg,2019_0719_142601_003 0279_0.jpg,D-27,test_original,.jpg,1236,True,31,27,3,RGB,102.37307739257812,124.6709976196289,53.831485748291016,0.087216248506571,0.0,6ea16c6969ffe17bb607a6d3a68fdd2452df59a266bbf46fb0851c681e514c66,test_final,D-27,D-24,3586,102.37307739257812
C:\Users\Dell\Desktop\Kacper Błachowiak - praca magisterska - klasyfikacja znaków drogowych\KB_Praca_Magisterska\data\raw\polish_traffic_signs_dataset\test\D-27\2019_0814_154857_003 1047_0.jpg,2019_0814_154857_003 1047_0.jpg,D-27,test_original,.jpg,3184,True,57,59,3,RGB,131.3109130859375,81.81320190429688,80.75714111328125,0.0211121022896223,0.111507582515611,65f538173c61bb8f3a113bdc19439f3620852d42a80136ee6550d1b4776674f8,test_final,D-27,D-15,3593,131.3109130859375
C:\Users\Dell\Desktop\Kacper Błachowiak - praca magisterska - klasyfikacja znaków drogowych\KB_Praca_Magisterska\data\raw\polish_traffic_signs_dataset\test\D-27\2019_0814_154857_003 1048_0.jpg,2019_0814_154857_003 1048_0.jpg,D-27,test_original,.jpg,8492,True,122,136,3,RGB,136.4713134765625,88.0469970703125,83.93192291259766,0.0179001928640308,0.1081243972999035,57d3eafbfe41b7a92e5111b137d4d27d93b609a594b3ef842f88f51c806f4947,test_final,D-27,D-15,3594,136.4713134765625
C:\Users\Dell\Desktop\Kacper Błachowiak - praca magisterska - klasyfikacja znaków drogowych\KB_Praca_Magisterska\data\raw\polish_traffic_signs_dataset\test\D-27\2019_0814_154857_003 1236_0.jpg,2019_0814_154857_003 1236_0.jpg,D-27,test_original,.jpg,3681,True,65,70,3,RGB,108.92344665527344,89.45089721679688,69.68211364746094,0.0514285714285714,0.0008791208791208,831543d4e4911b17cf52fd9b5fc23920cc097265b22aa843fc028adb4318f43f,test_final,D-27,D-15,3596,108.92344665527344
C:\Users\Dell\Desktop\Kacper Błachowiak - praca magisterska - klasyfikacja znaków drogowych\KB_Praca_Magisterska\data\raw\polish_traffic_signs_dataset\test\D-28\2019_0719_142601_003 0213_0.jpg,2019_0719_142601_003 0213_0.jpg,D-28,test_original,.jpg,1101,True,20,21,3,RGB,131.6693878173828,143.3675994873047,72.3517074584961,0.0142857142857142,0.0428571428571428,db0a6da05dd526d4f3e1d6f296bc74396c8443989dce068a99424869e4fb0e20,test_final,D-28,D-26c,3598,131.6693878173828
C:\Users\Dell\Desktop\Kacper Błachowiak - praca magisterska - klasyfikacja znaków drogowych\KB_Praca_Magisterska\data\raw\polish_traffic_signs_dataset\test\D-28\2019_0719_142601_003 0258_0.jpg,2019_0719_142601_003 0258_0.jpg,D-28,test_original,.jpg,862,True,16,15,3,RGB,120.04000854492188,115.064697265625,63.176456451416016,0.0458333333333333,0.0,1d4cff777e0e9819a2a5699e9d08079db9f384c84941c7630a06aad9d79aaa23,test_final,D-28,D-26c,3602,120.04000854492188
C:\Users\Dell\Desktop\Kacper Błachowiak - praca magisterska - klasyfikacja znaków drogowych\KB_Praca_Magisterska\data\raw\polish_traffic_signs_dataset\test\D-28\2019_0719_142601_003 1483_0.jpg,2019_0719_142601_003 1483_0.jpg,D-28,test_original,.jpg,1249,True,23,27,3,RGB,139.49996948242188,133.93179321289062,65.33634948730469,0.0112721417069243,0.0177133655394524,0eb5e8e793da236ed776c332b1b4a59be5a8e6d7b8dc76649cb5860e51311637,test_final,D-28,D-26c,3611,139.49996948242188
C:\Users\Dell\Desktop\Kacper Błachowiak - praca magisterska - klasyfikacja znaków drogowych\KB_Praca_Magisterska\data\raw\polish_traffic_signs_dataset\test\D-28\2019_0719_142601_003 1484_0.jpg,2019_0719_142601_003 1484_0.jpg,D-28,test_original,.jpg,2200,True,53,40,3,RGB,148.50332641601562,181.36248779296875,67.466796875,0.0202830188679245,0.0386792452830188,897d9d5ca810bb827f77367a410cda1b6e3223bb1ae9e35067fe0268393cb0ef,test_final,D-28,B-34,3612,148.50332641601562
C:\Users\Dell\Desktop\Kacper Błachowiak - praca magisterska - klasyfikacja znaków drogowych\KB_Praca_Magisterska\data\raw\polish_traffic_signs_dataset\test\D-29\2019_0719_142601_003 0169_0.jpg,2019_0719_142601_003 0169_0.jpg,D-29,test_original,.jpg,1275,True,25,28,3,RGB,109.75426483154295,116.13970184326172,63.68691253662109,0.0742857142857142,0.0,1964d19e846163a3fd1321bca84ee28c1bdf4e1c60d980f03f290a01638cb4e9,test_final,D-29,D-26c,3631,109.75426483154295
C:\Users\Dell\Desktop\Kacper Błachowiak - praca magisterska - klasyfikacja znaków drogowych\KB_Praca_Magisterska\data\raw\polish_traffic_signs_dataset\test\D-29\2019_0719_142601_003 0213_0.jpg,2019_0719_142601_003 0213_0.jpg,D-29,test_original,.jpg,1023,True,17,25,3,RGB,133.67405700683594,147.3582000732422,74.78632354736328,0.0964705882352941,0.0729411764705882,c63681f979d80253eac0103ee70e7de0bb73fd7acf6485286f5052c85796e319,test_final,D-29,D-15,3632,133.67405700683594
C:\Users\Dell\Desktop\Kacper Błachowiak - praca magisterska - klasyfikacja znaków drogowych\KB_Praca_Magisterska\data\raw\polish_traffic_signs_dataset\test\D-29\2019_0719_142601_003 1167_0.jpg,2019_0719_142601_003 1167_0.jpg,D-29,test_original,.jpg,1772,True,34,35,3,RGB,145.96279907226562,184.45460510253903,80.21996307373047,0.0462184873949579,0.042016806722689,bf3f2ffb663b56c4f663683b64b5b311a065a99d8bed766e1c5f0d0e6f8fc356,test_final,D-29,D-26c,3642,145.96279907226562
C:\Users\Dell\Desktop\Kacper Błachowiak - praca magisterska - klasyfikacja znaków drogowych\KB_Praca_Magisterska\data\raw\polish_traffic_signs_dataset\test\D-29\2019_0809_155001_003 1636_0.jpg,2019_0809_155001_003 1636_0.jpg,D-29,test_original,.jpg,3606,True,57,74,3,RGB,156.7376708984375,211.4738922119141,80.28450012207031,0.0222854433380749,0.0919867235656709,5b91d801850acc5fb6494bd6f754d41adfcc5357f98f4d4bcdc2c9423da60add,test_final,D-29,D-23a,3647,156.7376708984375
C:\Users\Dell\Desktop\Kacper Błachowiak - praca magisterska - klasyfikacja znaków drogowych\KB_Praca_Magisterska\data\raw\polish_traffic_signs_dataset\test\D-3\2019_0719_142601_003 0118_1.jpg,2019_0719_142601_003 0118_1.jpg,D-3,test_original,.jpg,1087,True,23,22,3,RGB,146.7029266357422,127.0281982421875,55.41606521606445,0.0,0.067193675889328,f0b34247a8c935fac92644d5bde7d78d0f337b85016d6fbab4a65bc771f22380,test_final,D-3,C-5,3657,146.7029266357422
C:\Users\Dell\Desktop\Kacper Błachowiak - praca magisterska - klasyfikacja znaków drogowych\KB_Praca_Magisterska\data\raw\polish_traffic_signs_dataset\test\D-3\2019_0719_142601_003 0119_0.jpg,2019_0719_142601_003 0119_0.jpg,D-3,test_original,.jpg,1679,True,35,34,3,RGB,123.35627746582033,96.41209411621094,56.72836685180664,0.0025210084033613,0.0302521008403361,427dcba7c94e4536c7f72952b73afab1e2e3dc96d6364da1ebdfaefa0deb0238,test_final,D-3,D-18,3658,123.35627746582033
C:\Users\Dell\Desktop\Kacper Błachowiak - praca magisterska - klasyfikacja znaków drogowych\KB_Praca_Magisterska\data\raw\polish_traffic_signs_dataset\test\D-3\2019_0719_142601_003 0132_0.jpg,2019_0719_142601_003 0132_0.jpg,D-3,test_original,.jpg,1306,True,26,25,3,RGB,132.25672912597656,112.25920104980467,51.994964599609375,0.0,0.0215384615384615,ade7ebf0425e9aacdbcef20b9d6fb899d2c6dc2eb9570b565b19d54836c1b09d,test_final,D-3,C-2,3659,132.25672912597656
C:\Users\Dell\Desktop\Kacper Błachowiak - praca magisterska - klasyfikacja znaków drogowych\KB_Praca_Magisterska\data\raw\polish_traffic_signs_dataset\test\D-3\2019_0721_181936_005 707_0.jpg,2019_0721_181936_005 707_0.jpg,D-3,test_original,.jpg,1356,True,45,33,3,RGB,31.29680633544922,14.879599571228027,37.52061080932617,0.6915824915824916,0.0,b41ad77ebb93f75c67d33c58ea9449be99a684c56e4a4a7d0c8868e1a5dc8453,test_final,D-3,D-8,3676,31.29680633544922
C:\Users\Dell\Desktop\Kacper Błachowiak - praca magisterska - klasyfikacja znaków drogowych\KB_Praca_Magisterska\data\raw\polish_traffic_signs_dataset\test\D-3\2019_0809_155001_003 0331_0.jpg,2019_0809_155001_003 0331_0.jpg,D-3,test_original,.jpg,1928,True,49,38,3,RGB,125.75061798095705,83.88240051269531,84.53548431396484,0.0241675617615467,0.070891514500537,77f0de061dc1b50063ee9226913c5535236cc7fd7e4a19e8dc7d1b7f58e800a9,test_final,D-3,D-9,3688,125.75061798095705
C:\Users\Dell\Desktop\Kacper Błachowiak - praca magisterska - klasyfikacja znaków drogowych\KB_Praca_Magisterska\data\raw\polish_traffic_signs_dataset\test\D-3\2019_0811_183255_004 1812_0.jpg,2019_0811_183255_004 1812_0.jpg,D-3,test_original,.jpg,3163,True,84,75,3,RGB,71.10797882080078,33.861202239990234,66.75399017333984,0.0449206349206349,0.0001587301587301,a2ca9abf8a70cc069ade3218b8ded57ee454858d83bf9e30402ea0aabbd980fa,test_final,D-3,D-6,3695,71.10797882080078
C:\Users\Dell\Desktop\Kacper Błachowiak - praca magisterska - klasyfikacja znaków drogowych\KB_Praca_Magisterska\data\raw\polish_traffic_signs_dataset\test\D-42\2019_0726_185626_003 522_0.jpg,2019_0726_185626_003 522_0.jpg,D-42,test_original,.jpg,3456,True,85,48,3,RGB,155.20750427246094,206.5,95.26854705810548,0.0985294117647058,0.2041666666666666,0b8df683b2731be4cf3960fc2793f04a3ad3828849053ef4b6469b1ebf90f311,test_final,D-42,D-52,3746,155.20750427246094
C:\Users\Dell\Desktop\Kacper Błachowiak - praca magisterska - klasyfikacja znaków drogowych\KB_Praca_Magisterska\data\raw\polish_traffic_signs_dataset\test\D-43\2019_0811_175830_003 2016_0.jpg,2019_0811_175830_003 2016_0.jpg,D-43,test_original,.jpg,1999,True,70,34,3,RGB,117.60343933105467,82.74040222167969,83.49898529052734,0.0193277310924369,0.2449579831932773,797ab6cdf750c845e9f24193f876c82387cdb6854e2799dcc0f4ee9d8faca668,test_final,D-43,D-53,3801,117.60343933105467
C:\Users\Dell\Desktop\Kacper Błachowiak - praca magisterska - klasyfikacja znaków drogowych\KB_Praca_Magisterska\data\raw\polish_traffic_signs_dataset\test\D-51\2019_0809_155001_003 1988_0.jpg,2019_0809_155001_003 1988_0.jpg,D-51,test_original,.jpg,2143,True,41,47,3,RGB,105.60360717773438,90.1642074584961,47.97738265991211,0.0051894135962636,0.0,7853f0393e5ba8f104e056dc12afe050870de4b46d442e758c2a435853383413,test_final,D-51,D-18b,3858,105.60360717773438
C:\Users\Dell\Desktop\Kacper Błachowiak - praca magisterska - klasyfikacja znaków drogowych\KB_Praca_Magisterska\data\raw\polish_traffic_signs_dataset\test\D-53\2019_0830_154511_013 01_0.jpg,2019_0830_154511_013 01_0.jpg,D-53,test_original,.jpg,8122,True,186,84,3,RGB,217.33316040039065,251.5799865722656,55.07154083251953,0.0085125448028673,0.5922939068100358,51fc8b80a3a4ee7bfefe783a90dbf52396fb46486f79c7c8239ffbac0b595364,test_final,D-53,D-42,3881,217.33316040039065
C:\Users\Dell\Desktop\Kacper Błachowiak - praca magisterska - klasyfikacja znaków drogowych\KB_Praca_Magisterska\data\raw\polish_traffic_signs_dataset\test\D-53\2019_0830_154511_013 02_0.jpg,2019_0830_154511_013 02_0.jpg,D-53,test_original,.jpg,7001,True,180,81,3,RGB,222.55978393554688,251.8699951171875,45.68854904174805,0.0012345679012345,0.5948559670781893,ac12a358f75df8e3d708dd579c6943af0c2f307ee7ed9cab9596b8ef6f517b3f,test_final,D-53,D-42,3882,222.55978393554688
C:\Users\Dell\Desktop\Kacper Błachowiak - praca magisterska - klasyfikacja znaków drogowych\KB_Praca_Magisterska\data\raw\polish_traffic_signs_dataset\test\D-53\2019_0920_161014_042 0095_0.jpg,2019_0920_161014_042 0095_0.jpg,D-53,test_original,.jpg,2483,True,80,37,3,RGB,199.3246612548828,224.1240997314453,51.59749984741211,0.0067567567567567,0.0483108108108108,6e14d94454f5c029e0f86a22958a4c808cb7341c3fdd95b34c70962432ff1b01,test_final,D-53,B-1,3883,199.3246612548828
C:\Users\Dell\Desktop\Kacper Błachowiak - praca magisterska - klasyfikacja znaków drogowych\KB_Praca_Magisterska\data\raw\polish_traffic_signs_dataset\test\D-6\2019_0719_142601_003 1241_1.jpg,2019_0719_142601_003 1241_1.jpg,D-6,test_original,.jpg,3218,True,65,54,3,RGB,165.64663696289062,165.3466033935547,64.48260498046875,0.0008547008547008,0.1769230769230769,5816fceba22373dea0749321eabce6763f6563f77fd92d9a93edcf534992a70d,test_final,D-6,D-6b,3889,165.64663696289062
C:\Users\Dell\Desktop\Kacper Błachowiak - praca magisterska - klasyfikacja znaków drogowych\KB_Praca_Magisterska\data\raw\polish_traffic_signs_dataset\test\D-6\2019_0719_142601_003 1324_0.jpg,2019_0719_142601_003 1324_0.jpg,D-6,test_original,.jpg,2072,True,48,36,3,RGB,157.7600860595703,147.87570190429688,65.74567413330078,0.0017361111111111,0.1018518518518518,d21236e63e640cc9057f12163d391dd9b00ca0ca8e5d3925a1925a1a36dab67a,test_final,D-6,D-6b,3890,157.7600860595703
C:\Users\Dell\Desktop\Kacper Błachowiak - praca magisterska - klasyfikacja znaków drogowych\KB_Praca_Magisterska\data\raw\polish_traffic_signs_dataset\test\D-6\2019_0719_142601_003 1760_1.jpg,2019_0719_142601_003 1760_1.jpg,D-6,test_original,.jpg,1442,True,30,29,3,RGB,158.3460693359375,176.09078979492188,71.72377014160156,0.0045977011494252,0.1126436781609195,7db9215c7ee90b667607037f147d3978e6b047009aee22d58a845bfdf06c12fb,test_final,D-6,D-26c,3893,158.3460693359375
C:\Users\Dell\Desktop\Kacper Błachowiak - praca magisterska - klasyfikacja znaków drogowych\KB_Praca_Magisterska\data\raw\polish_traffic_signs_dataset\test\D-6\2019_0719_142601_003 1761_0.jpg,2019_0719_142601_003 1761_0.jpg,D-6,test_original,.jpg,1877,True,36,39,3,RGB,155.01513671875,143.11489868164062,69.23835754394531,0.0049857549857549,0.1111111111111111,5e1596ca6dcc0584ebef18c2eb55c74f322a8f8bde753b6f4cb36c9b6ce8084c,test_final,D-6,D-26c,3894,155.01513671875
C:\Users\Dell\Desktop\Kacper Błachowiak - praca magisterska - klasyfikacja znaków drogowych\KB_Praca_Magisterska\data\raw\polish_traffic_signs_dataset\test\D-6\2019_0719_142601_003 1762_0.jpg,2019_0719_142601_003 1762_0.jpg,D-6,test_original,.jpg,4292,True,75,69,3,RGB,146.1986846923828,112.01200103759766,70.88217163085938,0.0059903381642512,0.0297584541062801,a6081033a1f2b995076b988ce1396f84414cabfdb4c6c4fbd2be920bb9ebcc29,test_final,D-6,D-6b,3895,146.1986846923828
C:\Users\Dell\Desktop\Kacper Błachowiak - praca magisterska - klasyfikacja znaków drogowych\KB_Praca_Magisterska\data\raw\polish_traffic_signs_dataset\test\D-6\2019_0719_142601_003 1802_0.jpg,2019_0719_142601_003 1802_0.jpg,D-6,test_original,.jpg,6747,True,96,115,3,RGB,147.52395629882812,145.36819458007812,68.67989349365234,0.0090579710144927,0.0046195652173913,1c673000d95f9bbc088a5e7371043a6efd6747987f28535cae7615b062f598af,test_final,D-6,D-6b,3897,147.52395629882812
C:\Users\Dell\Desktop\Kacper Błachowiak - praca magisterska - klasyfikacja znaków drogowych\KB_Praca_Magisterska\data\raw\polish_traffic_signs_dataset\test\D-6\2019_0721_171043_003 0531_0.jpg,2019_0721_171043_003 0531_0.jpg,D-6,test_original,.jpg,1129,True,29,24,3,RGB,68.92448425292969,54.84749984741211,43.47782897949219,0.0445402298850574,0.0014367816091954,408612510ac53e4b60be9abd1c8af58a20976d7149460dac50a58ce517bbda3b,test_final,D-6,D-6b,3921,68.92448425292969
C:\Users\Dell\Desktop\Kacper Błachowiak - praca magisterska - klasyfikacja znaków drogowych\KB_Praca_Magisterska\data\raw\polish_traffic_signs_dataset\test\D-6\2019_0721_171043_003 0623_0.jpg,2019_0721_171043_003 0623_0.jpg,D-6,test_original,.jpg,7394,True,93,126,3,RGB,174.92831420898438,224.80880737304688,76.52643585205078,0.0106673493770267,0.2050691244239631,b52e3e3cd1b6a6ad6ed4f004f8554f50239c451730fddcf494025a27e65d4cba,test_final,D-6,D-6b,3935,174.92831420898438
C:\Users\Dell\Desktop\Kacper Błachowiak - praca magisterska - klasyfikacja znaków drogowych\KB_Praca_Magisterska\data\raw\polish_traffic_signs_dataset\test\D-6\2019_0721_171043_003 0643_0.jpg,2019_0721_171043_003 0643_0.jpg,D-6,test_original,.jpg,5123,True,82,81,3,RGB,127.77769470214844,114.11149597167967,72.62052917480469,0.0301114122252333,0.03613369467028,1e127ab550cf3873f6fabf297cf1f6c4fed4550c00f1871b983fc1172dd33e85,test_final,D-6,D-6b,3936,127.77769470214844
C:\Users\Dell\Desktop\Kacper Błachowiak - praca magisterska - klasyfikacja znaków drogowych\KB_Praca_Magisterska\data\raw\polish_traffic_signs_dataset\test\D-6\2019_0721_171043_003 0974_0.jpg,2019_0721_171043_003 0974_0.jpg,D-6,test_original,.jpg,2674,True,49,53,3,RGB,90.46857452392578,61.55560302734375,67.90188598632812,0.0627647285329226,0.0127069695802849,075fd7257c41b893373c6c065c67f97479c9d4e8731a49d930def778e8f938a3,test_final,D-6,D-6b,3948,90.46857452392578
C:\Users\Dell\Desktop\Kacper Błachowiak - praca magisterska - klasyfikacja znaków drogowych\KB_Praca_Magisterska\data\raw\polish_traffic_signs_dataset\test\D-6\2019_0726_185626_003 071_0.jpg,2019_0726_185626_003 071_0.jpg,D-6,test_original,.jpg,1936,True,39,37,3,RGB,184.091796875,208.6226043701172,57.52100372314453,0.0069300069300069,0.1323631323631323,5e639f6cc746ef2771cc85fcc255945bc5e9f961d7c7e9b7965ee9219a3899af,test_final,D-6,C-9,3957,184.091796875
C:\Users\Dell\Desktop\Kacper Błachowiak - praca magisterska - klasyfikacja znaków drogowych\KB_Praca_Magisterska\data\raw\polish_traffic_signs_dataset\test\D-6\2019_0726_185626_003 072_0.jpg,2019_0726_185626_003 072_0.jpg,D-6,test_original,.jpg,5983,True,90,82,3,RGB,161.65480041503906,128.85830688476562,67.2852554321289,0.0142276422764227,0.1917344173441734,f57273c812aa295d801e451d34a3fef39bc628437bd8c9470a76007553bfa4ad,test_final,D-6,D-6b,3958,161.65480041503906
C:\Users\Dell\Desktop\Kacper Błachowiak - praca magisterska - klasyfikacja znaków drogowych\KB_Praca_Magisterska\data\raw\polish_traffic_signs_dataset\test\D-6\2019_0726_185626_003 122_0.jpg,2019_0726_185626_003 122_0.jpg,D-6,test_original,.jpg,6055,True,88,88,3,RGB,121.3697509765625,94.21160888671876,70.98169708251953,0.0493285123966942,0.0275051652892561,46bce6c968095c9cbfc5dd5970e079641942dab647b49866eccd1057542b3e03,test_final,D-6,D-6b,3961,121.3697509765625
C:\Users\Dell\Desktop\Kacper Błachowiak - praca magisterska - klasyfikacja znaków drogowych\KB_Praca_Magisterska\data\raw\polish_traffic_signs_dataset\test\D-6\2019_0809_155001_003 0211_0.jpg,2019_0809_155001_003 0211_0.jpg,D-6,test_original,.jpg,4647,True,81,80,3,RGB,131.5793914794922,111.80709838867188,69.61944580078125,0.019753086419753,0.0032407407407407,d0dbb03a49737b134c9006118f3570a6633b9fe21d2f98dbabade1a80dc45d78,test_final,D-6,D-6b,3974,131.5793914794922
C:\Users\Dell\Desktop\Kacper Błachowiak - praca magisterska - klasyfikacja znaków drogowych\KB_Praca_Magisterska\data\raw\polish_traffic_signs_dataset\test\D-6\2019_0809_162432_004 1471_0.jpg,2019_0809_162432_004 1471_0.jpg,D-6,test_original,.jpg,2510,True,65,57,3,RGB,83.18000030517578,46.18040084838867,76.36029815673828,0.0582995951417004,0.0582995951417004,555421b313270d7a19a5946bc973ca930b87f4c9c3e938d337cc09d675b3369a,test_final,D-6,D-6b,3985,83.18000030517578
C:\Users\Dell\Desktop\Kacper Błachowiak - praca magisterska - klasyfikacja znaków drogowych\KB_Praca_Magisterska\data\raw\polish_traffic_signs_dataset\test\D-6\2019_0809_162432_004 1540_0.jpg,2019_0809_162432_004 1540_0.jpg,D-6,test_original,.jpg,4480,True,92,84,3,RGB,110.2290267944336,80.70570373535156,78.87980651855469,0.0240683229813664,0.0697463768115942,f2a41200a4ca55ae26e9f8169be0f33f2281652ab32f765aa652c2fb1bd98933,test_final,D-6,D-6b,3990,110.2290267944336
C:\Users\Dell\Desktop\Kacper Błachowiak - praca magisterska - klasyfikacja znaków drogowych\KB_Praca_Magisterska\data\raw\polish_traffic_signs_dataset\test\D-6\2019_0811_175830_003 0342_0.jpg,2019_0811_175830_003 0342_0.jpg,D-6,test_original,.jpg,3899,True,63,72,3,RGB,189.2541046142578,182.57669067382807,53.53520584106445,0.0048500881834215,0.3073192239858907,431f41b8635a824364d92e2c6922f3bbca6369d0e9b2168ee6755cbb3c6a7c07,test_final,D-6,D-6b,4006,189.2541046142578
C:\Users\Dell\Desktop\Kacper Błachowiak - praca magisterska - klasyfikacja znaków drogowych\KB_Praca_Magisterska\data\raw\polish_traffic_signs_dataset\test\D-6\2019_0811_175830_003 0411_0.jpg,2019_0811_175830_003 0411_0.jpg,D-6,test_original,.jpg,9260,True,132,128,3,RGB,181.4841461181641,177.00759887695312,55.04908752441406,0.000591856060606,0.2777580492424242,a3e91050c054664cf74cc8f273d89991b61d55a2a7d3bb4ce03959d58d30c6ba,test_final,D-6,D-6b,4008,181.4841461181641
C:\Users\Dell\Desktop\Kacper Błachowiak - praca magisterska - klasyfikacja znaków drogowych\KB_Praca_Magisterska\data\raw\polish_traffic_signs_dataset\test\D-6\2019_0811_175830_003 0525_0.jpg,2019_0811_175830_003 0525_0.jpg,D-6,test_original,.jpg,2855,True,61,55,3,RGB,64.9176254272461,44.28300094604492,48.1924934387207,0.0825633383010432,0.0050670640834575,007414c398fd8ee97e7cfad69ece48b986519d9fffc8e068ba7aeec03143c42e,test_final,D-6,D-6b,4015,64.9176254272461
C:\Users\Dell\Desktop\Kacper Błachowiak - praca magisterska - klasyfikacja znaków drogowych\KB_Praca_Magisterska\data\raw\polish_traffic_signs_dataset\test\D-6\2019_0811_175830_003 0591_0.jpg,2019_0811_175830_003 0591_0.jpg,D-6,test_original,.jpg,3943,True,78,70,3,RGB,58.987266540527344,35.10240173339844,47.657474517822266,0.1412087912087912,0.0073260073260073,a4c9d27bf13ba808e8f9fbf750dee3f4956bd7cd6a92052de336e79498c9b330,test_final,D-6,D-6b,4018,58.987266540527344
C:\Users\Dell\Desktop\Kacper Błachowiak - praca magisterska - klasyfikacja znaków drogowych\KB_Praca_Magisterska\data\raw\polish_traffic_signs_dataset\test\D-6\2019_0811_175830_003 0661_0.jpg,2019_0811_175830_003 0661_0.jpg,D-6,test_original,.jpg,12679,True,155,142,3,RGB,154.15203857421875,143.67640686035156,71.59896850585938,0.0112676056338028,0.1944570649704679,9474aecf89f699ac99d16fdac8734d496ae87a10aba975d62c3b94e95470f0e7,test_final,D-6,D-6b,4021,154.15203857421875
C:\Users\Dell\Desktop\Kacper Błachowiak - praca magisterska - klasyfikacja znaków drogowych\KB_Praca_Magisterska\data\raw\polish_traffic_signs_dataset\test\D-6\2019_0811_175830_003 0709_0.jpg,2019_0811_175830_003 0709_0.jpg,D-6,test_original,.jpg,2933,True,60,45,3,RGB,153.455322265625,169.6885986328125,87.21051788330078,0.0229629629629629,0.2681481481481481,386e5c3f76b064433df9afa40a457bdbb88718485283653d01f24751bdd37ce9,test_final,D-6,D-6b,4024,153.455322265625
C:\Users\Dell\Desktop\Kacper Błachowiak - praca magisterska - klasyfikacja znaków drogowych\KB_Praca_Magisterska\data\raw\polish_traffic_signs_dataset\test\D-6\2019_0811_183255_004 0682_0.jpg,2019_0811_183255_004 0682_0.jpg,D-6,test_original,.jpg,7762,True,124,129,3,RGB,48.80738830566406,24.862598419189453,49.44467926025391,0.3753438359589897,0.0002500625156289,fb51acbae12b2c0fe01ad1f43edc030b31e2fbf775ee7259ed261a01ac4e0967,test_final,D-6,D-6b,4036,48.80738830566406
C:\Users\Dell\Desktop\Kacper Błachowiak - praca magisterska - klasyfikacja znaków drogowych\KB_Praca_Magisterska\data\raw\polish_traffic_signs_dataset\test\D-6\2019_0814_154857_003 0292_0.jpg,2019_0814_154857_003 0292_0.jpg,D-6,test_original,.jpg,3284,True,57,59,3,RGB,91.86827087402344,62.78140258789063,60.574066162109375,0.0338983050847457,0.0023788284269997,80d18407824f708f4ef9041e02a0296c006f626b603890a6c904327ace72236c,test_final,D-6,D-6b,4041,91.86827087402344
C:\Users\Dell\Desktop\Kacper Błachowiak - praca magisterska - klasyfikacja znaków drogowych\KB_Praca_Magisterska\data\raw\polish_traffic_signs_dataset\test\D-6\2019_0814_162326_004 0677_0.jpg,2019_0814_162326_004 0677_0.jpg,D-6,test_original,.jpg,3899,True,65,65,3,RGB,118.32195281982422,100.5919952392578,78.41947937011719,0.0487573964497041,0.0544378698224852,d7ee833039daa785b88873a70648ea4f69f1c45d756348ca4aac613bd0ad441a,test_final,D-6,D-6b,4050,118.32195281982422
C:\Users\Dell\Desktop\Kacper Błachowiak - praca magisterska - klasyfikacja znaków drogowych\KB_Praca_Magisterska\data\raw\polish_traffic_signs_dataset\test\D-6\2019_0814_162326_004 0677_1.jpg,2019_0814_162326_004 0677_1.jpg,D-6,test_original,.jpg,3807,True,61,64,3,RGB,127.34070587158205,107.3843994140625,82.41122436523438,0.0512295081967213,0.0876024590163934,0ef3835c2de97c25eef0faad1abc3384861e4d5d24d70adb78e736d89b9a951b,test_final,D-6,D-6b,4051,127.34070587158205
C:\Users\Dell\Desktop\Kacper Błachowiak - praca magisterska - klasyfikacja znaków drogowych\KB_Praca_Magisterska\data\raw\polish_traffic_signs_dataset\test\D-6\2019_0814_162326_004 1605_0.jpg,2019_0814_162326_004 1605_0.jpg,D-6,test_original,.jpg,2586,True,55,45,3,RGB,188.51210021972656,181.6333923339844,57.82228088378906,0.0072727272727272,0.3252525252525252,f254b5b4ef3a296f65b1e2d7417d4afef3bd171af8e916dd6181a60315c37a23,test_final,D-6,D-1,4062,188.51210021972656
C:\Users\Dell\Desktop\Kacper Błachowiak - praca magisterska - klasyfikacja znaków drogowych\KB_Praca_Magisterska\data\raw\polish_traffic_signs_dataset\test\D-6\2019_0814_162326_004 1606_0.jpg,2019_0814_162326_004 1606_0.jpg,D-6,test_original,.jpg,9018,True,110,116,3,RGB,168.8802490234375,158.85960388183594,70.15097045898438,0.0190438871473354,0.2751567398119122,ceb8e051d67307338723c7cb98079fedda9e6a64394b076911d52f4685df9f03,test_final,D-6,D-6b,4063,168.8802490234375
C:\Users\Dell\Desktop\Kacper Błachowiak - praca magisterska - klasyfikacja znaków drogowych\KB_Praca_Magisterska\data\raw\polish_traffic_signs_dataset\test\D-6\2019_0814_162326_004 1677_0.jpg,2019_0814_162326_004 1677_0.jpg,D-6,test_original,.jpg,14629,True,194,174,3,RGB,152.3709259033203,149.00180053710938,54.33693313598633,0.0154046687996208,0.0214776632302405,78b76a2154a4ed28ea151083bf7bc76de8fb8f61f26962a2051cbac3a91588ce,test_final,D-6,D-23,4074,152.3709259033203
C:\Users\Dell\Desktop\Kacper Błachowiak - praca magisterska - klasyfikacja znaków drogowych\KB_Praca_Magisterska\data\raw\polish_traffic_signs_dataset\test\D-6\2019_0814_162326_004 1749_0.jpg,2019_0814_162326_004 1749_0.jpg,D-6,test_original,.jpg,3409,True,55,58,3,RGB,171.52993774414062,166.4530029296875,63.365718841552734,0.0084639498432601,0.2335423197492163,2e66b9539273197fc5f989c72b4238e89267ba03a995ff784282aa989e2107e3,test_final,D-6,D-6b,4076,171.52993774414062
C:\Users\Dell\Desktop\Kacper Błachowiak - praca magisterska - klasyfikacja znaków drogowych\KB_Praca_Magisterska\data\raw\polish_traffic_signs_dataset\test\D-6\2019_0814_162326_004 1756_0.jpg,2019_0814_162326_004 1756_0.jpg,D-6,test_original,.jpg,3212,True,51,53,3,RGB,140.6118621826172,115.8114013671875,72.60568237304688,0.0258971513133555,0.1546429892711801,bf27a529f8b0530ac030ab21512c4b130b0889f1b86632f5772c6c7d0168d631,test_final,D-6,D-6b,4077,140.6118621826172
C:\Users\Dell\Desktop\Kacper Błachowiak - praca magisterska - klasyfikacja znaków drogowych\KB_Praca_Magisterska\data\raw\polish_traffic_signs_dataset\test\D-6\2019_0814_162326_004 1766_0.jpg,2019_0814_162326_004 1766_0.jpg,D-6,test_original,.jpg,16629,True,198,185,3,RGB,157.9973907470703,145.3583984375,59.09502410888672,0.0137865137865137,0.0595140595140595,7fe7cdc959f8e881a9067450ed0157d7b21edf7c7bbbb5e869e8a22528f6919b,test_final,D-6,D-6b,4080,157.9973907470703
C:\Users\Dell\Desktop\Kacper Błachowiak - praca magisterska - klasyfikacja znaków drogowych\KB_Praca_Magisterska\data\raw\polish_traffic_signs_dataset\test\D-6\2019_0815_090538_005 0114_0.jpg,2019_0815_090538_005 0114_0.jpg,D-6,test_original,.jpg,3868,True,75,78,3,RGB,94.2531509399414,65.87359619140625,63.57837677001953,0.0082051282051282,0.1075213675213675,a3d90c2656d163cd10c87876c393be5629706bb2ed791768bff7b29b1c5cecc8,test_final,D-6,D-6b,4087,94.2531509399414
C:\Users\Dell\Desktop\Kacper Błachowiak - praca magisterska - klasyfikacja znaków drogowych\KB_Praca_Magisterska\data\raw\polish_traffic_signs_dataset\test\D-6\2019_0815_090538_005 1237_0.jpg,2019_0815_090538_005 1237_0.jpg,D-6,test_original,.jpg,1692,True,43,41,3,RGB,60.03418350219727,51.469200134277344,22.829111099243164,0.0102098695405558,0.0,adec2dbd2376b32dd95befed3120a9f8f1990b7ef0650e2f3c689508012429f7,test_final,D-6,D-6b,4107,60.03418350219727
C:\Users\Dell\Desktop\Kacper Błachowiak - praca magisterska - klasyfikacja znaków drogowych\KB_Praca_Magisterska\data\raw\polish_traffic_signs_dataset\test\D-6\2019_0815_090538_005 1260_0.jpg,2019_0815_090538_005 1260_0.jpg,D-6,test_original,.jpg,1494,True,43,40,3,RGB,55.58381271362305,48.95979690551758,18.831899642944336,0.0046511627906976,0.0,f8bef2241a32ebcef2a3d5cf2729b2a2a7747760480b3caa367280789e8f56ef,test_final,D-6,C-10,4111,55.58381271362305
C:\Users\Dell\Desktop\Kacper Błachowiak - praca magisterska - klasyfikacja znaków drogowych\KB_Praca_Magisterska\data\raw\polish_traffic_signs_dataset\test\D-6\2019_0815_090538_005 1346_0.jpg,2019_0815_090538_005 1346_0.jpg,D-6,test_original,.jpg,2371,True,51,53,3,RGB,85.64490509033203,59.33679962158203,64.30911254882812,0.027746947835738,0.0410654827968923,4570fd349d308fb6e91a205940fb6515c0fa98fdbf4e925ac1e29429b17a270d,test_final,D-6,D-21,4116,85.64490509033203
C:\Users\Dell\Desktop\Kacper Błachowiak - praca magisterska - klasyfikacja znaków drogowych\KB_Praca_Magisterska\data\raw\polish_traffic_signs_dataset\test\D-6b\2019_0726_185626_003 107_0.jpg,2019_0726_185626_003 107_0.jpg,D-6b,test_original,.jpg,2197,True,37,47,3,RGB,154.2509307861328,174.58961486816406,72.39905548095703,0.0023001725129384,0.0816561242093157,0f5229ca64b2935eb6fca13388f0e6685a04a5fdd1778879d823c822fbcb3434,test_final,D-6b,D-26c,4177,154.2509307861328
C:\Users\Dell\Desktop\Kacper Błachowiak - praca magisterska - klasyfikacja znaków drogowych\KB_Praca_Magisterska\data\raw\polish_traffic_signs_dataset\test\D-6b\2019_0726_185626_003 110_0.jpg,2019_0726_185626_003 110_0.jpg,D-6b,test_original,.jpg,2304,True,43,47,3,RGB,178.85403442382812,198.3661956787109,52.74131774902344,0.003958436417615,0.1063829787234042,45611a203de2fdac1f7e6ac430794ef6db27cc6b173d817015f31db319b718f6,test_final,D-6b,A-8,4178,178.85403442382812
C:\Users\Dell\Desktop\Kacper Błachowiak - praca magisterska - klasyfikacja znaków drogowych\KB_Praca_Magisterska\data\raw\polish_traffic_signs_dataset\test\D-6b\2019_0726_185626_003 111_0.jpg,2019_0726_185626_003 111_0.jpg,D-6b,test_original,.jpg,5118,True,80,90,3,RGB,175.00192260742188,205.60899353027344,57.670501708984375,0.0072222222222222,0.0680555555555555,4a6871288d6558ae023886509acf2c9361d53a7f9ebef2ba1a44d2593d7232a9,test_final,D-6b,D-6,4179,175.00192260742188
C:\Users\Dell\Desktop\Kacper Błachowiak - praca magisterska - klasyfikacja znaków drogowych\KB_Praca_Magisterska\data\raw\polish_traffic_signs_dataset\test\D-6b\2019_0809_155001_003 0132_0.jpg,2019_0809_155001_003 0132_0.jpg,D-6b,test_original,.jpg,2657,True,60,49,3,RGB,169.08670043945312,151.87240600585938,56.22144317626953,0.0,0.0714285714285714,333842d506977c0ba0a179ea048d35e3e150c285bbf2f1682530269d7edcd929,test_final,D-6b,G-3,4180,169.08670043945312
C:\Users\Dell\Desktop\Kacper Błachowiak - praca magisterska - klasyfikacja znaków drogowych\KB_Praca_Magisterska\data\raw\polish_traffic_signs_dataset\test\D-6b\2019_0809_155001_003 0133_0.jpg,2019_0809_155001_003 0133_0.jpg,D-6b,test_original,.jpg,3034,True,71,57,3,RGB,174.97439575195312,162.4033966064453,57.477195739746094,0.0,0.1359031381270076,74fcdf94a49ae5aab30df1234d63b4fadd9fee07f6cf34af98822897f57388c4,test_final,D-6b,A-21,4181,174.97439575195312
C:\Users\Dell\Desktop\Kacper Błachowiak - praca magisterska - klasyfikacja znaków drogowych\KB_Praca_Magisterska\data\raw\polish_traffic_signs_dataset\test\D-6b\2019_0809_155001_003 0180_0.jpg,2019_0809_155001_003 0180_0.jpg,D-6b,test_original,.jpg,5391,True,104,90,3,RGB,168.6007080078125,142.1573028564453,53.203609466552734,0.0,0.0497863247863247,0b3480bf2e40b5db11d64ce1d7675a4b10eb081fe1714d98b5c27d161783b633,test_final,D-6b,D-53,4182,168.6007080078125
C:\Users\Dell\Desktop\Kacper Błachowiak - praca magisterska - klasyfikacja znaków drogowych\KB_Praca_Magisterska\data\raw\polish_traffic_signs_dataset\test\D-6b\2019_0809_155001_003 0227_0.jpg,2019_0809_155001_003 0227_0.jpg,D-6b,test_original,.jpg,2557,True,54,52,3,RGB,165.2306365966797,184.0706787109375,73.23059844970703,0.0017806267806267,0.2293447293447293,cd7957510232f68cf40a61a3bd6ee73c03b0f78b1b47b2d5cb511d33af72064f,test_final,D-6b,D-26c,4183,165.2306365966797
C:\Users\Dell\Desktop\Kacper Błachowiak - praca magisterska - klasyfikacja znaków drogowych\KB_Praca_Magisterska\data\raw\polish_traffic_signs_dataset\test\D-7\2019_0719_142601_003 0335_0.jpg,2019_0719_142601_003 0335_0.jpg,D-7,test_original,.jpg,1064,True,21,28,3,RGB,77.405029296875,67.95490264892578,35.881500244140625,0.0289115646258503,0.0,35efdbaff48494e0d9dca99e18342da9f7a77f9904c6877db7ab19f1cbac3a45,test_final,D-7,D-21,4198,77.405029296875
C:\Users\Dell\Desktop\Kacper Błachowiak - praca magisterska - klasyfikacja znaków drogowych\KB_Praca_Magisterska\data\raw\polish_traffic_signs_dataset\test\D-7\2019_0809_162432_004 0966_0.jpg,2019_0809_162432_004 0966_0.jpg,D-7,test_original,.jpg,9575,True,127,157,3,RGB,129.09056091308594,98.73699951171876,58.75847625732422,0.001604894929535,0.0370128893124028,6042d415497a12ecb48cb695d1585421491bc161b7a0f272b03f272a11d06802,test_final,D-7,D-6b,4214,129.09056091308594
C:\Users\Dell\Desktop\Kacper Błachowiak - praca magisterska - klasyfikacja znaków drogowych\KB_Praca_Magisterska\data\raw\polish_traffic_signs_dataset\test\D-7\2019_0809_162432_004 1010_0.jpg,2019_0809_162432_004 1010_0.jpg,D-7,test_original,.jpg,12874,True,182,212,3,RGB,92.61421966552734,46.71739959716797,68.3663330078125,0.0031619324072154,0.001943810906075,7b0fe7e0f5b896832d517d91cee75e075ed60978b51440d128e57fae44c14285,test_final,D-7,D-40,4219,92.61421966552734
C:\Users\Dell\Desktop\Kacper Błachowiak - praca magisterska - klasyfikacja znaków drogowych\KB_Praca_Magisterska\data\raw\polish_traffic_signs_dataset\test\D-8\2019_0719_142601_003 0913_0.jpg,2019_0719_142601_003 0913_0.jpg,D-8,test_original,.jpg,1171,True,20,25,3,RGB,115.82159423828124,92.9739990234375,57.32757568359375,0.004,0.038,6f9baf681cd6f160f080b8396b05c76ef2eaf812d906d8514b2c984df1bdef95,test_final,D-8,C-2,4228,115.82159423828124
C:\Users\Dell\Desktop\Kacper Błachowiak - praca magisterska - klasyfikacja znaków drogowych\KB_Praca_Magisterska\data\raw\polish_traffic_signs_dataset\test\D-8\2019_0719_142601_003 0913_1.jpg,2019_0719_142601_003 0913_1.jpg,D-8,test_original,.jpg,1273,True,25,27,3,RGB,92.97901916503906,82.19180297851562,39.12070846557617,0.0044444444444444,0.0,5f6ee114c4856b2029f304e3714ab7310b2fb268165ba0f5bcb21fe63c7237c2,test_final,D-8,D-41,4229,92.97901916503906
C:\Users\Dell\Desktop\Kacper Błachowiak - praca magisterska - klasyfikacja znaków drogowych\KB_Praca_Magisterska\data\raw\polish_traffic_signs_dataset\test\D-8\2019_0719_142601_003 0914_0.jpg,2019_0719_142601_003 0914_0.jpg,D-8,test_original,.jpg,2061,True,38,48,3,RGB,111.60269165039062,86.64230346679688,60.10054016113281,0.0021929824561403,0.0180921052631578,25bed150dbb80618ae16bfe7fb817456090502f3946c664fa6ef8976e0405a7d,test_final,D-8,D-41,4230,111.60269165039062
C:\Users\Dell\Desktop\Kacper Błachowiak - praca magisterska - klasyfikacja znaków drogowych\KB_Praca_Magisterska\data\raw\polish_traffic_signs_dataset\test\D-8\2019_0719_142601_003 0914_1.jpg,2019_0719_142601_003 0914_1.jpg,D-8,test_original,.jpg,2519,True,44,54,3,RGB,92.6093978881836,74.74130249023438,50.0076904296875,0.0151515151515151,0.0004208754208754,715e1ebd2d05b103675bf715281adcd37d459e2a61e35e98b800e2f98ad1790b,test_final,D-8,C-13a-C-16a,4231,92.6093978881836
C:\Users\Dell\Desktop\Kacper Błachowiak - praca magisterska - klasyfikacja znaków drogowych\KB_Praca_Magisterska\data\raw\polish_traffic_signs_dataset\test\D-8\2019_0719_142601_003 0945_0.jpg,2019_0719_142601_003 0945_0.jpg,D-8,test_original,.jpg,4987,True,77,93,3,RGB,74.5321044921875,56.75680160522461,55.042266845703125,0.0372852953498114,0.0036307778243262,d05515b69308be465e7d823cd6ced36d1c56fa3f2c13a5cb5e27756da78b6488,test_final,D-8,D-41,4232,74.5321044921875
C:\Users\Dell\Desktop\Kacper Błachowiak - praca magisterska - klasyfikacja znaków drogowych\KB_Praca_Magisterska\data\raw\polish_traffic_signs_dataset\test\D-8\2019_0719_150032_004 1195_1.jpg,2019_0719_150032_004 1195_1.jpg,D-8,test_original,.jpg,1612,True,30,39,3,RGB,102.32227325439452,84.55230712890625,49.90306854248047,0.0042735042735042,0.0222222222222222,0f18dd45c48b6c87c153f5b89212db29a6ecc8390461a6b400745299e55cf0d8,test_final,D-8,D-41,4239,102.32227325439452
C:\Users\Dell\Desktop\Kacper Błachowiak - praca magisterska - klasyfikacja znaków drogowych\KB_Praca_Magisterska\data\raw\polish_traffic_signs_dataset\test\D-8\2019_0809_155001_003 1046_0.jpg,2019_0809_155001_003 1046_0.jpg,D-8,test_original,.jpg,1332,True,26,39,3,RGB,52.00254440307617,43.6431999206543,26.86638069152832,0.034516765285996,0.0,7dd4cbf831634ad5b1da199640750c640d4c38c9bb8b9de3b473d5a13638e3b5,test_final,D-8,D-21,4252,52.00254440307617
C:\Users\Dell\Desktop\Kacper Błachowiak - praca magisterska - klasyfikacja znaków drogowych\KB_Praca_Magisterska\data\raw\polish_traffic_signs_dataset\test\D-8\2019_0809_155001_003 1106_0.jpg,2019_0809_155001_003 1106_0.jpg,D-8,test_original,.jpg,4603,True,64,96,3,RGB,129.0685577392578,94.81820678710938,62.88753128051758,0.0003255208333333,0.0252278645833333,bb7eb7931feee27a5862f803ea06f08c49b38474cc61a24b38581226dd43aee7,test_final,D-8,C-13a-C-16a,4253,129.0685577392578
C:\Users\Dell\Desktop\Kacper Błachowiak - praca magisterska - klasyfikacja znaków drogowych\KB_Praca_Magisterska\data\raw\polish_traffic_signs_dataset\test\D-8\2019_0809_155001_003 1106_1.jpg,2019_0809_155001_003 1106_1.jpg,D-8,test_original,.jpg,5098,True,85,91,3,RGB,68.94629669189453,51.37459945678711,47.69725036621094,0.0402068519715578,0.0,2a3d677aa13625c6a7785b3b3dc8bab597d34a62695bac5f80262f74b20d4d93,test_final,D-8,D-41,4254,68.94629669189453
C:\Users\Dell\Desktop\Kacper Błachowiak - praca magisterska - klasyfikacja znaków drogowych\KB_Praca_Magisterska\data\raw\polish_traffic_signs_dataset\test\D-8\2019_0809_155001_003 1139_0.jpg,2019_0809_155001_003 1139_0.jpg,D-8,test_original,.jpg,3773,True,59,80,3,RGB,132.16221618652344,89.76910400390625,66.96907806396484,0.0006355932203389,0.0201271186440677,a496736ca11e211a662929e80cd0b9fcf19a0909c32c233e6ac92150dc437795,test_final,D-8,D-41,4255,132.16221618652344
C:\Users\Dell\Desktop\Kacper Błachowiak - praca magisterska - klasyfikacja znaków drogowych\KB_Praca_Magisterska\data\raw\polish_traffic_signs_dataset\test\D-8\2019_0809_162432_004 1196_1.jpg,2019_0809_162432_004 1196_1.jpg,D-8,test_original,.jpg,2142,True,43,43,3,RGB,123.38536071777344,85.61940002441406,72.26423645019531,0.0064899945916711,0.0237966468361276,fddfc114aaf0fb9e973b27184d19b702f01345aaa757f0f7a7f1b2e8437316d7,test_final,D-8,D-41,4258,123.38536071777344
C:\Users\Dell\Desktop\Kacper Błachowiak - praca magisterska - klasyfikacja znaków drogowych\KB_Praca_Magisterska\data\raw\polish_traffic_signs_dataset\test\D-tablica\2019_0811_183255_004 1100_0.jpg,2019_0811_183255_004 1100_0.jpg,D-tablica,test_original,.jpg,2887,True,72,78,3,RGB,52.62616729736328,36.441200256347656,55.99723434448242,0.1463675213675213,0.0035612535612535,d334089391ebd8a0cbae1dd0fdecde60d9be42f62a4244c4d9d4d8db628a7b85,test_final,D-tablica,D-23a,4274,52.62616729736328
C:\Users\Dell\Desktop\Kacper Błachowiak - praca magisterska - klasyfikacja znaków drogowych\KB_Praca_Magisterska\data\raw\polish_traffic_signs_dataset\test\G-3\2019_0719_142601_003 1357_0.jpg,2019_0719_142601_003 1357_0.jpg,G-3,test_original,.jpg,5431,True,146,82,3,RGB,204.50180053710935,226.14840698242188,46.5811653137207,0.0,0.0141162712996992,bbb1f933c716c715cc3050362eabba960558e14316a1ede27e30b588b04a6899,test_final,G-3,B-41,4294,204.50180053710935
C:\Users\Dell\Desktop\Kacper Błachowiak - praca magisterska - klasyfikacja znaków drogowych\KB_Praca_Magisterska\data\raw\polish_traffic_signs_dataset\test\G-3\2019_0809_155001_003 1568_0.jpg,2019_0809_155001_003 1568_0.jpg,G-3,test_original,.jpg,18807,True,351,221,3,RGB,177.51162719726562,190.4373779296875,35.874149322509766,0.0002836111433396,1.2891415606347732e-05,e7dde33444c839a673331a723d807273e41adb71e66b65fc4ee0466c87deae94,test_final,G-3,B-41,4296,177.51162719726562
