dataset_index,path,true_class,predicted_class,original_brightness
6,C:\Users\Dell\Desktop\Kacper Błachowiak - praca magisterska - klasyfikacja znaków drogowych\KB_Praca_Magisterska\data\raw\polish_traffic_signs_dataset\test\A-1\2019_0721_171043_003 1641_0.jpg,A-1,A-2,65.5746841430664
9,C:\Users\Dell\Desktop\Kacper Błachowiak - praca magisterska - klasyfikacja znaków drogowych\KB_Praca_Magisterska\data\raw\polish_traffic_signs_dataset\test\A-1\2019_0726_185626_003 318_0.jpg,A-1,A-20,129.8883056640625
10,C:\Users\Dell\Desktop\Kacper Błachowiak - praca magisterska - klasyfikacja znaków drogowych\KB_Praca_Magisterska\data\raw\polish_traffic_signs_dataset\test\A-1\2019_0726_185626_003 319_0.jpg,A-1,A-3,152.9775848388672
20,C:\Users\Dell\Desktop\Kacper Błachowiak - praca magisterska - klasyfikacja znaków drogowych\KB_Praca_Magisterska\data\raw\polish_traffic_signs_dataset\test\A-1\2019_0814_154857_003 0734_0.jpg,A-1,A-30,36.00484085083008
22,C:\Users\Dell\Desktop\Kacper Błachowiak - praca magisterska - klasyfikacja znaków drogowych\KB_Praca_Magisterska\data\raw\polish_traffic_signs_dataset\test\A-1\2019_0815_090538_005 1323_0.jpg,A-1,A-2,40.6251106262207
26,C:\Users\Dell\Desktop\Kacper Błachowiak - praca magisterska - klasyfikacja znaków drogowych\KB_Praca_Magisterska\data\raw\polish_traffic_signs_dataset\test\A-1\2019_0815_094007_006 044_0.jpg,A-1,A-17,105.06283569335938
30,C:\Users\Dell\Desktop\Kacper Błachowiak - praca magisterska - klasyfikacja znaków drogowych\KB_Praca_Magisterska\data\raw\polish_traffic_signs_dataset\test\A-1\2019_0816_172034_007 0888_0.jpg,A-1,A-2,106.5311050415039
47,C:\Users\Dell\Desktop\Kacper Błachowiak - praca magisterska - klasyfikacja znaków drogowych\KB_Praca_Magisterska\data\raw\polish_traffic_signs_dataset\test\A-1\2019_0901_165821_014 1860_0.jpg,A-1,A-2,27.25254440307617
51,C:\Users\Dell\Desktop\Kacper Błachowiak - praca magisterska - klasyfikacja znaków drogowych\KB_Praca_Magisterska\data\raw\polish_traffic_signs_dataset\test\A-11\2019_0719_142601_003 0241_1.jpg,A-11,A-2,151.43682861328125
54,C:\Users\Dell\Desktop\Kacper Błachowiak - praca magisterska - klasyfikacja znaków drogowych\KB_Praca_Magisterska\data\raw\polish_traffic_signs_dataset\test\A-11\2019_0809_155001_003 0461_0.jpg,A-11,A-2,64.77458190917969
56,C:\Users\Dell\Desktop\Kacper Błachowiak - praca magisterska - klasyfikacja znaków drogowych\KB_Praca_Magisterska\data\raw\polish_traffic_signs_dataset\test\A-11\2019_0811_190715_005 367_0.jpg,A-11,D-1,158.44322204589844
59,C:\Users\Dell\Desktop\Kacper Błachowiak - praca magisterska - klasyfikacja znaków drogowych\KB_Praca_Magisterska\data\raw\polish_traffic_signs_dataset\test\A-11\2019_0814_154857_003 1025_0.jpg,A-11,A-1,160.18191528320312
68,C:\Users\Dell\Desktop\Kacper Błachowiak - praca magisterska - klasyfikacja znaków drogowych\KB_Praca_Magisterska\data\raw\polish_traffic_signs_dataset\test\A-11a\2019_0818_141422_011 148_0.jpg,A-11a,A-11,76.30572509765625
76,C:\Users\Dell\Desktop\Kacper Błachowiak - praca magisterska - klasyfikacja znaków drogowych\KB_Praca_Magisterska\data\raw\polish_traffic_signs_dataset\test\A-12a\2019_0721_171043_003 1584_0.jpg,A-12a,D-1,100.61859130859376
77,C:\Users\Dell\Desktop\Kacper Błachowiak - praca magisterska - klasyfikacja znaków drogowych\KB_Praca_Magisterska\data\raw\polish_traffic_signs_dataset\test\A-12a\2019_0721_171043_003 1585_0.jpg,A-12a,A-20,126.38616180419922
87,C:\Users\Dell\Desktop\Kacper Błachowiak - praca magisterska - klasyfikacja znaków drogowych\KB_Praca_Magisterska\data\raw\polish_traffic_signs_dataset\test\A-12a\2019_0814_162326_004 0146_1.jpg,A-12a,A-20,160.4518585205078
89,C:\Users\Dell\Desktop\Kacper Błachowiak - praca magisterska - klasyfikacja znaków drogowych\KB_Praca_Magisterska\data\raw\polish_traffic_signs_dataset\test\A-12a\2019_0814_162326_004 0421_0.jpg,A-12a,A-20,162.99069213867188
93,C:\Users\Dell\Desktop\Kacper Błachowiak - praca magisterska - klasyfikacja znaków drogowych\KB_Praca_Magisterska\data\raw\polish_traffic_signs_dataset\test\A-14\2019_0719_142601_003 0368_0.jpg,A-14,A-12a,80.63018035888672
98,C:\Users\Dell\Desktop\Kacper Błachowiak - praca magisterska - klasyfikacja znaków drogowych\KB_Praca_Magisterska\data\raw\polish_traffic_signs_dataset\test\A-14\2019_0726_185626_003 153_0.jpg,A-14,A-12a,97.6478500366211
101,C:\Users\Dell\Desktop\Kacper Błachowiak - praca magisterska - klasyfikacja znaków drogowych\KB_Praca_Magisterska\data\raw\polish_traffic_signs_dataset\test\A-14\2019_0814_154857_003 0129_0.jpg,A-14,A-12a,82.0584716796875
103,C:\Users\Dell\Desktop\Kacper Błachowiak - praca magisterska - klasyfikacja znaków drogowych\KB_Praca_Magisterska\data\raw\polish_traffic_signs_dataset\test\A-15\2019_0815_090538_005 0909_0.jpg,A-15,A-2,39.73136520385742
105,C:\Users\Dell\Desktop\Kacper Błachowiak - praca magisterska - klasyfikacja znaków drogowych\KB_Praca_Magisterska\data\raw\polish_traffic_signs_dataset\test\A-15\2019_0929_154947_042 088_0.jpg,A-15,A-18b,98.46318817138672
108,C:\Users\Dell\Desktop\Kacper Błachowiak - praca magisterska - klasyfikacja znaków drogowych\KB_Praca_Magisterska\data\raw\polish_traffic_signs_dataset\test\A-16\2019_0714_142630_003 131_0.jpg,A-16,A-20,157.69239807128906
109,C:\Users\Dell\Desktop\Kacper Błachowiak - praca magisterska - klasyfikacja znaków drogowych\KB_Praca_Magisterska\data\raw\polish_traffic_signs_dataset\test\A-16\2019_0714_142630_003 131_1.jpg,A-16,A-2,74.54837036132812
112,C:\Users\Dell\Desktop\Kacper Błachowiak - praca magisterska - klasyfikacja znaków drogowych\KB_Praca_Magisterska\data\raw\polish_traffic_signs_dataset\test\A-16\2019_0719_142601_003 1316_0.jpg,A-16,A-20,198.2024688720703
113,C:\Users\Dell\Desktop\Kacper Błachowiak - praca magisterska - klasyfikacja znaków drogowych\KB_Praca_Magisterska\data\raw\polish_traffic_signs_dataset\test\A-16\2019_0719_142601_003 1317_0.jpg,A-16,A-24,193.2459259033203
116,C:\Users\Dell\Desktop\Kacper Błachowiak - praca magisterska - klasyfikacja znaków drogowych\KB_Praca_Magisterska\data\raw\polish_traffic_signs_dataset\test\A-16\2019_0719_142601_003 1753_0.jpg,A-16,A-24,201.41136169433597
119,C:\Users\Dell\Desktop\Kacper Błachowiak - praca magisterska - klasyfikacja znaków drogowych\KB_Praca_Magisterska\data\raw\polish_traffic_signs_dataset\test\A-16\2019_0719_142601_003 2050_0.jpg,A-16,A-2,70.94839477539062
121,C:\Users\Dell\Desktop\Kacper Błachowiak - praca magisterska - klasyfikacja znaków drogowych\KB_Praca_Magisterska\data\raw\polish_traffic_signs_dataset\test\A-16\2019_0719_142601_003 2052_0.jpg,A-16,A-24,188.00401306152344
122,C:\Users\Dell\Desktop\Kacper Błachowiak - praca magisterska - klasyfikacja znaków drogowych\KB_Praca_Magisterska\data\raw\polish_traffic_signs_dataset\test\A-16\2019_0719_150032_004 0633_0.jpg,A-16,A-24,155.43765258789062
125,C:\Users\Dell\Desktop\Kacper Błachowiak - praca magisterska - klasyfikacja znaków drogowych\KB_Praca_Magisterska\data\raw\polish_traffic_signs_dataset\test\A-16\2019_0721_171043_003 0534_0.jpg,A-16,A-17,63.358280181884766
130,C:\Users\Dell\Desktop\Kacper Błachowiak - praca magisterska - klasyfikacja znaków drogowych\KB_Praca_Magisterska\data\raw\polish_traffic_signs_dataset\test\A-16\2019_0721_171043_003 0938_0.jpg,A-16,A-12a,118.20535278320312
131,C:\Users\Dell\Desktop\Kacper Błachowiak - praca magisterska - klasyfikacja znaków drogowych\KB_Praca_Magisterska\data\raw\polish_traffic_signs_dataset\test\A-16\2019_0721_171043_003 0939_0.jpg,A-16,A-17,119.72132110595705
142,C:\Users\Dell\Desktop\Kacper Błachowiak - praca magisterska - klasyfikacja znaków drogowych\KB_Praca_Magisterska\data\raw\polish_traffic_signs_dataset\test\A-16\2019_0811_175830_003 0715_0.jpg,A-16,A-24,181.33985900878903
151,C:\Users\Dell\Desktop\Kacper Błachowiak - praca magisterska - klasyfikacja znaków drogowych\KB_Praca_Magisterska\data\raw\polish_traffic_signs_dataset\test\A-16\2019_0811_183255_004 1476_0.jpg,A-16,A-6a,63.69866180419922
164,C:\Users\Dell\Desktop\Kacper Błachowiak - praca magisterska - klasyfikacja znaków drogowych\KB_Praca_Magisterska\data\raw\polish_traffic_signs_dataset\test\A-17\2019_0719_142601_003 1132_0.jpg,A-17,A-20,180.44407653808597
168,C:\Users\Dell\Desktop\Kacper Błachowiak - praca magisterska - klasyfikacja znaków drogowych\KB_Praca_Magisterska\data\raw\polish_traffic_signs_dataset\test\A-17\2019_0719_142601_003 2052_0.jpg,A-17,A-20,66.88863372802734
170,C:\Users\Dell\Desktop\Kacper Błachowiak - praca magisterska - klasyfikacja znaków drogowych\KB_Praca_Magisterska\data\raw\polish_traffic_signs_dataset\test\A-17\2019_0719_142601_003 2054_0.jpg,A-17,A-24,175.64434814453125
176,C:\Users\Dell\Desktop\Kacper Błachowiak - praca magisterska - klasyfikacja znaków drogowych\KB_Praca_Magisterska\data\raw\polish_traffic_signs_dataset\test\A-17\2019_0719_150032_004 0739_0.jpg,A-17,A-20,170.18882751464844
177,C:\Users\Dell\Desktop\Kacper Błachowiak - praca magisterska - klasyfikacja znaków drogowych\KB_Praca_Magisterska\data\raw\polish_traffic_signs_dataset\test\A-17\2019_0719_150032_004 0740_0.jpg,A-17,A-24,185.9093475341797
178,C:\Users\Dell\Desktop\Kacper Błachowiak - praca magisterska - klasyfikacja znaków drogowych\KB_Praca_Magisterska\data\raw\polish_traffic_signs_dataset\test\A-17\2019_0721_171043_003 0494_0.jpg,A-17,A-32,124.32880401611328
182,C:\Users\Dell\Desktop\Kacper Błachowiak - praca magisterska - klasyfikacja znaków drogowych\KB_Praca_Magisterska\data\raw\polish_traffic_signs_dataset\test\A-17\2019_0721_171043_003 0940_0.jpg,A-17,A-14,119.66545867919922
197,C:\Users\Dell\Desktop\Kacper Błachowiak - praca magisterska - klasyfikacja znaków drogowych\KB_Praca_Magisterska\data\raw\polish_traffic_signs_dataset\test\A-17\2019_0811_175830_003 0478_0.jpg,A-17,A-32,157.52932739257812
200,C:\Users\Dell\Desktop\Kacper Błachowiak - praca magisterska - klasyfikacja znaków drogowych\KB_Praca_Magisterska\data\raw\polish_traffic_signs_dataset\test\A-17\2019_0811_183255_004 0109_0.jpg,A-17,D-1,75.47297668457031
201,C:\Users\Dell\Desktop\Kacper Błachowiak - praca magisterska - klasyfikacja znaków drogowych\KB_Praca_Magisterska\data\raw\polish_traffic_signs_dataset\test\A-17\2019_0811_183255_004 0110_0.jpg,A-17,B-9,108.56987762451172
210,C:\Users\Dell\Desktop\Kacper Błachowiak - praca magisterska - klasyfikacja znaków drogowych\KB_Praca_Magisterska\data\raw\polish_traffic_signs_dataset\test\A-17\2019_0814_162326_004 1624_0.jpg,A-17,A-8,151.01316833496094
211,C:\Users\Dell\Desktop\Kacper Błachowiak - praca magisterska - klasyfikacja znaków drogowych\KB_Praca_Magisterska\data\raw\polish_traffic_signs_dataset\test\A-17\2019_0814_162326_004 1625_0.jpg,A-17,A-8,170.5064697265625
212,C:\Users\Dell\Desktop\Kacper Błachowiak - praca magisterska - klasyfikacja znaków drogowych\KB_Praca_Magisterska\data\raw\polish_traffic_signs_dataset\test\A-17\2019_0815_090538_005 0670_0.jpg,A-17,A-6a,128.4502716064453
215,C:\Users\Dell\Desktop\Kacper Błachowiak - praca magisterska - klasyfikacja znaków drogowych\KB_Praca_Magisterska\data\raw\polish_traffic_signs_dataset\test\A-18b\2019_0714_142933_003 041_0.jpg,A-18b,A-2,131.29295349121094
216,C:\Users\Dell\Desktop\Kacper Błachowiak - praca magisterska - klasyfikacja znaków drogowych\KB_Praca_Magisterska\data\raw\polish_traffic_signs_dataset\test\A-18b\2019_0714_142933_003 041_1.jpg,A-18b,A-2,98.45951080322266
217,C:\Users\Dell\Desktop\Kacper Błachowiak - praca magisterska - klasyfikacja znaków drogowych\KB_Praca_Magisterska\data\raw\polish_traffic_signs_dataset\test\A-18b\2019_0719_142601_003 0425_0.jpg,A-18b,A-2,117.32109832763672
225,C:\Users\Dell\Desktop\Kacper Błachowiak - praca magisterska - klasyfikacja znaków drogowych\KB_Praca_Magisterska\data\raw\polish_traffic_signs_dataset\test\A-18b\2019_0719_142601_003 0554_1.jpg,A-18b,A-2,75.41543579101562
226,C:\Users\Dell\Desktop\Kacper Błachowiak - praca magisterska - klasyfikacja znaków drogowych\KB_Praca_Magisterska\data\raw\polish_traffic_signs_dataset\test\A-18b\2019_0719_142601_003 0654_0.jpg,A-18b,A-2,110.2145538330078
227,C:\Users\Dell\Desktop\Kacper Błachowiak - praca magisterska - klasyfikacja znaków drogowych\KB_Praca_Magisterska\data\raw\polish_traffic_signs_dataset\test\A-18b\2019_0719_142601_003 0654_1.jpg,A-18b,A-2,89.6155776977539
237,C:\Users\Dell\Desktop\Kacper Błachowiak - praca magisterska - klasyfikacja znaków drogowych\KB_Praca_Magisterska\data\raw\polish_traffic_signs_dataset\test\A-18b\2019_0719_150032_004 0126_0.jpg,A-18b,A-2,103.09142303466795
240,C:\Users\Dell\Desktop\Kacper Błachowiak - praca magisterska - klasyfikacja znaków drogowych\KB_Praca_Magisterska\data\raw\polish_traffic_signs_dataset\test\A-18b\2019_0721_171043_003 1011_0.jpg,A-18b,D-1,137.10694885253906
241,C:\Users\Dell\Desktop\Kacper Błachowiak - praca magisterska - klasyfikacja znaków drogowych\KB_Praca_Magisterska\data\raw\polish_traffic_signs_dataset\test\A-18b\2019_0721_171043_003 1012_0.jpg,A-18b,A-2,130.62884521484375
242,C:\Users\Dell\Desktop\Kacper Błachowiak - praca magisterska - klasyfikacja znaków drogowych\KB_Praca_Magisterska\data\raw\polish_traffic_signs_dataset\test\A-18b\2019_0721_181936_005 027_0.jpg,A-18b,A-2,49.79193115234375
244,C:\Users\Dell\Desktop\Kacper Błachowiak - praca magisterska - klasyfikacja znaków drogowych\KB_Praca_Magisterska\data\raw\polish_traffic_signs_dataset\test\A-18b\2019_0721_181936_005 108_0.jpg,A-18b,A-2,108.3505630493164
245,C:\Users\Dell\Desktop\Kacper Błachowiak - praca magisterska - klasyfikacja znaków drogowych\KB_Praca_Magisterska\data\raw\polish_traffic_signs_dataset\test\A-18b\2019_0721_181936_005 108_1.jpg,A-18b,A-32,127.32701110839844
246,C:\Users\Dell\Desktop\Kacper Błachowiak - praca magisterska - klasyfikacja znaków drogowych\KB_Praca_Magisterska\data\raw\polish_traffic_signs_dataset\test\A-18b\2019_0721_181936_005 140_0.jpg,A-18b,A-2,90.33963012695312
247,C:\Users\Dell\Desktop\Kacper Błachowiak - praca magisterska - klasyfikacja znaków drogowych\KB_Praca_Magisterska\data\raw\polish_traffic_signs_dataset\test\A-18b\2019_0721_181936_005 140_1.jpg,A-18b,A-20,128.6294403076172
248,C:\Users\Dell\Desktop\Kacper Błachowiak - praca magisterska - klasyfikacja znaków drogowych\KB_Praca_Magisterska\data\raw\polish_traffic_signs_dataset\test\A-18b\2019_0721_181936_005 187_0.jpg,A-18b,A-20,123.9477996826172
258,C:\Users\Dell\Desktop\Kacper Błachowiak - praca magisterska - klasyfikacja znaków drogowych\KB_Praca_Magisterska\data\raw\polish_traffic_signs_dataset\test\A-18b\2019_0809_155001_003 0800_0.jpg,A-18b,A-2,59.20573043823242
259,C:\Users\Dell\Desktop\Kacper Błachowiak - praca magisterska - klasyfikacja znaków drogowych\KB_Praca_Magisterska\data\raw\polish_traffic_signs_dataset\test\A-18b\2019_0809_155001_003 0801_0.jpg,A-18b,A-2,154.30801391601562
263,C:\Users\Dell\Desktop\Kacper Błachowiak - praca magisterska - klasyfikacja znaków drogowych\KB_Praca_Magisterska\data\raw\polish_traffic_signs_dataset\test\A-18b\2019_0809_155001_003 0859_1.jpg,A-18b,A-15,104.81720733642578
267,C:\Users\Dell\Desktop\Kacper Błachowiak - praca magisterska - klasyfikacja znaków drogowych\KB_Praca_Magisterska\data\raw\polish_traffic_signs_dataset\test\A-18b\2019_0809_155001_003 1684_0.jpg,A-18b,A-6d,79.56434631347656
269,C:\Users\Dell\Desktop\Kacper Błachowiak - praca magisterska - klasyfikacja znaków drogowych\KB_Praca_Magisterska\data\raw\polish_traffic_signs_dataset\test\A-18b\2019_0809_162432_004 0091_0.jpg,A-18b,A-14,131.4562225341797
270,C:\Users\Dell\Desktop\Kacper Błachowiak - praca magisterska - klasyfikacja znaków drogowych\KB_Praca_Magisterska\data\raw\polish_traffic_signs_dataset\test\A-18b\2019_0809_162432_004 0198_0.jpg,A-18b,A-2,63.19738006591797
283,C:\Users\Dell\Desktop\Kacper Błachowiak - praca magisterska - klasyfikacja znaków drogowych\KB_Praca_Magisterska\data\raw\polish_traffic_signs_dataset\test\A-18b\2019_0811_183255_004 0878_0.jpg,A-18b,A-2,29.67397689819336
284,C:\Users\Dell\Desktop\Kacper Błachowiak - praca magisterska - klasyfikacja znaków drogowych\KB_Praca_Magisterska\data\raw\polish_traffic_signs_dataset\test\A-18b\2019_0811_183255_004 1434_0.jpg,A-18b,A-2,116.43026733398438
285,C:\Users\Dell\Desktop\Kacper Błachowiak - praca magisterska - klasyfikacja znaków drogowych\KB_Praca_Magisterska\data\raw\polish_traffic_signs_dataset\test\A-18b\2019_0811_183255_004 1937_0.jpg,A-18b,A-2,55.227813720703125
287,C:\Users\Dell\Desktop\Kacper Błachowiak - praca magisterska - klasyfikacja znaków drogowych\KB_Praca_Magisterska\data\raw\polish_traffic_signs_dataset\test\A-18b\2019_0811_190715_005 028_0.jpg,A-18b,A-2,27.357585906982425
289,C:\Users\Dell\Desktop\Kacper Błachowiak - praca magisterska - klasyfikacja znaków drogowych\KB_Praca_Magisterska\data\raw\polish_traffic_signs_dataset\test\A-18b\2019_0811_190715_005 074_0.jpg,A-18b,A-2,152.94847106933594
292,C:\Users\Dell\Desktop\Kacper Błachowiak - praca magisterska - klasyfikacja znaków drogowych\KB_Praca_Magisterska\data\raw\polish_traffic_signs_dataset\test\A-18b\2019_0811_190715_005 116_1.jpg,A-18b,A-32,142.0057830810547
294,C:\Users\Dell\Desktop\Kacper Błachowiak - praca magisterska - klasyfikacja znaków drogowych\KB_Praca_Magisterska\data\raw\polish_traffic_signs_dataset\test\A-18b\2019_0811_190715_005 203_0.jpg,A-18b,A-2,11.889680862426758
296,C:\Users\Dell\Desktop\Kacper Błachowiak - praca magisterska - klasyfikacja znaków drogowych\KB_Praca_Magisterska\data\raw\polish_traffic_signs_dataset\test\A-18b\2019_0811_190715_005 244_0.jpg,A-18b,A-20,111.03411865234376
303,C:\Users\Dell\Desktop\Kacper Błachowiak - praca magisterska - klasyfikacja znaków drogowych\KB_Praca_Magisterska\data\raw\polish_traffic_signs_dataset\test\A-18b\2019_0814_154857_003 1847_0.jpg,A-18b,A-2,141.92779541015625
304,C:\Users\Dell\Desktop\Kacper Błachowiak - praca magisterska - klasyfikacja znaków drogowych\KB_Praca_Magisterska\data\raw\polish_traffic_signs_dataset\test\A-18b\2019_0814_154857_003 1847_1.jpg,A-18b,A-2,134.9732666015625
308,C:\Users\Dell\Desktop\Kacper Błachowiak - praca magisterska - klasyfikacja znaków drogowych\KB_Praca_Magisterska\data\raw\polish_traffic_signs_dataset\test\A-18b\2019_0814_162326_004 0409_0.jpg,A-18b,A-2,74.32328033447266
315,C:\Users\Dell\Desktop\Kacper Błachowiak - praca magisterska - klasyfikacja znaków drogowych\KB_Praca_Magisterska\data\raw\polish_traffic_signs_dataset\test\A-18b\2019_0815_090538_005 0952_0.jpg,A-18b,A-2,70.72581481933594
317,C:\Users\Dell\Desktop\Kacper Błachowiak - praca magisterska - klasyfikacja znaków drogowych\KB_Praca_Magisterska\data\raw\polish_traffic_signs_dataset\test\A-18b\2019_0815_090538_005 1108_0.jpg,A-18b,A-2,57.55651092529297
319,C:\Users\Dell\Desktop\Kacper Błachowiak - praca magisterska - klasyfikacja znaków drogowych\KB_Praca_Magisterska\data\raw\polish_traffic_signs_dataset\test\A-18b\2019_0815_090538_005 1817_0.jpg,A-18b,A-32,149.35569763183594
320,C:\Users\Dell\Desktop\Kacper Błachowiak - praca magisterska - klasyfikacja znaków drogowych\KB_Praca_Magisterska\data\raw\polish_traffic_signs_dataset\test\A-18b\2019_0816_172034_007 0330_0.jpg,A-18b,A-2,28.74164390563965
321,C:\Users\Dell\Desktop\Kacper Błachowiak - praca magisterska - klasyfikacja znaków drogowych\KB_Praca_Magisterska\data\raw\polish_traffic_signs_dataset\test\A-18b\2019_0816_172034_007 0449_0.jpg,A-18b,A-2,146.13821411132812
330,C:\Users\Dell\Desktop\Kacper Błachowiak - praca magisterska - klasyfikacja znaków drogowych\KB_Praca_Magisterska\data\raw\polish_traffic_signs_dataset\test\A-2\2019_0721_171043_003 1524_0.jpg,A-2,A-8,113.77465057373048
346,C:\Users\Dell\Desktop\Kacper Błachowiak - praca magisterska - klasyfikacja znaków drogowych\KB_Praca_Magisterska\data\raw\polish_traffic_signs_dataset\test\A-2\2019_0811_175830_003 1543_0.jpg,A-2,A-18b,79.078369140625
347,C:\Users\Dell\Desktop\Kacper Błachowiak - praca magisterska - klasyfikacja znaków drogowych\KB_Praca_Magisterska\data\raw\polish_traffic_signs_dataset\test\A-2\2019_0811_175830_003 1572_0.jpg,A-2,D-1,66.8159408569336
379,C:\Users\Dell\Desktop\Kacper Błachowiak - praca magisterska - klasyfikacja znaków drogowych\KB_Praca_Magisterska\data\raw\polish_traffic_signs_dataset\test\A-20\2019_0719_142601_003 0965_1.jpg,A-20,A-12a,80.2233657836914
380,C:\Users\Dell\Desktop\Kacper Błachowiak - praca magisterska - klasyfikacja znaków drogowych\KB_Praca_Magisterska\data\raw\polish_traffic_signs_dataset\test\A-20\2019_0809_155001_003 0713_0.jpg,A-20,A-12a,29.989213943481445
385,C:\Users\Dell\Desktop\Kacper Błachowiak - praca magisterska - klasyfikacja znaków drogowych\KB_Praca_Magisterska\data\raw\polish_traffic_signs_dataset\test\A-20\2019_0811_190715_005 192_0.jpg,A-20,B-1,85.6490249633789
386,C:\Users\Dell\Desktop\Kacper Błachowiak - praca magisterska - klasyfikacja znaków drogowych\KB_Praca_Magisterska\data\raw\polish_traffic_signs_dataset\test\A-21\2019_0721_181936_005 726_0.jpg,A-21,A-32,157.22206115722656
391,C:\Users\Dell\Desktop\Kacper Błachowiak - praca magisterska - klasyfikacja znaków drogowych\KB_Praca_Magisterska\data\raw\polish_traffic_signs_dataset\test\A-21\2019_0814_154857_003 0259_0.jpg,A-21,A-18b,70.28041076660156
392,C:\Users\Dell\Desktop\Kacper Błachowiak - praca magisterska - klasyfikacja znaków drogowych\KB_Praca_Magisterska\data\raw\polish_traffic_signs_dataset\test\A-24\2019_0816_172034_007 1029_0.jpg,A-24,A-17,42.86106872558594
398,C:\Users\Dell\Desktop\Kacper Błachowiak - praca magisterska - klasyfikacja znaków drogowych\KB_Praca_Magisterska\data\raw\polish_traffic_signs_dataset\test\A-29\2019_0714_142630_003 115_0.jpg,A-29,A-32,150.6672821044922
399,C:\Users\Dell\Desktop\Kacper Błachowiak - praca magisterska - klasyfikacja znaków drogowych\KB_Praca_Magisterska\data\raw\polish_traffic_signs_dataset\test\A-29\2019_0714_142630_003 115_1.jpg,A-29,A-2,37.432838439941406
400,C:\Users\Dell\Desktop\Kacper Błachowiak - praca magisterska - klasyfikacja znaków drogowych\KB_Praca_Magisterska\data\raw\polish_traffic_signs_dataset\test\A-29\2019_0714_142933_003 045_0.jpg,A-29,A-2,136.33306884765625
403,C:\Users\Dell\Desktop\Kacper Błachowiak - praca magisterska - klasyfikacja znaków drogowych\KB_Praca_Magisterska\data\raw\polish_traffic_signs_dataset\test\A-29\2019_0719_142601_003 1500_0.jpg,A-29,A-2,91.3248519897461
408,C:\Users\Dell\Desktop\Kacper Błachowiak - praca magisterska - klasyfikacja znaków drogowych\KB_Praca_Magisterska\data\raw\polish_traffic_signs_dataset\test\A-29\2019_0719_150032_004 0294_0.jpg,A-29,A-2,74.220458984375
414,C:\Users\Dell\Desktop\Kacper Błachowiak - praca magisterska - klasyfikacja znaków drogowych\KB_Praca_Magisterska\data\raw\polish_traffic_signs_dataset\test\A-29\2019_0719_150032_004 0630_0.jpg,A-29,A-8,115.81240844726562
415,C:\Users\Dell\Desktop\Kacper Błachowiak - praca magisterska - klasyfikacja znaków drogowych\KB_Praca_Magisterska\data\raw\polish_traffic_signs_dataset\test\A-29\2019_0719_150032_004 0631_0.jpg,A-29,A-32,111.52434539794922
418,C:\Users\Dell\Desktop\Kacper Błachowiak - praca magisterska - klasyfikacja znaków drogowych\KB_Praca_Magisterska\data\raw\polish_traffic_signs_dataset\test\A-29\2019_0719_150032_004 0775_0.jpg,A-29,A-2,148.4698486328125
422,C:\Users\Dell\Desktop\Kacper Błachowiak - praca magisterska - klasyfikacja znaków drogowych\KB_Praca_Magisterska\data\raw\polish_traffic_signs_dataset\test\A-29\2019_0721_171043_003 0338_0.jpg,A-29,A-32,159.55557250976562
432,C:\Users\Dell\Desktop\Kacper Błachowiak - praca magisterska - klasyfikacja znaków drogowych\KB_Praca_Magisterska\data\raw\polish_traffic_signs_dataset\test\A-29\2019_0809_162432_004 0415_0.jpg,A-29,A-2,34.76939392089844
433,C:\Users\Dell\Desktop\Kacper Błachowiak - praca magisterska - klasyfikacja znaków drogowych\KB_Praca_Magisterska\data\raw\polish_traffic_signs_dataset\test\A-29\2019_0809_162432_004 0416_0.jpg,A-29,A-2,38.413360595703125
434,C:\Users\Dell\Desktop\Kacper Błachowiak - praca magisterska - klasyfikacja znaków drogowych\KB_Praca_Magisterska\data\raw\polish_traffic_signs_dataset\test\A-29\2019_0809_162432_004 0417_0.jpg,A-29,A-2,113.45556640625
440,C:\Users\Dell\Desktop\Kacper Błachowiak - praca magisterska - klasyfikacja znaków drogowych\KB_Praca_Magisterska\data\raw\polish_traffic_signs_dataset\test\A-29\2019_0811_175830_003 0355_0.jpg,A-29,A-32,184.03445434570312
445,C:\Users\Dell\Desktop\Kacper Błachowiak - praca magisterska - klasyfikacja znaków drogowych\KB_Praca_Magisterska\data\raw\polish_traffic_signs_dataset\test\A-29\2019_0811_183255_004 0466_0.jpg,A-29,A-32,144.91921997070312
447,C:\Users\Dell\Desktop\Kacper Błachowiak - praca magisterska - klasyfikacja znaków drogowych\KB_Praca_Magisterska\data\raw\polish_traffic_signs_dataset\test\A-29\2019_0811_183255_004 1164_0.jpg,A-29,A-2,30.317991256713867
448,C:\Users\Dell\Desktop\Kacper Błachowiak - praca magisterska - klasyfikacja znaków drogowych\KB_Praca_Magisterska\data\raw\polish_traffic_signs_dataset\test\A-29\2019_0811_183255_004 1184_0.jpg,A-29,A-2,100.87425994873048
449,C:\Users\Dell\Desktop\Kacper Błachowiak - praca magisterska - klasyfikacja znaków drogowych\KB_Praca_Magisterska\data\raw\polish_traffic_signs_dataset\test\A-29\2019_0811_183255_004 1185_0.jpg,A-29,A-2,112.64674377441406
461,C:\Users\Dell\Desktop\Kacper Błachowiak - praca magisterska - klasyfikacja znaków drogowych\KB_Praca_Magisterska\data\raw\polish_traffic_signs_dataset\test\A-3\2019_0721_171043_003 0787_0.jpg,A-3,A-2,111.82996368408205
469,C:\Users\Dell\Desktop\Kacper Błachowiak - praca magisterska - klasyfikacja znaków drogowych\KB_Praca_Magisterska\data\raw\polish_traffic_signs_dataset\test\A-3\2019_0721_171043_003 1742_0.jpg,A-3,A-2,106.39016723632812
472,C:\Users\Dell\Desktop\Kacper Błachowiak - praca magisterska - klasyfikacja znaków drogowych\KB_Praca_Magisterska\data\raw\polish_traffic_signs_dataset\test\A-3\2019_0811_175830_003 0750_0.jpg,A-3,A-2,192.05609130859372
474,C:\Users\Dell\Desktop\Kacper Błachowiak - praca magisterska - klasyfikacja znaków drogowych\KB_Praca_Magisterska\data\raw\polish_traffic_signs_dataset\test\A-3\2019_0811_175830_003 0820_0.jpg,A-3,A-8,137.48509216308594
475,C:\Users\Dell\Desktop\Kacper Błachowiak - praca magisterska - klasyfikacja znaków drogowych\KB_Praca_Magisterska\data\raw\polish_traffic_signs_dataset\test\A-3\2019_0811_175830_003 0821_0.jpg,A-3,A-8,128.2395782470703
480,C:\Users\Dell\Desktop\Kacper Błachowiak - praca magisterska - klasyfikacja znaków drogowych\KB_Praca_Magisterska\data\raw\polish_traffic_signs_dataset\test\A-3\2019_0811_175830_003 1754_0.jpg,A-3,D-1,107.93081665039062
481,C:\Users\Dell\Desktop\Kacper Błachowiak - praca magisterska - klasyfikacja znaków drogowych\KB_Praca_Magisterska\data\raw\polish_traffic_signs_dataset\test\A-3\2019_0815_090538_005 0982_0.jpg,A-3,A-2,50.64942932128906
482,C:\Users\Dell\Desktop\Kacper Błachowiak - praca magisterska - klasyfikacja znaków drogowych\KB_Praca_Magisterska\data\raw\polish_traffic_signs_dataset\test\A-3\2019_0815_090538_005 0983_0.jpg,A-3,B-27,68.56097412109375
483,C:\Users\Dell\Desktop\Kacper Błachowiak - praca magisterska - klasyfikacja znaków drogowych\KB_Praca_Magisterska\data\raw\polish_traffic_signs_dataset\test\A-3\2019_0815_094007_006 428_0.jpg,A-3,A-4,133.63035583496094
484,C:\Users\Dell\Desktop\Kacper Błachowiak - praca magisterska - klasyfikacja znaków drogowych\KB_Praca_Magisterska\data\raw\polish_traffic_signs_dataset\test\A-3\2019_0815_094007_006 429_0.jpg,A-3,A-6a,141.96011352539062
485,C:\Users\Dell\Desktop\Kacper Błachowiak - praca magisterska - klasyfikacja znaków drogowych\KB_Praca_Magisterska\data\raw\polish_traffic_signs_dataset\test\A-3\2019_0816_172034_007 0077_0.jpg,A-3,A-2,131.03236389160156
486,C:\Users\Dell\Desktop\Kacper Błachowiak - praca magisterska - klasyfikacja znaków drogowych\KB_Praca_Magisterska\data\raw\polish_traffic_signs_dataset\test\A-3\2019_0816_172034_007 0114_0.jpg,A-3,A-6a,104.11473846435548
488,C:\Users\Dell\Desktop\Kacper Błachowiak - praca magisterska - klasyfikacja znaków drogowych\KB_Praca_Magisterska\data\raw\polish_traffic_signs_dataset\test\A-3\2019_0816_172034_007 0733_0.jpg,A-3,A-2,99.13502502441406
489,C:\Users\Dell\Desktop\Kacper Błachowiak - praca magisterska - klasyfikacja znaków drogowych\KB_Praca_Magisterska\data\raw\polish_traffic_signs_dataset\test\A-3\2019_0816_172034_007 0734_0.jpg,A-3,A-6a,77.10630798339844
492,C:\Users\Dell\Desktop\Kacper Błachowiak - praca magisterska - klasyfikacja znaków drogowych\KB_Praca_Magisterska\data\raw\polish_traffic_signs_dataset\test\A-3\2019_0905_182313_001 1330_0.jpg,A-3,A-4,91.23532104492188
495,C:\Users\Dell\Desktop\Kacper Błachowiak - praca magisterska - klasyfikacja znaków drogowych\KB_Praca_Magisterska\data\raw\polish_traffic_signs_dataset\test\A-30\2019_0714_142630_003 118_1.jpg,A-30,A-20,151.632568359375
497,C:\Users\Dell\Desktop\Kacper Błachowiak - praca magisterska - klasyfikacja znaków drogowych\KB_Praca_Magisterska\data\raw\polish_traffic_signs_dataset\test\A-30\2019_0714_142630_003 123_1.jpg,A-30,A-2,59.43988037109375
498,C:\Users\Dell\Desktop\Kacper Błachowiak - praca magisterska - klasyfikacja znaków drogowych\KB_Praca_Magisterska\data\raw\polish_traffic_signs_dataset\test\A-30\2019_0714_142630_003 127_0.jpg,A-30,A-2,78.5209732055664
499,C:\Users\Dell\Desktop\Kacper Błachowiak - praca magisterska - klasyfikacja znaków drogowych\KB_Praca_Magisterska\data\raw\polish_traffic_signs_dataset\test\A-30\2019_0714_142630_003 127_1.jpg,A-30,A-20,160.5487518310547
507,C:\Users\Dell\Desktop\Kacper Błachowiak - praca magisterska - klasyfikacja znaków drogowych\KB_Praca_Magisterska\data\raw\polish_traffic_signs_dataset\test\A-30\2019_0719_142601_003 1155_0.jpg,A-30,A-1,172.75926208496094
508,C:\Users\Dell\Desktop\Kacper Błachowiak - praca magisterska - klasyfikacja znaków drogowych\KB_Praca_Magisterska\data\raw\polish_traffic_signs_dataset\test\A-30\2019_0719_142601_003 1224_0.jpg,A-30,A-12a,84.76966857910156
510,C:\Users\Dell\Desktop\Kacper Błachowiak - praca magisterska - klasyfikacja znaków drogowych\KB_Praca_Magisterska\data\raw\polish_traffic_signs_dataset\test\A-30\2019_0719_142601_003 1233_0.jpg,A-30,A-20,111.64089965820312
527,C:\Users\Dell\Desktop\Kacper Błachowiak - praca magisterska - klasyfikacja znaków drogowych\KB_Praca_Magisterska\data\raw\polish_traffic_signs_dataset\test\A-30\2019_0719_142601_003 1957_0.jpg,A-30,A-6b,94.10148620605467
547,C:\Users\Dell\Desktop\Kacper Błachowiak - praca magisterska - klasyfikacja znaków drogowych\KB_Praca_Magisterska\data\raw\polish_traffic_signs_dataset\test\A-30\2019_0721_171043_003 0667_0.jpg,A-30,A-1,195.71612548828125
549,C:\Users\Dell\Desktop\Kacper Błachowiak - praca magisterska - klasyfikacja znaków drogowych\KB_Praca_Magisterska\data\raw\polish_traffic_signs_dataset\test\A-30\2019_0726_185626_003 235_0.jpg,A-30,A-12a,109.19376373291016
550,C:\Users\Dell\Desktop\Kacper Błachowiak - praca magisterska - klasyfikacja znaków drogowych\KB_Praca_Magisterska\data\raw\polish_traffic_signs_dataset\test\A-30\2019_0726_185626_003 236_0.jpg,A-30,A-12a,88.628662109375
555,C:\Users\Dell\Desktop\Kacper Błachowiak - praca magisterska - klasyfikacja znaków drogowych\KB_Praca_Magisterska\data\raw\polish_traffic_signs_dataset\test\A-30\2019_0809_155001_003 0441_0.jpg,A-30,A-2,137.4409942626953
561,C:\Users\Dell\Desktop\Kacper Błachowiak - praca magisterska - klasyfikacja znaków drogowych\KB_Praca_Magisterska\data\raw\polish_traffic_signs_dataset\test\A-30\2019_0809_155001_003 1374_0.jpg,A-30,A-2,176.7903594970703
562,C:\Users\Dell\Desktop\Kacper Błachowiak - praca magisterska - klasyfikacja znaków drogowych\KB_Praca_Magisterska\data\raw\polish_traffic_signs_dataset\test\A-30\2019_0809_155001_003 1438_0.jpg,A-30,A-29,163.53834533691406
563,C:\Users\Dell\Desktop\Kacper Błachowiak - praca magisterska - klasyfikacja znaków drogowych\KB_Praca_Magisterska\data\raw\polish_traffic_signs_dataset\test\A-30\2019_0809_155001_003 1446_0.jpg,A-30,A-12a,125.70913696289062
566,C:\Users\Dell\Desktop\Kacper Błachowiak - praca magisterska - klasyfikacja znaków drogowych\KB_Praca_Magisterska\data\raw\polish_traffic_signs_dataset\test\A-30\2019_0809_155001_003 1554_0.jpg,A-30,A-20,187.89529418945312
584,C:\Users\Dell\Desktop\Kacper Błachowiak - praca magisterska - klasyfikacja znaków drogowych\KB_Praca_Magisterska\data\raw\polish_traffic_signs_dataset\test\A-30\2019_0809_162432_004 0753_0.jpg,A-30,A-2,105.02384185791016
587,C:\Users\Dell\Desktop\Kacper Błachowiak - praca magisterska - klasyfikacja znaków drogowych\KB_Praca_Magisterska\data\raw\polish_traffic_signs_dataset\test\A-30\2019_0809_162432_004 1419_0.jpg,A-30,A-2,126.7948226928711
593,C:\Users\Dell\Desktop\Kacper Błachowiak - praca magisterska - klasyfikacja znaków drogowych\KB_Praca_Magisterska\data\raw\polish_traffic_signs_dataset\test\A-30\2019_0811_183255_004 0332_0.jpg,A-30,A-20,131.71795654296875
595,C:\Users\Dell\Desktop\Kacper Błachowiak - praca magisterska - klasyfikacja znaków drogowych\KB_Praca_Magisterska\data\raw\polish_traffic_signs_dataset\test\A-30\2019_0811_183255_004 0550_0.jpg,A-30,A-2,94.58399963378906
599,C:\Users\Dell\Desktop\Kacper Błachowiak - praca magisterska - klasyfikacja znaków drogowych\KB_Praca_Magisterska\data\raw\polish_traffic_signs_dataset\test\A-30\2019_0811_183255_004 0853_0.jpg,A-30,A-29,90.95723724365234
603,C:\Users\Dell\Desktop\Kacper Błachowiak - praca magisterska - klasyfikacja znaków drogowych\KB_Praca_Magisterska\data\raw\polish_traffic_signs_dataset\test\A-30\2019_0811_183255_004 1141_0.jpg,A-30,A-29,65.59871673583984
604,C:\Users\Dell\Desktop\Kacper Błachowiak - praca magisterska - klasyfikacja znaków drogowych\KB_Praca_Magisterska\data\raw\polish_traffic_signs_dataset\test\A-30\2019_0811_183255_004 1432_0.jpg,A-30,A-2,125.02723693847656
605,C:\Users\Dell\Desktop\Kacper Błachowiak - praca magisterska - klasyfikacja znaków drogowych\KB_Praca_Magisterska\data\raw\polish_traffic_signs_dataset\test\A-30\2019_0811_183255_004 1472_0.jpg,A-30,A-6d,78.5372085571289
606,C:\Users\Dell\Desktop\Kacper Błachowiak - praca magisterska - klasyfikacja znaków drogowych\KB_Praca_Magisterska\data\raw\polish_traffic_signs_dataset\test\A-30\2019_0811_183255_004 1618_0.jpg,A-30,A-2,119.05427551269533
608,C:\Users\Dell\Desktop\Kacper Błachowiak - praca magisterska - klasyfikacja znaków drogowych\KB_Praca_Magisterska\data\raw\polish_traffic_signs_dataset\test\A-30\2019_0814_154857_003 0114_0.jpg,A-30,A-2,62.71160507202149
622,C:\Users\Dell\Desktop\Kacper Błachowiak - praca magisterska - klasyfikacja znaków drogowych\KB_Praca_Magisterska\data\raw\polish_traffic_signs_dataset\test\A-30\2019_0814_162326_004 0067_0.jpg,A-30,A-29,105.83818817138672
624,C:\Users\Dell\Desktop\Kacper Błachowiak - praca magisterska - klasyfikacja znaków drogowych\KB_Praca_Magisterska\data\raw\polish_traffic_signs_dataset\test\A-30\2019_0814_162326_004 0068_0.jpg,A-30,A-12a,84.87548828125
628,C:\Users\Dell\Desktop\Kacper Błachowiak - praca magisterska - klasyfikacja znaków drogowych\KB_Praca_Magisterska\data\raw\polish_traffic_signs_dataset\test\A-32\2019_0719_142601_003 0119_0.jpg,A-32,A-2,196.8551483154297
629,C:\Users\Dell\Desktop\Kacper Błachowiak - praca magisterska - klasyfikacja znaków drogowych\KB_Praca_Magisterska\data\raw\polish_traffic_signs_dataset\test\A-32\2019_0719_142601_003 0119_1.jpg,A-32,A-2,157.66488647460938
636,C:\Users\Dell\Desktop\Kacper Błachowiak - praca magisterska - klasyfikacja znaków drogowych\KB_Praca_Magisterska\data\raw\polish_traffic_signs_dataset\test\A-32\2019_0721_181936_005 314_0.jpg,A-32,A-20,115.64772033691406
639,C:\Users\Dell\Desktop\Kacper Błachowiak - praca magisterska - klasyfikacja znaków drogowych\KB_Praca_Magisterska\data\raw\polish_traffic_signs_dataset\test\A-32\2019_0721_181936_005 534_1.jpg,A-32,D-1,135.82908630371094
640,C:\Users\Dell\Desktop\Kacper Błachowiak - praca magisterska - klasyfikacja znaków drogowych\KB_Praca_Magisterska\data\raw\polish_traffic_signs_dataset\test\A-32\2019_0721_181936_005 557_0.jpg,A-32,A-2,31.38921356201172
642,C:\Users\Dell\Desktop\Kacper Błachowiak - praca magisterska - klasyfikacja znaków drogowych\KB_Praca_Magisterska\data\raw\polish_traffic_signs_dataset\test\A-32\2019_0721_181936_005 567_0.jpg,A-32,A-29,44.68859100341797
646,C:\Users\Dell\Desktop\Kacper Błachowiak - praca magisterska - klasyfikacja znaków drogowych\KB_Praca_Magisterska\data\raw\polish_traffic_signs_dataset\test\A-32\2019_0809_155001_003 0332_0.jpg,A-32,A-20,170.31494140625
651,C:\Users\Dell\Desktop\Kacper Błachowiak - praca magisterska - klasyfikacja znaków drogowych\KB_Praca_Magisterska\data\raw\polish_traffic_signs_dataset\test\A-32\2019_0811_190715_005 553_0.jpg,A-32,A-2,92.3222427368164
655,C:\Users\Dell\Desktop\Kacper Błachowiak - praca magisterska - klasyfikacja znaków drogowych\KB_Praca_Magisterska\data\raw\polish_traffic_signs_dataset\test\A-32\2019_0811_190715_005 583_0.jpg,A-32,A-17,28.658283233642575
656,C:\Users\Dell\Desktop\Kacper Błachowiak - praca magisterska - klasyfikacja znaków drogowych\KB_Praca_Magisterska\data\raw\polish_traffic_signs_dataset\test\A-32\2019_0811_190715_005 583_1.jpg,A-32,A-29,61.855655670166016
661,C:\Users\Dell\Desktop\Kacper Błachowiak - praca magisterska - klasyfikacja znaków drogowych\KB_Praca_Magisterska\data\raw\polish_traffic_signs_dataset\test\A-32\2019_0814_154857_003 0693_1.jpg,A-32,A-2,69.01885223388672
663,C:\Users\Dell\Desktop\Kacper Błachowiak - praca magisterska - klasyfikacja znaków drogowych\KB_Praca_Magisterska\data\raw\polish_traffic_signs_dataset\test\A-32\2019_0814_154857_003 0766_0.jpg,A-32,A-2,151.30799865722656
678,C:\Users\Dell\Desktop\Kacper Błachowiak - praca magisterska - klasyfikacja znaków drogowych\KB_Praca_Magisterska\data\raw\polish_traffic_signs_dataset\test\A-32\2019_0816_172034_007 0523_0.jpg,A-32,A-18b,68.58885192871094
682,C:\Users\Dell\Desktop\Kacper Błachowiak - praca magisterska - klasyfikacja znaków drogowych\KB_Praca_Magisterska\data\raw\polish_traffic_signs_dataset\test\A-4\2019_0719_150032_004 0408_0.jpg,A-4,A-2,73.84083557128906
684,C:\Users\Dell\Desktop\Kacper Błachowiak - praca magisterska - klasyfikacja znaków drogowych\KB_Praca_Magisterska\data\raw\polish_traffic_signs_dataset\test\A-4\2019_0721_171043_003 1027_0.jpg,A-4,A-2,50.87739562988281
685,C:\Users\Dell\Desktop\Kacper Błachowiak - praca magisterska - klasyfikacja znaków drogowych\KB_Praca_Magisterska\data\raw\polish_traffic_signs_dataset\test\A-4\2019_0721_171043_003 1028_0.jpg,A-4,A-2,47.6489486694336
686,C:\Users\Dell\Desktop\Kacper Błachowiak - praca magisterska - klasyfikacja znaków drogowych\KB_Praca_Magisterska\data\raw\polish_traffic_signs_dataset\test\A-4\2019_0721_171043_003 1341_0.jpg,A-4,A-1,28.260215759277344
687,C:\Users\Dell\Desktop\Kacper Błachowiak - praca magisterska - klasyfikacja znaków drogowych\KB_Praca_Magisterska\data\raw\polish_traffic_signs_dataset\test\A-4\2019_0721_171043_003 1692_0.jpg,A-4,A-1,98.31610107421876
688,C:\Users\Dell\Desktop\Kacper Błachowiak - praca magisterska - klasyfikacja znaków drogowych\KB_Praca_Magisterska\data\raw\polish_traffic_signs_dataset\test\A-4\2019_0809_162432_004 0530_0.jpg,A-4,A-2,39.11261367797852
689,C:\Users\Dell\Desktop\Kacper Błachowiak - praca magisterska - klasyfikacja znaków drogowych\KB_Praca_Magisterska\data\raw\polish_traffic_signs_dataset\test\A-4\2019_0809_162432_004 0531_0.jpg,A-4,A-2,59.2694091796875
690,C:\Users\Dell\Desktop\Kacper Błachowiak - praca magisterska - klasyfikacja znaków drogowych\KB_Praca_Magisterska\data\raw\polish_traffic_signs_dataset\test\A-4\2019_0811_175830_003 1063_0.jpg,A-4,A-32,177.70669555664062
692,C:\Users\Dell\Desktop\Kacper Błachowiak - praca magisterska - klasyfikacja znaków drogowych\KB_Praca_Magisterska\data\raw\polish_traffic_signs_dataset\test\A-4\2019_0811_183255_004 0404_0.jpg,A-4,A-2,57.13188171386719
693,C:\Users\Dell\Desktop\Kacper Błachowiak - praca magisterska - klasyfikacja znaków drogowych\KB_Praca_Magisterska\data\raw\polish_traffic_signs_dataset\test\A-4\2019_0816_172034_007 0437_0.jpg,A-4,A-2,39.65398406982422
694,C:\Users\Dell\Desktop\Kacper Błachowiak - praca magisterska - klasyfikacja znaków drogowych\KB_Praca_Magisterska\data\raw\polish_traffic_signs_dataset\test\A-4\2019_0816_172034_007 0438_0.jpg,A-4,A-2,57.95256805419922
697,C:\Users\Dell\Desktop\Kacper Błachowiak - praca magisterska - klasyfikacja znaków drogowych\KB_Praca_Magisterska\data\raw\polish_traffic_signs_dataset\test\A-4\2019_0816_172034_007 0806_0.jpg,A-4,A-2,74.69154357910156
698,C:\Users\Dell\Desktop\Kacper Błachowiak - praca magisterska - klasyfikacja znaków drogowych\KB_Praca_Magisterska\data\raw\polish_traffic_signs_dataset\test\A-4\2019_0901_165821_014 1238_0.jpg,A-4,A-2,19.664875030517575
700,C:\Users\Dell\Desktop\Kacper Błachowiak - praca magisterska - klasyfikacja znaków drogowych\KB_Praca_Magisterska\data\raw\polish_traffic_signs_dataset\test\A-4\2019_0905_182313_001 0891_0.jpg,A-4,A-2,172.95315551757812
702,C:\Users\Dell\Desktop\Kacper Błachowiak - praca magisterska - klasyfikacja znaków drogowych\KB_Praca_Magisterska\data\raw\polish_traffic_signs_dataset\test\A-4\2019_0905_193214_003 095_0.jpg,A-4,A-2,156.1878662109375
703,C:\Users\Dell\Desktop\Kacper Błachowiak - praca magisterska - klasyfikacja znaków drogowych\KB_Praca_Magisterska\data\raw\polish_traffic_signs_dataset\test\A-4\2019_0927_161359_043 0997_0.jpg,A-4,A-2,72.33975219726562
705,C:\Users\Dell\Desktop\Kacper Błachowiak - praca magisterska - klasyfikacja znaków drogowych\KB_Praca_Magisterska\data\raw\polish_traffic_signs_dataset\test\A-4\2019_0929_143436_042 1090_0.jpg,A-4,A-2,53.62324905395508
706,C:\Users\Dell\Desktop\Kacper Błachowiak - praca magisterska - klasyfikacja znaków drogowych\KB_Praca_Magisterska\data\raw\polish_traffic_signs_dataset\test\A-4\2019_1030_165838_043 0549_0.jpg,A-4,A-6b,76.30192565917969
707,C:\Users\Dell\Desktop\Kacper Błachowiak - praca magisterska - klasyfikacja znaków drogowych\KB_Praca_Magisterska\data\raw\polish_traffic_signs_dataset\test\A-4\2019_1223_092421_001 0935_0.jpg,A-4,A-2,171.83042907714844
708,C:\Users\Dell\Desktop\Kacper Błachowiak - praca magisterska - klasyfikacja znaków drogowych\KB_Praca_Magisterska\data\raw\polish_traffic_signs_dataset\test\A-4\2019_1223_092421_001 0989_0.jpg,A-4,A-2,148.68177795410156
709,C:\Users\Dell\Desktop\Kacper Błachowiak - praca magisterska - klasyfikacja znaków drogowych\KB_Praca_Magisterska\data\raw\polish_traffic_signs_dataset\test\A-4\2019_1223_092421_001 1615_0.jpg,A-4,A-2,143.34835815429688
711,C:\Users\Dell\Desktop\Kacper Błachowiak - praca magisterska - klasyfikacja znaków drogowych\KB_Praca_Magisterska\data\raw\polish_traffic_signs_dataset\test\A-4\2019_1223_110958_003 1165_0.jpg,A-4,A-2,111.4322280883789
712,C:\Users\Dell\Desktop\Kacper Błachowiak - praca magisterska - klasyfikacja znaków drogowych\KB_Praca_Magisterska\data\raw\polish_traffic_signs_dataset\test\A-4\2019_1223_114427_004 0156_0.jpg,A-4,A-2,113.91104125976562
713,C:\Users\Dell\Desktop\Kacper Błachowiak - praca magisterska - klasyfikacja znaków drogowych\KB_Praca_Magisterska\data\raw\polish_traffic_signs_dataset\test\A-4\2019_1223_114427_004 0157_0.jpg,A-4,A-2,166.20767211914062
716,C:\Users\Dell\Desktop\Kacper Błachowiak - praca magisterska - klasyfikacja znaków drogowych\KB_Praca_Magisterska\data\raw\polish_traffic_signs_dataset\test\A-6a\2019_0714_142630_003 120_0.jpg,A-6a,A-12a,76.10113525390625
718,C:\Users\Dell\Desktop\Kacper Błachowiak - praca magisterska - klasyfikacja znaków drogowych\KB_Praca_Magisterska\data\raw\polish_traffic_signs_dataset\test\A-6a\2019_0719_142601_003 1017_0.jpg,A-6a,A-20,143.02906799316406
720,C:\Users\Dell\Desktop\Kacper Błachowiak - praca magisterska - klasyfikacja znaków drogowych\KB_Praca_Magisterska\data\raw\polish_traffic_signs_dataset\test\A-6a\2019_0719_142601_003 1233_0.jpg,A-6a,A-2,93.78868865966795
730,C:\Users\Dell\Desktop\Kacper Błachowiak - praca magisterska - klasyfikacja znaków drogowych\KB_Praca_Magisterska\data\raw\polish_traffic_signs_dataset\test\A-6a\2019_0719_142601_003 2019_0.jpg,A-6a,A-12a,141.24522399902344
738,C:\Users\Dell\Desktop\Kacper Błachowiak - praca magisterska - klasyfikacja znaków drogowych\KB_Praca_Magisterska\data\raw\polish_traffic_signs_dataset\test\A-6a\2019_0719_150032_004 0493_0.jpg,A-6a,A-12a,81.47872161865234
747,C:\Users\Dell\Desktop\Kacper Błachowiak - praca magisterska - klasyfikacja znaków drogowych\KB_Praca_Magisterska\data\raw\polish_traffic_signs_dataset\test\A-6a\2019_0809_155001_003 1704_0.jpg,A-6a,B-9,121.85208892822266
756,C:\Users\Dell\Desktop\Kacper Błachowiak - praca magisterska - klasyfikacja znaków drogowych\KB_Praca_Magisterska\data\raw\polish_traffic_signs_dataset\test\A-6a\2019_0809_162432_004 0618_0.jpg,A-6a,A-6b,48.9370346069336
761,C:\Users\Dell\Desktop\Kacper Błachowiak - praca magisterska - klasyfikacja znaków drogowych\KB_Praca_Magisterska\data\raw\polish_traffic_signs_dataset\test\A-6a\2019_0811_183255_004 0320_0.jpg,A-6a,A-2,23.668724060058597
762,C:\Users\Dell\Desktop\Kacper Błachowiak - praca magisterska - klasyfikacja znaków drogowych\KB_Praca_Magisterska\data\raw\polish_traffic_signs_dataset\test\A-6a\2019_0811_183255_004 0340_0.jpg,A-6a,A-32,113.3801040649414
768,C:\Users\Dell\Desktop\Kacper Błachowiak - praca magisterska - klasyfikacja znaków drogowych\KB_Praca_Magisterska\data\raw\polish_traffic_signs_dataset\test\A-6a\2019_0811_183255_004 0902_0.jpg,A-6a,A-2,35.5982551574707
769,C:\Users\Dell\Desktop\Kacper Błachowiak - praca magisterska - klasyfikacja znaków drogowych\KB_Praca_Magisterska\data\raw\polish_traffic_signs_dataset\test\A-6a\2019_0811_183255_004 1176_0.jpg,A-6a,A-2,133.31373596191406
770,C:\Users\Dell\Desktop\Kacper Błachowiak - praca magisterska - klasyfikacja znaków drogowych\KB_Praca_Magisterska\data\raw\polish_traffic_signs_dataset\test\A-6a\2019_0811_183255_004 1490_0.jpg,A-6a,A-2,129.94703674316406
774,C:\Users\Dell\Desktop\Kacper Błachowiak - praca magisterska - klasyfikacja znaków drogowych\KB_Praca_Magisterska\data\raw\polish_traffic_signs_dataset\test\A-6a\2019_0814_162326_004 0119_0.jpg,A-6a,A-20,117.02864074707033
783,C:\Users\Dell\Desktop\Kacper Błachowiak - praca magisterska - klasyfikacja znaków drogowych\KB_Praca_Magisterska\data\raw\polish_traffic_signs_dataset\test\A-6a\2019_0814_162326_004 0531_0.jpg,A-6a,A-8,133.19918823242188
789,C:\Users\Dell\Desktop\Kacper Błachowiak - praca magisterska - klasyfikacja znaków drogowych\KB_Praca_Magisterska\data\raw\polish_traffic_signs_dataset\test\A-6b\2019_0719_142601_003 0295_0.jpg,A-6b,A-2,47.66765594482422
790,C:\Users\Dell\Desktop\Kacper Błachowiak - praca magisterska - klasyfikacja znaków drogowych\KB_Praca_Magisterska\data\raw\polish_traffic_signs_dataset\test\A-6b\2019_0719_142601_003 0658_0.jpg,A-6b,A-12a,79.73088836669922
794,C:\Users\Dell\Desktop\Kacper Błachowiak - praca magisterska - klasyfikacja znaków drogowych\KB_Praca_Magisterska\data\raw\polish_traffic_signs_dataset\test\A-6b\2019_0719_142601_003 1100_0.jpg,A-6b,A-2,166.00369262695312
795,C:\Users\Dell\Desktop\Kacper Błachowiak - praca magisterska - klasyfikacja znaków drogowych\KB_Praca_Magisterska\data\raw\polish_traffic_signs_dataset\test\A-6b\2019_0719_142601_003 1128_0.jpg,A-6b,A-20,182.7669219970703
796,C:\Users\Dell\Desktop\Kacper Błachowiak - praca magisterska - klasyfikacja znaków drogowych\KB_Praca_Magisterska\data\raw\polish_traffic_signs_dataset\test\A-6b\2019_0719_142601_003 1129_0.jpg,A-6b,A-12a,123.4743881225586
797,C:\Users\Dell\Desktop\Kacper Błachowiak - praca magisterska - klasyfikacja znaków drogowych\KB_Praca_Magisterska\data\raw\polish_traffic_signs_dataset\test\A-6b\2019_0719_142601_003 1437_0.jpg,A-6b,A-12a,79.84184265136719
799,C:\Users\Dell\Desktop\Kacper Błachowiak - praca magisterska - klasyfikacja znaków drogowych\KB_Praca_Magisterska\data\raw\polish_traffic_signs_dataset\test\A-6b\2019_0719_142601_003 1844_0.jpg,A-6b,A-12a,92.05498504638672
803,C:\Users\Dell\Desktop\Kacper Błachowiak - praca magisterska - klasyfikacja znaków drogowych\KB_Praca_Magisterska\data\raw\polish_traffic_signs_dataset\test\A-6b\2019_0721_181936_005 025_0.jpg,A-6b,A-2,55.64860916137695
804,C:\Users\Dell\Desktop\Kacper Błachowiak - praca magisterska - klasyfikacja znaków drogowych\KB_Praca_Magisterska\data\raw\polish_traffic_signs_dataset\test\A-6b\2019_0721_181936_005 025_1.jpg,A-6b,A-2,30.622167587280277
805,C:\Users\Dell\Desktop\Kacper Błachowiak - praca magisterska - klasyfikacja znaków drogowych\KB_Praca_Magisterska\data\raw\polish_traffic_signs_dataset\test\A-6b\2019_0726_185626_003 409_0.jpg,A-6b,A-12a,112.25611114501952
809,C:\Users\Dell\Desktop\Kacper Błachowiak - praca magisterska - klasyfikacja znaków drogowych\KB_Praca_Magisterska\data\raw\polish_traffic_signs_dataset\test\A-6b\2019_0809_155001_003 0513_0.jpg,A-6b,A-6a,74.56291198730469
810,C:\Users\Dell\Desktop\Kacper Błachowiak - praca magisterska - klasyfikacja znaków drogowych\KB_Praca_Magisterska\data\raw\polish_traffic_signs_dataset\test\A-6b\2019_0809_155001_003 0844_0.jpg,A-6b,A-2,61.43701171875
812,C:\Users\Dell\Desktop\Kacper Błachowiak - praca magisterska - klasyfikacja znaków drogowych\KB_Praca_Magisterska\data\raw\polish_traffic_signs_dataset\test\A-6b\2019_0809_155001_003 1293_0.jpg,A-6b,A-6a,169.50146484375
815,C:\Users\Dell\Desktop\Kacper Błachowiak - praca magisterska - klasyfikacja znaków drogowych\KB_Praca_Magisterska\data\raw\polish_traffic_signs_dataset\test\A-6b\2019_0809_155001_003 1649_0.jpg,A-6b,A-12a,109.71935272216795
816,C:\Users\Dell\Desktop\Kacper Błachowiak - praca magisterska - klasyfikacja znaków drogowych\KB_Praca_Magisterska\data\raw\polish_traffic_signs_dataset\test\A-6b\2019_0809_162432_004 0557_0.jpg,A-6b,A-12a,158.06509399414062
817,C:\Users\Dell\Desktop\Kacper Błachowiak - praca magisterska - klasyfikacja znaków drogowych\KB_Praca_Magisterska\data\raw\polish_traffic_signs_dataset\test\A-6b\2019_0809_162432_004 0558_0.jpg,A-6b,A-4,134.59567260742188
820,C:\Users\Dell\Desktop\Kacper Błachowiak - praca magisterska - klasyfikacja znaków drogowych\KB_Praca_Magisterska\data\raw\polish_traffic_signs_dataset\test\A-6b\2019_0811_183255_004 0750_0.jpg,A-6b,A-4,149.32493591308594
821,C:\Users\Dell\Desktop\Kacper Błachowiak - praca magisterska - klasyfikacja znaków drogowych\KB_Praca_Magisterska\data\raw\polish_traffic_signs_dataset\test\A-6b\2019_0811_183255_004 1025_0.jpg,A-6b,A-8,153.79461669921875
822,C:\Users\Dell\Desktop\Kacper Błachowiak - praca magisterska - klasyfikacja znaków drogowych\KB_Praca_Magisterska\data\raw\polish_traffic_signs_dataset\test\A-6b\2019_0811_183255_004 1435_0.jpg,A-6b,A-4,146.146728515625
823,C:\Users\Dell\Desktop\Kacper Błachowiak - praca magisterska - klasyfikacja znaków drogowych\KB_Praca_Magisterska\data\raw\polish_traffic_signs_dataset\test\A-6b\2019_0811_190715_005 025_0.jpg,A-6b,A-2,39.10675430297852
824,C:\Users\Dell\Desktop\Kacper Błachowiak - praca magisterska - klasyfikacja znaków drogowych\KB_Praca_Magisterska\data\raw\polish_traffic_signs_dataset\test\A-6b\2019_0811_190715_005 026_0.jpg,A-6b,A-2,26.99437522888184
827,C:\Users\Dell\Desktop\Kacper Błachowiak - praca magisterska - klasyfikacja znaków drogowych\KB_Praca_Magisterska\data\raw\polish_traffic_signs_dataset\test\A-6b\2019_0814_154857_003 0870_0.jpg,A-6b,A-6a,67.06544494628906
828,C:\Users\Dell\Desktop\Kacper Błachowiak - praca magisterska - klasyfikacja znaków drogowych\KB_Praca_Magisterska\data\raw\polish_traffic_signs_dataset\test\A-6b\2019_0815_090538_005 0492_0.jpg,A-6b,A-6a,153.10989379882812
829,C:\Users\Dell\Desktop\Kacper Błachowiak - praca magisterska - klasyfikacja znaków drogowych\KB_Praca_Magisterska\data\raw\polish_traffic_signs_dataset\test\A-6b\2019_0815_090538_005 0768_0.jpg,A-6b,A-20,141.57858276367188
830,C:\Users\Dell\Desktop\Kacper Błachowiak - praca magisterska - klasyfikacja znaków drogowych\KB_Praca_Magisterska\data\raw\polish_traffic_signs_dataset\test\A-6b\2019_0815_090538_005 0845_0.jpg,A-6b,A-2,61.78458023071289
833,C:\Users\Dell\Desktop\Kacper Błachowiak - praca magisterska - klasyfikacja znaków drogowych\KB_Praca_Magisterska\data\raw\polish_traffic_signs_dataset\test\A-6b\2019_0816_172034_007 0005_0.jpg,A-6b,A-6a,153.0025177001953
834,C:\Users\Dell\Desktop\Kacper Błachowiak - praca magisterska - klasyfikacja znaków drogowych\KB_Praca_Magisterska\data\raw\polish_traffic_signs_dataset\test\A-6b\2019_0816_172034_007 0437_0.jpg,A-6b,A-2,34.92356872558594
841,C:\Users\Dell\Desktop\Kacper Błachowiak - praca magisterska - klasyfikacja znaków drogowych\KB_Praca_Magisterska\data\raw\polish_traffic_signs_dataset\test\A-6b\2019_0901_165821_014 1936_0.jpg,A-6b,A-2,114.99410247802734
843,C:\Users\Dell\Desktop\Kacper Błachowiak - praca magisterska - klasyfikacja znaków drogowych\KB_Praca_Magisterska\data\raw\polish_traffic_signs_dataset\test\A-6b\2019_0901_173251_015 0188_0.jpg,A-6b,A-6a,129.8613739013672
844,C:\Users\Dell\Desktop\Kacper Błachowiak - praca magisterska - klasyfikacja znaków drogowych\KB_Praca_Magisterska\data\raw\polish_traffic_signs_dataset\test\A-6b\2019_0901_173251_015 0852_0.jpg,A-6b,A-6a,55.64004135131836
846,C:\Users\Dell\Desktop\Kacper Błachowiak - praca magisterska - klasyfikacja znaków drogowych\KB_Praca_Magisterska\data\raw\polish_traffic_signs_dataset\test\A-6b\2019_0905_182313_001 0105_0.jpg,A-6b,A-6a,116.06846618652344
848,C:\Users\Dell\Desktop\Kacper Błachowiak - praca magisterska - klasyfikacja znaków drogowych\KB_Praca_Magisterska\data\raw\polish_traffic_signs_dataset\test\A-6b\2019_0905_182313_001 0864_0.jpg,A-6b,A-12a,93.14541625976562
849,C:\Users\Dell\Desktop\Kacper Błachowiak - praca magisterska - klasyfikacja znaków drogowych\KB_Praca_Magisterska\data\raw\polish_traffic_signs_dataset\test\A-6b\2019_0905_182313_001 0865_0.jpg,A-6b,A-6a,111.99073028564452
851,C:\Users\Dell\Desktop\Kacper Błachowiak - praca magisterska - klasyfikacja znaków drogowych\KB_Praca_Magisterska\data\raw\polish_traffic_signs_dataset\test\A-6b\2019_0905_182313_001 1548_0.jpg,A-6b,A-6a,84.19011688232422
853,C:\Users\Dell\Desktop\Kacper Błachowiak - praca magisterska - klasyfikacja znaków drogowych\KB_Praca_Magisterska\data\raw\polish_traffic_signs_dataset\test\A-6b\2019_0905_182313_001 2041_0.jpg,A-6b,A-6a,100.30309295654295
855,C:\Users\Dell\Desktop\Kacper Błachowiak - praca magisterska - klasyfikacja znaków drogowych\KB_Praca_Magisterska\data\raw\polish_traffic_signs_dataset\test\A-6b\2019_0920_161014_042 0534_0.jpg,A-6b,A-4,37.04265594482422
856,C:\Users\Dell\Desktop\Kacper Błachowiak - praca magisterska - klasyfikacja znaków drogowych\KB_Praca_Magisterska\data\raw\polish_traffic_signs_dataset\test\A-6b\2019_0922_153729_042 0899_0.jpg,A-6b,A-2,41.60774612426758
857,C:\Users\Dell\Desktop\Kacper Błachowiak - praca magisterska - klasyfikacja znaków drogowych\KB_Praca_Magisterska\data\raw\polish_traffic_signs_dataset\test\A-6b\2019_0927_153929_042 0576_0.jpg,A-6b,A-2,42.72345733642578
858,C:\Users\Dell\Desktop\Kacper Błachowiak - praca magisterska - klasyfikacja znaków drogowych\KB_Praca_Magisterska\data\raw\polish_traffic_signs_dataset\test\A-6b\2019_0927_153929_042 0913_0.jpg,A-6b,A-2,121.77657318115234
859,C:\Users\Dell\Desktop\Kacper Błachowiak - praca magisterska - klasyfikacja znaków drogowych\KB_Praca_Magisterska\data\raw\polish_traffic_signs_dataset\test\A-6b\2019_0927_153929_042 1400_0.jpg,A-6b,A-2,145.84677124023438
860,C:\Users\Dell\Desktop\Kacper Błachowiak - praca magisterska - klasyfikacja znaków drogowych\KB_Praca_Magisterska\data\raw\polish_traffic_signs_dataset\test\A-6b\2019_0927_153929_042 1433_0.jpg,A-6b,A-2,109.0670928955078
861,C:\Users\Dell\Desktop\Kacper Błachowiak - praca magisterska - klasyfikacja znaków drogowych\KB_Praca_Magisterska\data\raw\polish_traffic_signs_dataset\test\A-6b\2019_0927_153929_042 1768_0.jpg,A-6b,A-2,83.37089538574219
862,C:\Users\Dell\Desktop\Kacper Błachowiak - praca magisterska - klasyfikacja znaków drogowych\KB_Praca_Magisterska\data\raw\polish_traffic_signs_dataset\test\A-6b\2019_0927_161359_043 0332_0.jpg,A-6b,A-2,98.3725128173828
863,C:\Users\Dell\Desktop\Kacper Błachowiak - praca magisterska - klasyfikacja znaków drogowych\KB_Praca_Magisterska\data\raw\polish_traffic_signs_dataset\test\A-6b\2019_0927_161359_043 1025_0.jpg,A-6b,A-2,158.41416931152344
871,C:\Users\Dell\Desktop\Kacper Błachowiak - praca magisterska - klasyfikacja znaków drogowych\KB_Praca_Magisterska\data\raw\polish_traffic_signs_dataset\test\A-6b\2019_0929_143436_042 1800_0.jpg,A-6b,A-6a,146.34698486328125
873,C:\Users\Dell\Desktop\Kacper Błachowiak - praca magisterska - klasyfikacja znaków drogowych\KB_Praca_Magisterska\data\raw\polish_traffic_signs_dataset\test\A-6b\2019_0929_150907_043 0043_0.jpg,A-6b,A-20,149.1068572998047
874,C:\Users\Dell\Desktop\Kacper Błachowiak - praca magisterska - klasyfikacja znaków drogowych\KB_Praca_Magisterska\data\raw\polish_traffic_signs_dataset\test\A-6c\2019_0719_142601_003 1132_0.jpg,A-6c,A-20,192.87240600585935
875,C:\Users\Dell\Desktop\Kacper Błachowiak - praca magisterska - klasyfikacja znaków drogowych\KB_Praca_Magisterska\data\raw\polish_traffic_signs_dataset\test\A-6c\2019_0719_142601_003 1133_0.jpg,A-6c,A-20,192.55845642089844
876,C:\Users\Dell\Desktop\Kacper Błachowiak - praca magisterska - klasyfikacja znaków drogowych\KB_Praca_Magisterska\data\raw\polish_traffic_signs_dataset\test\A-6c\2019_0719_142601_003 1343_0.jpg,A-6c,A-6a,57.99933624267578
877,C:\Users\Dell\Desktop\Kacper Błachowiak - praca magisterska - klasyfikacja znaków drogowych\KB_Praca_Magisterska\data\raw\polish_traffic_signs_dataset\test\A-6c\2019_0719_142601_003 1612_0.jpg,A-6c,A-12a,174.32577514648438
878,C:\Users\Dell\Desktop\Kacper Błachowiak - praca magisterska - klasyfikacja znaków drogowych\KB_Praca_Magisterska\data\raw\polish_traffic_signs_dataset\test\A-6c\2019_0719_142601_003 1613_0.jpg,A-6c,A-6a,168.90736389160156
879,C:\Users\Dell\Desktop\Kacper Błachowiak - praca magisterska - klasyfikacja znaków drogowych\KB_Praca_Magisterska\data\raw\polish_traffic_signs_dataset\test\A-6c\2019_0719_142601_003 1667_0.jpg,A-6c,A-20,152.90762329101562
880,C:\Users\Dell\Desktop\Kacper Błachowiak - praca magisterska - klasyfikacja znaków drogowych\KB_Praca_Magisterska\data\raw\polish_traffic_signs_dataset\test\A-6c\2019_0719_142601_003 1668_0.jpg,A-6c,A-6b,93.36685943603516
881,C:\Users\Dell\Desktop\Kacper Błachowiak - praca magisterska - klasyfikacja znaków drogowych\KB_Praca_Magisterska\data\raw\polish_traffic_signs_dataset\test\A-6c\2019_0719_142601_003 1966_0.jpg,A-6c,A-6a,112.76644897460938
882,C:\Users\Dell\Desktop\Kacper Błachowiak - praca magisterska - klasyfikacja znaków drogowych\KB_Praca_Magisterska\data\raw\polish_traffic_signs_dataset\test\A-6c\2019_0719_142601_003 2000_0.jpg,A-6c,A-6b,129.56329345703125
883,C:\Users\Dell\Desktop\Kacper Błachowiak - praca magisterska - klasyfikacja znaków drogowych\KB_Praca_Magisterska\data\raw\polish_traffic_signs_dataset\test\A-6c\2019_0719_150032_004 0532_0.jpg,A-6c,A-3,113.42031860351562
884,C:\Users\Dell\Desktop\Kacper Błachowiak - praca magisterska - klasyfikacja znaków drogowych\KB_Praca_Magisterska\data\raw\polish_traffic_signs_dataset\test\A-6c\2019_0719_150032_004 0533_0.jpg,A-6c,A-6a,110.5821304321289
885,C:\Users\Dell\Desktop\Kacper Błachowiak - praca magisterska - klasyfikacja znaków drogowych\KB_Praca_Magisterska\data\raw\polish_traffic_signs_dataset\test\A-6c\2019_0719_150032_004 0584_0.jpg,A-6c,A-12a,179.09011840820312
886,C:\Users\Dell\Desktop\Kacper Błachowiak - praca magisterska - klasyfikacja znaków drogowych\KB_Praca_Magisterska\data\raw\polish_traffic_signs_dataset\test\A-6c\2019_0719_150032_004 0585_0.jpg,A-6c,A-6a,181.28536987304688
887,C:\Users\Dell\Desktop\Kacper Błachowiak - praca magisterska - klasyfikacja znaków drogowych\KB_Praca_Magisterska\data\raw\polish_traffic_signs_dataset\test\A-6c\2019_0726_185626_003 976_0.jpg,A-6c,A-4,230.69749450683597
888,C:\Users\Dell\Desktop\Kacper Błachowiak - praca magisterska - klasyfikacja znaków drogowych\KB_Praca_Magisterska\data\raw\polish_traffic_signs_dataset\test\A-6c\2019_0809_155001_003 1343_0.jpg,A-6c,A-6b,192.0492401123047
890,C:\Users\Dell\Desktop\Kacper Błachowiak - praca magisterska - klasyfikacja znaków drogowych\KB_Praca_Magisterska\data\raw\polish_traffic_signs_dataset\test\A-6c\2019_0809_155001_003 1855_0.jpg,A-6c,A-6b,167.08609008789062
892,C:\Users\Dell\Desktop\Kacper Błachowiak - praca magisterska - klasyfikacja znaków drogowych\KB_Praca_Magisterska\data\raw\polish_traffic_signs_dataset\test\A-6c\2019_0809_162432_004 0115_0.jpg,A-6c,A-6a,130.2905731201172
893,C:\Users\Dell\Desktop\Kacper Błachowiak - praca magisterska - klasyfikacja znaków drogowych\KB_Praca_Magisterska\data\raw\polish_traffic_signs_dataset\test\A-6c\2019_0809_162432_004 0145_0.jpg,A-6c,A-6b,123.95538330078124
894,C:\Users\Dell\Desktop\Kacper Błachowiak - praca magisterska - klasyfikacja znaków drogowych\KB_Praca_Magisterska\data\raw\polish_traffic_signs_dataset\test\A-6c\2019_0809_162432_004 0657_0.jpg,A-6c,A-12a,131.40390014648438
895,C:\Users\Dell\Desktop\Kacper Błachowiak - praca magisterska - klasyfikacja znaków drogowych\KB_Praca_Magisterska\data\raw\polish_traffic_signs_dataset\test\A-6c\2019_0809_162432_004 0658_0.jpg,A-6c,A-6a,152.10760498046875
896,C:\Users\Dell\Desktop\Kacper Błachowiak - praca magisterska - klasyfikacja znaków drogowych\KB_Praca_Magisterska\data\raw\polish_traffic_signs_dataset\test\A-6c\2019_0809_162432_004 0710_0.jpg,A-6c,A-6a,175.82493591308594
897,C:\Users\Dell\Desktop\Kacper Błachowiak - praca magisterska - klasyfikacja znaków drogowych\KB_Praca_Magisterska\data\raw\polish_traffic_signs_dataset\test\A-6c\2019_0811_183255_004 0401_0.jpg,A-6c,A-6b,66.80243682861328
898,C:\Users\Dell\Desktop\Kacper Błachowiak - praca magisterska - klasyfikacja znaków drogowych\KB_Praca_Magisterska\data\raw\polish_traffic_signs_dataset\test\A-6c\2019_0811_183255_004 0862_0.jpg,A-6c,A-4,68.73703002929688
899,C:\Users\Dell\Desktop\Kacper Błachowiak - praca magisterska - klasyfikacja znaków drogowych\KB_Praca_Magisterska\data\raw\polish_traffic_signs_dataset\test\A-6c\2019_0811_183255_004 1345_0.jpg,A-6c,A-6a,24.31689453125
900,C:\Users\Dell\Desktop\Kacper Błachowiak - praca magisterska - klasyfikacja znaków drogowych\KB_Praca_Magisterska\data\raw\polish_traffic_signs_dataset\test\A-6c\2019_0811_183255_004 1663_0.jpg,A-6c,A-2,73.11103820800781
901,C:\Users\Dell\Desktop\Kacper Błachowiak - praca magisterska - klasyfikacja znaków drogowych\KB_Praca_Magisterska\data\raw\polish_traffic_signs_dataset\test\A-6c\2019_0814_162326_004 0877_0.jpg,A-6c,A-6a,148.04254150390625
902,C:\Users\Dell\Desktop\Kacper Błachowiak - praca magisterska - klasyfikacja znaków drogowych\KB_Praca_Magisterska\data\raw\polish_traffic_signs_dataset\test\A-6c\2019_0814_162326_004 0877_1.jpg,A-6c,A-6b,134.60458374023438
903,C:\Users\Dell\Desktop\Kacper Błachowiak - praca magisterska - klasyfikacja znaków drogowych\KB_Praca_Magisterska\data\raw\polish_traffic_signs_dataset\test\A-6c\2019_0815_090538_005 0567_0.jpg,A-6c,A-6a,141.68125915527344
904,C:\Users\Dell\Desktop\Kacper Błachowiak - praca magisterska - klasyfikacja znaków drogowych\KB_Praca_Magisterska\data\raw\polish_traffic_signs_dataset\test\A-6c\2019_0815_090538_005 0737_0.jpg,A-6c,A-2,152.74102783203125
905,C:\Users\Dell\Desktop\Kacper Błachowiak - praca magisterska - klasyfikacja znaków drogowych\KB_Praca_Magisterska\data\raw\polish_traffic_signs_dataset\test\A-6c\2019_0815_090538_005 0945_0.jpg,A-6c,A-2,62.81832504272461
906,C:\Users\Dell\Desktop\Kacper Błachowiak - praca magisterska - klasyfikacja znaków drogowych\KB_Praca_Magisterska\data\raw\polish_traffic_signs_dataset\test\A-6c\2019_0815_090538_005 0946_0.jpg,A-6c,A-2,26.299108505249023
907,C:\Users\Dell\Desktop\Kacper Błachowiak - praca magisterska - klasyfikacja znaków drogowych\KB_Praca_Magisterska\data\raw\polish_traffic_signs_dataset\test\A-6c\2019_0816_172034_007 0171_0.jpg,A-6c,A-6b,51.08102416992188
908,C:\Users\Dell\Desktop\Kacper Błachowiak - praca magisterska - klasyfikacja znaków drogowych\KB_Praca_Magisterska\data\raw\polish_traffic_signs_dataset\test\A-6c\2019_0816_172034_007 0172_0.jpg,A-6c,A-6a,48.312461853027344
909,C:\Users\Dell\Desktop\Kacper Błachowiak - praca magisterska - klasyfikacja znaków drogowych\KB_Praca_Magisterska\data\raw\polish_traffic_signs_dataset\test\A-6c\2019_0816_172034_007 0574_0.jpg,A-6c,A-6b,77.26529693603516
910,C:\Users\Dell\Desktop\Kacper Błachowiak - praca magisterska - klasyfikacja znaków drogowych\KB_Praca_Magisterska\data\raw\polish_traffic_signs_dataset\test\A-6c\2019_0816_172034_007 0575_0.jpg,A-6c,A-6a,39.66796875
911,C:\Users\Dell\Desktop\Kacper Błachowiak - praca magisterska - klasyfikacja znaków drogowych\KB_Praca_Magisterska\data\raw\polish_traffic_signs_dataset\test\A-6c\2019_0816_172034_007 0750_0.jpg,A-6c,A-2,65.42119598388672
912,C:\Users\Dell\Desktop\Kacper Błachowiak - praca magisterska - klasyfikacja znaków drogowych\KB_Praca_Magisterska\data\raw\polish_traffic_signs_dataset\test\A-6c\2019_0816_172034_007 0787_0.jpg,A-6c,A-2,74.98526000976562
913,C:\Users\Dell\Desktop\Kacper Błachowiak - praca magisterska - klasyfikacja znaków drogowych\KB_Praca_Magisterska\data\raw\polish_traffic_signs_dataset\test\A-6c\2019_0818_131042_009 0259_0.jpg,A-6c,A-6b,99.65281677246094
914,C:\Users\Dell\Desktop\Kacper Błachowiak - praca magisterska - klasyfikacja znaków drogowych\KB_Praca_Magisterska\data\raw\polish_traffic_signs_dataset\test\A-6c\2019_0818_131042_009 0260_0.jpg,A-6c,A-6b,134.6890106201172
915,C:\Users\Dell\Desktop\Kacper Błachowiak - praca magisterska - klasyfikacja znaków drogowych\KB_Praca_Magisterska\data\raw\polish_traffic_signs_dataset\test\A-6c\2019_0818_131042_009 0273_0.jpg,A-6c,A-6b,170.3734130859375
916,C:\Users\Dell\Desktop\Kacper Błachowiak - praca magisterska - klasyfikacja znaków drogowych\KB_Praca_Magisterska\data\raw\polish_traffic_signs_dataset\test\A-6c\2019_0818_131042_009 1313_0.jpg,A-6c,A-6b,99.04080200195312
917,C:\Users\Dell\Desktop\Kacper Błachowiak - praca magisterska - klasyfikacja znaków drogowych\KB_Praca_Magisterska\data\raw\polish_traffic_signs_dataset\test\A-6c\2019_0818_131042_009 1314_0.jpg,A-6c,A-2,82.3526382446289
918,C:\Users\Dell\Desktop\Kacper Błachowiak - praca magisterska - klasyfikacja znaków drogowych\KB_Praca_Magisterska\data\raw\polish_traffic_signs_dataset\test\A-6c\2019_0818_131042_009 1434_0.jpg,A-6c,A-6b,136.98858642578125
919,C:\Users\Dell\Desktop\Kacper Błachowiak - praca magisterska - klasyfikacja znaków drogowych\KB_Praca_Magisterska\data\raw\polish_traffic_signs_dataset\test\A-6c\2019_0818_131042_009 1509_0.jpg,A-6c,A-6b,135.57508850097656
920,C:\Users\Dell\Desktop\Kacper Błachowiak - praca magisterska - klasyfikacja znaków drogowych\KB_Praca_Magisterska\data\raw\polish_traffic_signs_dataset\test\A-6c\2019_0818_131042_009 1664_0.jpg,A-6c,A-6b,143.00823974609375
921,C:\Users\Dell\Desktop\Kacper Błachowiak - praca magisterska - klasyfikacja znaków drogowych\KB_Praca_Magisterska\data\raw\polish_traffic_signs_dataset\test\A-6c\2019_0818_131042_009 1790_0.jpg,A-6c,A-6a,161.2292022705078
922,C:\Users\Dell\Desktop\Kacper Błachowiak - praca magisterska - klasyfikacja znaków drogowych\KB_Praca_Magisterska\data\raw\polish_traffic_signs_dataset\test\A-6c\2019_0901_165821_014 1235_0.jpg,A-6c,A-6b,28.71919631958008
923,C:\Users\Dell\Desktop\Kacper Błachowiak - praca magisterska - klasyfikacja znaków drogowych\KB_Praca_Magisterska\data\raw\polish_traffic_signs_dataset\test\A-6c\2019_0901_165821_014 1777_0.jpg,A-6c,A-6b,89.54208374023438
924,C:\Users\Dell\Desktop\Kacper Błachowiak - praca magisterska - klasyfikacja znaków drogowych\KB_Praca_Magisterska\data\raw\polish_traffic_signs_dataset\test\A-6c\2019_0901_173251_015 0094_0.jpg,A-6c,A-6a,26.457914352416992
925,C:\Users\Dell\Desktop\Kacper Błachowiak - praca magisterska - klasyfikacja znaków drogowych\KB_Praca_Magisterska\data\raw\polish_traffic_signs_dataset\test\A-6c\2019_0901_173251_015 0423_0.jpg,A-6c,A-6a,108.0212173461914
926,C:\Users\Dell\Desktop\Kacper Błachowiak - praca magisterska - klasyfikacja znaków drogowych\KB_Praca_Magisterska\data\raw\polish_traffic_signs_dataset\test\A-6c\2019_0901_173251_015 0444_0.jpg,A-6c,A-2,88.16263580322266
927,C:\Users\Dell\Desktop\Kacper Błachowiak - praca magisterska - klasyfikacja znaków drogowych\KB_Praca_Magisterska\data\raw\polish_traffic_signs_dataset\test\A-6c\2019_0905_182313_001 0222_0.jpg,A-6c,A-3,204.4808654785156
928,C:\Users\Dell\Desktop\Kacper Błachowiak - praca magisterska - klasyfikacja znaków drogowych\KB_Praca_Magisterska\data\raw\polish_traffic_signs_dataset\test\A-6c\2019_0905_182313_001 0921_0.jpg,A-6c,A-6b,213.5800628662109
929,C:\Users\Dell\Desktop\Kacper Błachowiak - praca magisterska - klasyfikacja znaków drogowych\KB_Praca_Magisterska\data\raw\polish_traffic_signs_dataset\test\A-6c\2019_0905_182313_001 0945_0.jpg,A-6c,A-6a,112.70218658447266
930,C:\Users\Dell\Desktop\Kacper Błachowiak - praca magisterska - klasyfikacja znaków drogowych\KB_Praca_Magisterska\data\raw\polish_traffic_signs_dataset\test\A-6c\2019_0905_182313_001 1276_0.jpg,A-6c,A-6a,122.52247619628906
931,C:\Users\Dell\Desktop\Kacper Błachowiak - praca magisterska - klasyfikacja znaków drogowych\KB_Praca_Magisterska\data\raw\polish_traffic_signs_dataset\test\A-6c\2019_0905_182313_001 1530_0.jpg,A-6c,A-8,127.96575164794922
932,C:\Users\Dell\Desktop\Kacper Błachowiak - praca magisterska - klasyfikacja znaków drogowych\KB_Praca_Magisterska\data\raw\polish_traffic_signs_dataset\test\A-6c\2019_0905_182313_001 1647_0.jpg,A-6c,A-6b,150.720458984375
933,C:\Users\Dell\Desktop\Kacper Błachowiak - praca magisterska - klasyfikacja znaków drogowych\KB_Praca_Magisterska\data\raw\polish_traffic_signs_dataset\test\A-6c\2019_0905_182313_001 1802_0.jpg,A-6c,A-6a,97.5712890625
934,C:\Users\Dell\Desktop\Kacper Błachowiak - praca magisterska - klasyfikacja znaków drogowych\KB_Praca_Magisterska\data\raw\polish_traffic_signs_dataset\test\A-6c\2019_0905_182313_001 1803_0.jpg,A-6c,A-6b,164.48069763183594
935,C:\Users\Dell\Desktop\Kacper Błachowiak - praca magisterska - klasyfikacja znaków drogowych\KB_Praca_Magisterska\data\raw\polish_traffic_signs_dataset\test\A-6c\2019_0905_182313_001 1935_0.jpg,A-6c,A-6a,114.64098358154295
936,C:\Users\Dell\Desktop\Kacper Błachowiak - praca magisterska - klasyfikacja znaków drogowych\KB_Praca_Magisterska\data\raw\polish_traffic_signs_dataset\test\A-6c\2019_0905_182313_001 2052_0.jpg,A-6c,A-12a,78.94608306884766
937,C:\Users\Dell\Desktop\Kacper Błachowiak - praca magisterska - klasyfikacja znaków drogowych\KB_Praca_Magisterska\data\raw\polish_traffic_signs_dataset\test\A-6c\2019_0905_182313_001 2053_0.jpg,A-6c,A-6b,109.98885345458984
938,C:\Users\Dell\Desktop\Kacper Błachowiak - praca magisterska - klasyfikacja znaków drogowych\KB_Praca_Magisterska\data\raw\polish_traffic_signs_dataset\test\A-6c\2019_0905_193214_003 052_0.jpg,A-6c,A-6b,168.77203369140625
939,C:\Users\Dell\Desktop\Kacper Błachowiak - praca magisterska - klasyfikacja znaków drogowych\KB_Praca_Magisterska\data\raw\polish_traffic_signs_dataset\test\A-6c\2019_0920_164444_043 0516_0.jpg,A-6c,A-12a,103.87942504882812
940,C:\Users\Dell\Desktop\Kacper Błachowiak - praca magisterska - klasyfikacja znaków drogowych\KB_Praca_Magisterska\data\raw\polish_traffic_signs_dataset\test\A-6c\2019_0920_164444_043 0516_1.jpg,A-6c,A-6b,103.54019165039062
941,C:\Users\Dell\Desktop\Kacper Błachowiak - praca magisterska - klasyfikacja znaków drogowych\KB_Praca_Magisterska\data\raw\polish_traffic_signs_dataset\test\A-6c\2019_0927_153929_042 1438_0.jpg,A-6c,A-2,160.1069793701172
942,C:\Users\Dell\Desktop\Kacper Błachowiak - praca magisterska - klasyfikacja znaków drogowych\KB_Praca_Magisterska\data\raw\polish_traffic_signs_dataset\test\A-6c\2019_0927_153929_042 1660_0.jpg,A-6c,A-6b,64.74830627441406
943,C:\Users\Dell\Desktop\Kacper Błachowiak - praca magisterska - klasyfikacja znaków drogowych\KB_Praca_Magisterska\data\raw\polish_traffic_signs_dataset\test\A-6c\2019_0927_161359_043 0083_0.jpg,A-6c,A-2,135.8372802734375
944,C:\Users\Dell\Desktop\Kacper Błachowiak - praca magisterska - klasyfikacja znaków drogowych\KB_Praca_Magisterska\data\raw\polish_traffic_signs_dataset\test\A-6c\2019_0927_161359_043 0154_0.jpg,A-6c,A-6b,123.93610382080078
945,C:\Users\Dell\Desktop\Kacper Błachowiak - praca magisterska - klasyfikacja znaków drogowych\KB_Praca_Magisterska\data\raw\polish_traffic_signs_dataset\test\A-6c\2019_0927_161359_043 0457_0.jpg,A-6c,A-6b,87.94719696044922
946,C:\Users\Dell\Desktop\Kacper Błachowiak - praca magisterska - klasyfikacja znaków drogowych\KB_Praca_Magisterska\data\raw\polish_traffic_signs_dataset\test\A-6c\2019_0927_161359_043 0500_0.jpg,A-6c,A-6b,125.03530883789062
947,C:\Users\Dell\Desktop\Kacper Błachowiak - praca magisterska - klasyfikacja znaków drogowych\KB_Praca_Magisterska\data\raw\polish_traffic_signs_dataset\test\A-6c\2019_0927_161359_043 1135_0.jpg,A-6c,A-6a,75.91230773925781
948,C:\Users\Dell\Desktop\Kacper Błachowiak - praca magisterska - klasyfikacja znaków drogowych\KB_Praca_Magisterska\data\raw\polish_traffic_signs_dataset\test\A-6c\2019_0927_161359_043 1195_0.jpg,A-6c,A-6b,148.57781982421875
949,C:\Users\Dell\Desktop\Kacper Błachowiak - praca magisterska - klasyfikacja znaków drogowych\KB_Praca_Magisterska\data\raw\polish_traffic_signs_dataset\test\A-6c\2019_0929_143436_042 1086_0.jpg,A-6c,A-6a,75.47007751464844
950,C:\Users\Dell\Desktop\Kacper Błachowiak - praca magisterska - klasyfikacja znaków drogowych\KB_Praca_Magisterska\data\raw\polish_traffic_signs_dataset\test\A-6c\2019_0929_143436_042 1087_0.jpg,A-6c,A-6a,51.40842819213867
951,C:\Users\Dell\Desktop\Kacper Błachowiak - praca magisterska - klasyfikacja znaków drogowych\KB_Praca_Magisterska\data\raw\polish_traffic_signs_dataset\test\A-6c\2019_0929_143436_042 2016_0.jpg,A-6c,A-12a,92.19448852539062
952,C:\Users\Dell\Desktop\Kacper Błachowiak - praca magisterska - klasyfikacja znaków drogowych\KB_Praca_Magisterska\data\raw\polish_traffic_signs_dataset\test\A-6c\2019_0929_150907_043 0280_0.jpg,A-6c,A-6a,147.98248291015625
953,C:\Users\Dell\Desktop\Kacper Błachowiak - praca magisterska - klasyfikacja znaków drogowych\KB_Praca_Magisterska\data\raw\polish_traffic_signs_dataset\test\A-6c\2019_0929_150907_043 0298_0.jpg,A-6c,A-8,133.18418884277344
954,C:\Users\Dell\Desktop\Kacper Błachowiak - praca magisterska - klasyfikacja znaków drogowych\KB_Praca_Magisterska\data\raw\polish_traffic_signs_dataset\test\A-6c\2019_1030_162407_042 1337_0.jpg,A-6c,A-20,140.0953369140625
955,C:\Users\Dell\Desktop\Kacper Błachowiak - praca magisterska - klasyfikacja znaków drogowych\KB_Praca_Magisterska\data\raw\polish_traffic_signs_dataset\test\A-6c\2019_1030_162407_042 1338_0.jpg,A-6c,A-6a,126.13047790527344
956,C:\Users\Dell\Desktop\Kacper Błachowiak - praca magisterska - klasyfikacja znaków drogowych\KB_Praca_Magisterska\data\raw\polish_traffic_signs_dataset\test\A-6c\2019_1030_162407_042 1573_0.jpg,A-6c,A-6a,63.56515121459961
957,C:\Users\Dell\Desktop\Kacper Błachowiak - praca magisterska - klasyfikacja znaków drogowych\KB_Praca_Magisterska\data\raw\polish_traffic_signs_dataset\test\A-6c\2019_1030_162407_042 1867_0.jpg,A-6c,A-6a,124.61078643798828
958,C:\Users\Dell\Desktop\Kacper Błachowiak - praca magisterska - klasyfikacja znaków drogowych\KB_Praca_Magisterska\data\raw\polish_traffic_signs_dataset\test\A-6c\2019_1030_162407_042 1920_0.jpg,A-6c,A-6b,116.67591857910156
960,C:\Users\Dell\Desktop\Kacper Błachowiak - praca magisterska - klasyfikacja znaków drogowych\KB_Praca_Magisterska\data\raw\polish_traffic_signs_dataset\test\A-6d\2019_0719_142601_003 0133_0.jpg,A-6d,A-2,165.1820526123047
964,C:\Users\Dell\Desktop\Kacper Błachowiak - praca magisterska - klasyfikacja znaków drogowych\KB_Praca_Magisterska\data\raw\polish_traffic_signs_dataset\test\A-6d\2019_0719_142601_003 0183_0.jpg,A-6d,A-2,83.05328369140625
965,C:\Users\Dell\Desktop\Kacper Błachowiak - praca magisterska - klasyfikacja znaków drogowych\KB_Praca_Magisterska\data\raw\polish_traffic_signs_dataset\test\A-6d\2019_0719_142601_003 0184_0.jpg,A-6d,A-12a,85.48929595947266
969,C:\Users\Dell\Desktop\Kacper Błachowiak - praca magisterska - klasyfikacja znaków drogowych\KB_Praca_Magisterska\data\raw\polish_traffic_signs_dataset\test\A-6d\2019_0719_142601_003 0338_0.jpg,A-6d,A-20,158.3777313232422
970,C:\Users\Dell\Desktop\Kacper Błachowiak - praca magisterska - klasyfikacja znaków drogowych\KB_Praca_Magisterska\data\raw\polish_traffic_signs_dataset\test\A-6d\2019_0719_142601_003 0357_0.jpg,A-6d,A-12a,75.78775787353516
973,C:\Users\Dell\Desktop\Kacper Błachowiak - praca magisterska - klasyfikacja znaków drogowych\KB_Praca_Magisterska\data\raw\polish_traffic_signs_dataset\test\A-6d\2019_0719_142601_003 0358_1.jpg,A-6d,A-20,129.37088012695312
974,C:\Users\Dell\Desktop\Kacper Błachowiak - praca magisterska - klasyfikacja znaków drogowych\KB_Praca_Magisterska\data\raw\polish_traffic_signs_dataset\test\A-6d\2019_0719_142601_003 0359_0.jpg,A-6d,A-20,118.76988220214844
983,C:\Users\Dell\Desktop\Kacper Błachowiak - praca magisterska - klasyfikacja znaków drogowych\KB_Praca_Magisterska\data\raw\polish_traffic_signs_dataset\test\A-6d\2019_0719_142601_003 0867_1.jpg,A-6d,A-12a,83.53671264648438
984,C:\Users\Dell\Desktop\Kacper Błachowiak - praca magisterska - klasyfikacja znaków drogowych\KB_Praca_Magisterska\data\raw\polish_traffic_signs_dataset\test\A-6d\2019_0719_142601_003 0951_0.jpg,A-6d,A-12a,100.93170166015624
985,C:\Users\Dell\Desktop\Kacper Błachowiak - praca magisterska - klasyfikacja znaków drogowych\KB_Praca_Magisterska\data\raw\polish_traffic_signs_dataset\test\A-6d\2019_0719_142601_003 0951_1.jpg,A-6d,A-12a,155.11093139648438
988,C:\Users\Dell\Desktop\Kacper Błachowiak - praca magisterska - klasyfikacja znaków drogowych\KB_Praca_Magisterska\data\raw\polish_traffic_signs_dataset\test\A-6d\2019_0721_181936_005 113_1.jpg,A-6d,A-2,128.97042846679688
989,C:\Users\Dell\Desktop\Kacper Błachowiak - praca magisterska - klasyfikacja znaków drogowych\KB_Praca_Magisterska\data\raw\polish_traffic_signs_dataset\test\A-6d\2019_0721_181936_005 179_0.jpg,A-6d,A-2,34.44073867797852
990,C:\Users\Dell\Desktop\Kacper Błachowiak - praca magisterska - klasyfikacja znaków drogowych\KB_Praca_Magisterska\data\raw\polish_traffic_signs_dataset\test\A-6d\2019_0721_181936_005 179_1.jpg,A-6d,A-20,125.08123016357422
992,C:\Users\Dell\Desktop\Kacper Błachowiak - praca magisterska - klasyfikacja znaków drogowych\KB_Praca_Magisterska\data\raw\polish_traffic_signs_dataset\test\A-6d\2019_0721_181936_005 180_1.jpg,A-6d,A-2,79.57032012939453
993,C:\Users\Dell\Desktop\Kacper Błachowiak - praca magisterska - klasyfikacja znaków drogowych\KB_Praca_Magisterska\data\raw\polish_traffic_signs_dataset\test\A-6d\2019_0721_181936_005 305_0.jpg,A-6d,A-20,92.93672943115234
999,C:\Users\Dell\Desktop\Kacper Błachowiak - praca magisterska - klasyfikacja znaków drogowych\KB_Praca_Magisterska\data\raw\polish_traffic_signs_dataset\test\A-6d\2019_0809_155001_003 0563_0.jpg,A-6d,A-20,159.53121948242188
1000,C:\Users\Dell\Desktop\Kacper Błachowiak - praca magisterska - klasyfikacja znaków drogowych\KB_Praca_Magisterska\data\raw\polish_traffic_signs_dataset\test\A-6d\2019_0809_155001_003 0564_0.jpg,A-6d,A-20,155.39109802246094
1002,C:\Users\Dell\Desktop\Kacper Błachowiak - praca magisterska - klasyfikacja znaków drogowych\KB_Praca_Magisterska\data\raw\polish_traffic_signs_dataset\test\A-6d\2019_0809_155001_003 0585_0.jpg,A-6d,A-12a,110.57188415527344
1005,C:\Users\Dell\Desktop\Kacper Błachowiak - praca magisterska - klasyfikacja znaków drogowych\KB_Praca_Magisterska\data\raw\polish_traffic_signs_dataset\test\A-6d\2019_0809_155001_003 0788_0.jpg,A-6d,A-20,90.75394439697266
1006,C:\Users\Dell\Desktop\Kacper Błachowiak - praca magisterska - klasyfikacja znaków drogowych\KB_Praca_Magisterska\data\raw\polish_traffic_signs_dataset\test\A-6d\2019_0809_155001_003 0788_1.jpg,A-6d,A-20,136.91839599609375
1008,C:\Users\Dell\Desktop\Kacper Błachowiak - praca magisterska - klasyfikacja znaków drogowych\KB_Praca_Magisterska\data\raw\polish_traffic_signs_dataset\test\A-6d\2019_0809_155001_003 1054_0.jpg,A-6d,A-12a,215.7093048095703
1009,C:\Users\Dell\Desktop\Kacper Błachowiak - praca magisterska - klasyfikacja znaków drogowych\KB_Praca_Magisterska\data\raw\polish_traffic_signs_dataset\test\A-6d\2019_0809_155001_003 1054_1.jpg,A-6d,A-12a,82.58747863769531
1010,C:\Users\Dell\Desktop\Kacper Błachowiak - praca magisterska - klasyfikacja znaków drogowych\KB_Praca_Magisterska\data\raw\polish_traffic_signs_dataset\test\A-6d\2019_0809_155001_003 1055_0.jpg,A-6d,A-12a,68.87974548339844
1015,C:\Users\Dell\Desktop\Kacper Błachowiak - praca magisterska - klasyfikacja znaków drogowych\KB_Praca_Magisterska\data\raw\polish_traffic_signs_dataset\test\A-6d\2019_0811_183255_004 1915_0.jpg,A-6d,A-6a,102.42683410644533
1017,C:\Users\Dell\Desktop\Kacper Błachowiak - praca magisterska - klasyfikacja znaków drogowych\KB_Praca_Magisterska\data\raw\polish_traffic_signs_dataset\test\A-6d\2019_0811_190715_005 121_1.jpg,A-6d,A-20,124.61434173583984
1019,C:\Users\Dell\Desktop\Kacper Błachowiak - praca magisterska - klasyfikacja znaków drogowych\KB_Praca_Magisterska\data\raw\polish_traffic_signs_dataset\test\A-6d\2019_0811_190715_005 194_1.jpg,A-6d,A-2,38.26580047607422
1020,C:\Users\Dell\Desktop\Kacper Błachowiak - praca magisterska - klasyfikacja znaków drogowych\KB_Praca_Magisterska\data\raw\polish_traffic_signs_dataset\test\A-6e\2019_0719_142601_003 0133_mirrored_0.jpg,A-6e,A-2,102.10858917236328
1024,C:\Users\Dell\Desktop\Kacper Błachowiak - praca magisterska - klasyfikacja znaków drogowych\KB_Praca_Magisterska\data\raw\polish_traffic_signs_dataset\test\A-6e\2019_0719_142601_003 0183_mirrored_0.jpg,A-6e,A-20,73.86685180664062
1025,C:\Users\Dell\Desktop\Kacper Błachowiak - praca magisterska - klasyfikacja znaków drogowych\KB_Praca_Magisterska\data\raw\polish_traffic_signs_dataset\test\A-6e\2019_0719_142601_003 0184_mirrored_0.jpg,A-6e,A-20,101.75505065917967
1031,C:\Users\Dell\Desktop\Kacper Błachowiak - praca magisterska - klasyfikacja znaków drogowych\KB_Praca_Magisterska\data\raw\polish_traffic_signs_dataset\test\A-6e\2019_0719_142601_003 0357_mirrored_1.jpg,A-6e,A-20,111.96290588378906
1041,C:\Users\Dell\Desktop\Kacper Błachowiak - praca magisterska - klasyfikacja znaków drogowych\KB_Praca_Magisterska\data\raw\polish_traffic_signs_dataset\test\A-6e\2019_0719_142601_003 0866_mirrored_1.jpg,A-6e,A-20,93.00992584228516
1050,C:\Users\Dell\Desktop\Kacper Błachowiak - praca magisterska - klasyfikacja znaków drogowych\KB_Praca_Magisterska\data\raw\polish_traffic_signs_dataset\test\A-6e\2019_0721_181936_005 179_mirrored_1.jpg,A-6e,A-6c,40.548126220703125
1051,C:\Users\Dell\Desktop\Kacper Błachowiak - praca magisterska - klasyfikacja znaków drogowych\KB_Praca_Magisterska\data\raw\polish_traffic_signs_dataset\test\A-6e\2019_0721_181936_005 180_mirrored_0.jpg,A-6e,A-2,92.82556915283205
1060,C:\Users\Dell\Desktop\Kacper Błachowiak - praca magisterska - klasyfikacja znaków drogowych\KB_Praca_Magisterska\data\raw\polish_traffic_signs_dataset\test\A-6e\2019_0809_155001_003 0564_mirrored_0.jpg,A-6e,A-20,139.48626708984375
1068,C:\Users\Dell\Desktop\Kacper Błachowiak - praca magisterska - klasyfikacja znaków drogowych\KB_Praca_Magisterska\data\raw\polish_traffic_signs_dataset\test\A-6e\2019_0809_155001_003 1054_mirrored_0.jpg,A-6e,A-20,225.6466217041016
1077,C:\Users\Dell\Desktop\Kacper Błachowiak - praca magisterska - klasyfikacja znaków drogowych\KB_Praca_Magisterska\data\raw\polish_traffic_signs_dataset\test\A-6e\2019_0811_190715_005 121_mirrored_1.jpg,A-6e,A-20,150.2466583251953
1080,C:\Users\Dell\Desktop\Kacper Błachowiak - praca magisterska - klasyfikacja znaków drogowych\KB_Praca_Magisterska\data\raw\polish_traffic_signs_dataset\test\A-7\2019_0719_142601_003 0169_0.jpg,A-7,A-2,82.12126159667969
1081,C:\Users\Dell\Desktop\Kacper Błachowiak - praca magisterska - klasyfikacja znaków drogowych\KB_Praca_Magisterska\data\raw\polish_traffic_signs_dataset\test\A-7\2019_0719_142601_003 0170_0.jpg,A-7,D-1,152.16607666015625
1084,C:\Users\Dell\Desktop\Kacper Błachowiak - praca magisterska - klasyfikacja znaków drogowych\KB_Praca_Magisterska\data\raw\polish_traffic_signs_dataset\test\A-7\2019_0719_142601_003 0361_0.jpg,A-7,A-2,91.2954330444336
1102,C:\Users\Dell\Desktop\Kacper Błachowiak - praca magisterska - klasyfikacja znaków drogowych\KB_Praca_Magisterska\data\raw\polish_traffic_signs_dataset\test\A-7\2019_0721_171043_003 0330_0.jpg,A-7,A-2,114.3138427734375
1109,C:\Users\Dell\Desktop\Kacper Błachowiak - praca magisterska - klasyfikacja znaków drogowych\KB_Praca_Magisterska\data\raw\polish_traffic_signs_dataset\test\A-7\2019_0721_171043_003 0557_0.jpg,A-7,A-30,61.87837600708008
1122,C:\Users\Dell\Desktop\Kacper Błachowiak - praca magisterska - klasyfikacja znaków drogowych\KB_Praca_Magisterska\data\raw\polish_traffic_signs_dataset\test\A-7\2019_0721_181936_005 233_0.jpg,A-7,A-2,34.69549560546875
1123,C:\Users\Dell\Desktop\Kacper Błachowiak - praca magisterska - klasyfikacja znaków drogowych\KB_Praca_Magisterska\data\raw\polish_traffic_signs_dataset\test\A-7\2019_0721_181936_005 333_0.jpg,A-7,A-2,99.56175994873048
1124,C:\Users\Dell\Desktop\Kacper Błachowiak - praca magisterska - klasyfikacja znaków drogowych\KB_Praca_Magisterska\data\raw\polish_traffic_signs_dataset\test\A-7\2019_0721_181936_005 699_0.jpg,A-7,A-2,23.48019790649414
1125,C:\Users\Dell\Desktop\Kacper Błachowiak - praca magisterska - klasyfikacja znaków drogowych\KB_Praca_Magisterska\data\raw\polish_traffic_signs_dataset\test\A-7\2019_0721_181936_005 700_0.jpg,A-7,D-1,172.36488342285156
1126,C:\Users\Dell\Desktop\Kacper Błachowiak - praca magisterska - klasyfikacja znaków drogowych\KB_Praca_Magisterska\data\raw\polish_traffic_signs_dataset\test\A-7\2019_0721_181936_005 700_1.jpg,A-7,C-5,58.996131896972656
1127,C:\Users\Dell\Desktop\Kacper Błachowiak - praca magisterska - klasyfikacja znaków drogowych\KB_Praca_Magisterska\data\raw\polish_traffic_signs_dataset\test\A-7\2019_0721_181936_005 703_0.jpg,A-7,A-2,58.13149642944336
1146,C:\Users\Dell\Desktop\Kacper Błachowiak - praca magisterska - klasyfikacja znaków drogowych\KB_Praca_Magisterska\data\raw\polish_traffic_signs_dataset\test\A-7\2019_0809_155001_003 0797_0.jpg,A-7,A-2,63.67928314208984
1147,C:\Users\Dell\Desktop\Kacper Błachowiak - praca magisterska - klasyfikacja znaków drogowych\KB_Praca_Magisterska\data\raw\polish_traffic_signs_dataset\test\A-7\2019_0809_155001_003 0856_0.jpg,A-7,A-6b,84.28789520263672
1148,C:\Users\Dell\Desktop\Kacper Błachowiak - praca magisterska - klasyfikacja znaków drogowych\KB_Praca_Magisterska\data\raw\polish_traffic_signs_dataset\test\A-7\2019_0809_155001_003 0856_1.jpg,A-7,A-2,47.89181137084961
1159,C:\Users\Dell\Desktop\Kacper Błachowiak - praca magisterska - klasyfikacja znaków drogowych\KB_Praca_Magisterska\data\raw\polish_traffic_signs_dataset\test\A-7\2019_0809_162432_004 1433_0.jpg,A-7,A-2,51.973594665527344
1160,C:\Users\Dell\Desktop\Kacper Błachowiak - praca magisterska - klasyfikacja znaków drogowych\KB_Praca_Magisterska\data\raw\polish_traffic_signs_dataset\test\A-7\2019_0809_162432_004 1434_0.jpg,A-7,A-2,59.171234130859375
1161,C:\Users\Dell\Desktop\Kacper Błachowiak - praca magisterska - klasyfikacja znaków drogowych\KB_Praca_Magisterska\data\raw\polish_traffic_signs_dataset\test\A-7\2019_0809_162432_004 1435_0.jpg,A-7,A-2,46.35150909423828
1164,C:\Users\Dell\Desktop\Kacper Błachowiak - praca magisterska - klasyfikacja znaków drogowych\KB_Praca_Magisterska\data\raw\polish_traffic_signs_dataset\test\A-7\2019_0809_162432_004 1464_0.jpg,A-7,A-2,106.64085388183594
1178,C:\Users\Dell\Desktop\Kacper Błachowiak - praca magisterska - klasyfikacja znaków drogowych\KB_Praca_Magisterska\data\raw\polish_traffic_signs_dataset\test\A-7\2019_0811_175830_003 1426_0.jpg,A-7,A-11a,65.98697662353516
1187,C:\Users\Dell\Desktop\Kacper Błachowiak - praca magisterska - klasyfikacja znaków drogowych\KB_Praca_Magisterska\data\raw\polish_traffic_signs_dataset\test\A-7\2019_0811_190715_005 250_0.jpg,A-7,A-2,36.52400970458984
1188,C:\Users\Dell\Desktop\Kacper Błachowiak - praca magisterska - klasyfikacja znaków drogowych\KB_Praca_Magisterska\data\raw\polish_traffic_signs_dataset\test\A-7\2019_0811_190715_005 251_0.jpg,A-7,A-2,26.63243103027344
1193,C:\Users\Dell\Desktop\Kacper Błachowiak - praca magisterska - klasyfikacja znaków drogowych\KB_Praca_Magisterska\data\raw\polish_traffic_signs_dataset\test\A-7\2019_0814_154857_003 0475_1.jpg,A-7,C-5,119.44585418701172
1198,C:\Users\Dell\Desktop\Kacper Błachowiak - praca magisterska - klasyfikacja znaków drogowych\KB_Praca_Magisterska\data\raw\polish_traffic_signs_dataset\test\A-7\2019_0814_154857_003 0481_0.jpg,A-7,D-1,73.45472717285156
1202,C:\Users\Dell\Desktop\Kacper Błachowiak - praca magisterska - klasyfikacja znaków drogowych\KB_Praca_Magisterska\data\raw\polish_traffic_signs_dataset\test\A-7\2019_0814_154857_003 0748_0.jpg,A-7,D-1,134.27955627441406
1208,C:\Users\Dell\Desktop\Kacper Błachowiak - praca magisterska - klasyfikacja znaków drogowych\KB_Praca_Magisterska\data\raw\polish_traffic_signs_dataset\test\A-7\2019_0814_154857_003 1408_0.jpg,A-7,A-2,145.32522583007812
1215,C:\Users\Dell\Desktop\Kacper Błachowiak - praca magisterska - klasyfikacja znaków drogowych\KB_Praca_Magisterska\data\raw\polish_traffic_signs_dataset\test\A-7\2019_0814_162326_004 1608_0.jpg,A-7,A-2,122.2060546875
1226,C:\Users\Dell\Desktop\Kacper Błachowiak - praca magisterska - klasyfikacja znaków drogowych\KB_Praca_Magisterska\data\raw\polish_traffic_signs_dataset\test\A-7\2019_0814_162326_004 1691_0.jpg,A-7,A-6a,146.17837524414062
1249,C:\Users\Dell\Desktop\Kacper Błachowiak - praca magisterska - klasyfikacja znaków drogowych\KB_Praca_Magisterska\data\raw\polish_traffic_signs_dataset\test\A-8\2019_0809_162432_004 1418_0.jpg,A-8,A-17,159.83688354492188
1253,C:\Users\Dell\Desktop\Kacper Błachowiak - praca magisterska - klasyfikacja znaków drogowych\KB_Praca_Magisterska\data\raw\polish_traffic_signs_dataset\test\A-8\2019_0811_175830_003 0534_0.jpg,A-8,A-17,109.8747787475586
1260,C:\Users\Dell\Desktop\Kacper Błachowiak - praca magisterska - klasyfikacja znaków drogowych\KB_Praca_Magisterska\data\raw\polish_traffic_signs_dataset\test\A-8\2019_0815_090538_005 1479_0.jpg,A-8,A-32,143.35321044921875
1261,C:\Users\Dell\Desktop\Kacper Błachowiak - praca magisterska - klasyfikacja znaków drogowych\KB_Praca_Magisterska\data\raw\polish_traffic_signs_dataset\test\A-8\2019_0815_090538_005 1480_0.jpg,A-8,A-6a,66.45317077636719
1269,C:\Users\Dell\Desktop\Kacper Błachowiak - praca magisterska - klasyfikacja znaków drogowych\KB_Praca_Magisterska\data\raw\polish_traffic_signs_dataset\test\B-1\2019_0809_162432_004 1123_0.jpg,B-1,B-42,171.67323303222656
1274,C:\Users\Dell\Desktop\Kacper Błachowiak - praca magisterska - klasyfikacja znaków drogowych\KB_Praca_Magisterska\data\raw\polish_traffic_signs_dataset\test\B-1\2019_0816_172034_007 0927_0.jpg,B-1,D-24,65.12962341308594
1276,C:\Users\Dell\Desktop\Kacper Błachowiak - praca magisterska - klasyfikacja znaków drogowych\KB_Praca_Magisterska\data\raw\polish_traffic_signs_dataset\test\B-18\2019_0721_171043_003 1656_0.jpg,B-18,B-33,97.32433319091795
1277,C:\Users\Dell\Desktop\Kacper Błachowiak - praca magisterska - klasyfikacja znaków drogowych\KB_Praca_Magisterska\data\raw\polish_traffic_signs_dataset\test\B-18\2019_0811_175830_003 1607_0.jpg,B-18,B-34,124.35768127441406
1278,C:\Users\Dell\Desktop\Kacper Błachowiak - praca magisterska - klasyfikacja znaków drogowych\KB_Praca_Magisterska\data\raw\polish_traffic_signs_dataset\test\B-18\2019_0811_175830_003 1667_0.jpg,B-18,B-8,128.7977752685547
1283,C:\Users\Dell\Desktop\Kacper Błachowiak - praca magisterska - klasyfikacja znaków drogowych\KB_Praca_Magisterska\data\raw\polish_traffic_signs_dataset\test\B-18\2019_0816_172034_007 0361_0.jpg,B-18,A-32,135.71243286132812
1286,C:\Users\Dell\Desktop\Kacper Błachowiak - praca magisterska - klasyfikacja znaków drogowych\KB_Praca_Magisterska\data\raw\polish_traffic_signs_dataset\test\B-2\2019_0721_171043_003 0742_0.jpg,B-2,B-41,166.41925048828125
1290,C:\Users\Dell\Desktop\Kacper Błachowiak - praca magisterska - klasyfikacja znaków drogowych\KB_Praca_Magisterska\data\raw\polish_traffic_signs_dataset\test\B-2\2019_0809_162432_004 1541_0.jpg,B-2,B-26,121.60762786865234
1291,C:\Users\Dell\Desktop\Kacper Błachowiak - praca magisterska - klasyfikacja znaków drogowych\KB_Praca_Magisterska\data\raw\polish_traffic_signs_dataset\test\B-2\2019_0809_162432_004 1542_0.jpg,B-2,B-26,108.8750991821289
1292,C:\Users\Dell\Desktop\Kacper Błachowiak - praca magisterska - klasyfikacja znaków drogowych\KB_Praca_Magisterska\data\raw\polish_traffic_signs_dataset\test\B-2\2019_0809_162432_004 1543_0.jpg,B-2,B-26,109.56034088134766
1294,C:\Users\Dell\Desktop\Kacper Błachowiak - praca magisterska - klasyfikacja znaków drogowych\KB_Praca_Magisterska\data\raw\polish_traffic_signs_dataset\test\B-2\2019_0809_162432_004 1545_0.jpg,B-2,B-26,139.72950744628906
1295,C:\Users\Dell\Desktop\Kacper Błachowiak - praca magisterska - klasyfikacja znaków drogowych\KB_Praca_Magisterska\data\raw\polish_traffic_signs_dataset\test\B-2\2019_0809_162432_004 1546_0.jpg,B-2,D-2,104.40923309326172
1296,C:\Users\Dell\Desktop\Kacper Błachowiak - praca magisterska - klasyfikacja znaków drogowych\KB_Praca_Magisterska\data\raw\polish_traffic_signs_dataset\test\B-2\2019_0811_175830_003 0552_0.jpg,B-2,B-36,212.5613250732422
1297,C:\Users\Dell\Desktop\Kacper Błachowiak - praca magisterska - klasyfikacja znaków drogowych\KB_Praca_Magisterska\data\raw\polish_traffic_signs_dataset\test\B-2\2019_0811_175830_003 0709_0.jpg,B-2,B-1,213.9615631103516
1325,C:\Users\Dell\Desktop\Kacper Błachowiak - praca magisterska - klasyfikacja znaków drogowych\KB_Praca_Magisterska\data\raw\polish_traffic_signs_dataset\test\B-20\2019_0721_171043_003 1681_0.jpg,B-20,C-13a,84.3421401977539
1335,C:\Users\Dell\Desktop\Kacper Błachowiak - praca magisterska - klasyfikacja znaków drogowych\KB_Praca_Magisterska\data\raw\polish_traffic_signs_dataset\test\B-20\2019_0809_162432_004 1569_0.jpg,B-20,C-16,145.8071746826172
1342,C:\Users\Dell\Desktop\Kacper Błachowiak - praca magisterska - klasyfikacja znaków drogowych\KB_Praca_Magisterska\data\raw\polish_traffic_signs_dataset\test\B-20\2019_0811_175830_003 1437_0.jpg,B-20,C-13a,96.29073333740234
1346,C:\Users\Dell\Desktop\Kacper Błachowiak - praca magisterska - klasyfikacja znaków drogowych\KB_Praca_Magisterska\data\raw\polish_traffic_signs_dataset\test\B-20\2019_0811_183255_004 0236_0.jpg,B-20,B-36,84.89402770996094
1370,C:\Users\Dell\Desktop\Kacper Błachowiak - praca magisterska - klasyfikacja znaków drogowych\KB_Praca_Magisterska\data\raw\polish_traffic_signs_dataset\test\B-20\2019_0922_152422_042 115_0.jpg,B-20,B-36,87.57421112060547
1376,C:\Users\Dell\Desktop\Kacper Błachowiak - praca magisterska - klasyfikacja znaków drogowych\KB_Praca_Magisterska\data\raw\polish_traffic_signs_dataset\test\B-20\2019_0922_153729_042 0071_0.jpg,B-20,B-36,86.02484130859375
1377,C:\Users\Dell\Desktop\Kacper Błachowiak - praca magisterska - klasyfikacja znaków drogowych\KB_Praca_Magisterska\data\raw\polish_traffic_signs_dataset\test\B-20\2019_0922_153729_042 0072_0.jpg,B-20,B-36,99.38873291015624
1380,C:\Users\Dell\Desktop\Kacper Błachowiak - praca magisterska - klasyfikacja znaków drogowych\KB_Praca_Magisterska\data\raw\polish_traffic_signs_dataset\test\B-21\2019_0714_142630_003 087_1.jpg,B-21,B-33,103.79352569580078
1381,C:\Users\Dell\Desktop\Kacper Błachowiak - praca magisterska - klasyfikacja znaków drogowych\KB_Praca_Magisterska\data\raw\polish_traffic_signs_dataset\test\B-21\2019_0714_142630_003 091_0.jpg,B-21,D-28,108.015625
1408,C:\Users\Dell\Desktop\Kacper Błachowiak - praca magisterska - klasyfikacja znaków drogowych\KB_Praca_Magisterska\data\raw\polish_traffic_signs_dataset\test\B-21\2019_0901_165821_014 0900_0.jpg,B-21,B-34,100.15827178955078
1414,C:\Users\Dell\Desktop\Kacper Błachowiak - praca magisterska - klasyfikacja znaków drogowych\KB_Praca_Magisterska\data\raw\polish_traffic_signs_dataset\test\B-22\2019_0714_142630_003 087_mirrored_1.jpg,B-22,D-28,76.36709594726562
1415,C:\Users\Dell\Desktop\Kacper Błachowiak - praca magisterska - klasyfikacja znaków drogowych\KB_Praca_Magisterska\data\raw\polish_traffic_signs_dataset\test\B-22\2019_0714_142630_003 091_mirrored_0.jpg,B-22,D-28,142.92332458496094
1421,C:\Users\Dell\Desktop\Kacper Błachowiak - praca magisterska - klasyfikacja znaków drogowych\KB_Praca_Magisterska\data\raw\polish_traffic_signs_dataset\test\B-22\2019_0811_183255_004 1088_0.jpg,B-22,B-6-B-8-B-9,63.15940856933594
1428,C:\Users\Dell\Desktop\Kacper Błachowiak - praca magisterska - klasyfikacja znaków drogowych\KB_Praca_Magisterska\data\raw\polish_traffic_signs_dataset\test\B-22\2019_0901_165821_014 2005_0.jpg,B-22,B-5,122.8903579711914
1435,C:\Users\Dell\Desktop\Kacper Błachowiak - praca magisterska - klasyfikacja znaków drogowych\KB_Praca_Magisterska\data\raw\polish_traffic_signs_dataset\test\B-22\2020_0215_121321_011 214_0.jpg,B-22,D-2,132.9646759033203
1451,C:\Users\Dell\Desktop\Kacper Błachowiak - praca magisterska - klasyfikacja znaków drogowych\KB_Praca_Magisterska\data\raw\polish_traffic_signs_dataset\test\B-25\2019_0719_142601_003 1012_0.jpg,B-25,B-33,175.1497344970703
1453,C:\Users\Dell\Desktop\Kacper Błachowiak - praca magisterska - klasyfikacja znaków drogowych\KB_Praca_Magisterska\data\raw\polish_traffic_signs_dataset\test\B-25\2019_0719_142601_003 1099_0.jpg,B-25,B-34,181.56790161132807
1454,C:\Users\Dell\Desktop\Kacper Błachowiak - praca magisterska - klasyfikacja znaków drogowych\KB_Praca_Magisterska\data\raw\polish_traffic_signs_dataset\test\B-25\2019_0719_142601_003 1100_0.jpg,B-25,D-28,166.62440490722656
1461,C:\Users\Dell\Desktop\Kacper Błachowiak - praca magisterska - klasyfikacja znaków drogowych\KB_Praca_Magisterska\data\raw\polish_traffic_signs_dataset\test\B-25\2019_0719_142601_003 1300_0.jpg,B-25,D-28,179.78689575195312
1463,C:\Users\Dell\Desktop\Kacper Błachowiak - praca magisterska - klasyfikacja znaków drogowych\KB_Praca_Magisterska\data\raw\polish_traffic_signs_dataset\test\B-25\2019_0719_142601_003 1316_0.jpg,B-25,D-28,181.9123077392578
1472,C:\Users\Dell\Desktop\Kacper Błachowiak - praca magisterska - klasyfikacja znaków drogowych\KB_Praca_Magisterska\data\raw\polish_traffic_signs_dataset\test\B-25\2019_0719_142601_003 1667_0.jpg,B-25,B-21,131.1549530029297
1476,C:\Users\Dell\Desktop\Kacper Błachowiak - praca magisterska - klasyfikacja znaków drogowych\KB_Praca_Magisterska\data\raw\polish_traffic_signs_dataset\test\B-25\2019_0719_142601_003 1766_0.jpg,B-25,B-27,130.97836303710938
1479,C:\Users\Dell\Desktop\Kacper Błachowiak - praca magisterska - klasyfikacja znaków drogowych\KB_Praca_Magisterska\data\raw\polish_traffic_signs_dataset\test\B-25\2019_0719_142601_003 1819_0.jpg,B-25,B-26,84.85171508789062
1481,C:\Users\Dell\Desktop\Kacper Błachowiak - praca magisterska - klasyfikacja znaków drogowych\KB_Praca_Magisterska\data\raw\polish_traffic_signs_dataset\test\B-25\2019_0719_142601_003 1844_0.jpg,B-25,B-8,94.08682250976562
1486,C:\Users\Dell\Desktop\Kacper Błachowiak - praca magisterska - klasyfikacja znaków drogowych\KB_Praca_Magisterska\data\raw\polish_traffic_signs_dataset\test\B-25\2019_0719_142601_003 2059_0.jpg,B-25,B-26,82.96302795410156
1506,C:\Users\Dell\Desktop\Kacper Błachowiak - praca magisterska - klasyfikacja znaków drogowych\KB_Praca_Magisterska\data\raw\polish_traffic_signs_dataset\test\B-25\2019_0726_185626_003 153_0.jpg,B-25,B-34,71.77885437011719
1507,C:\Users\Dell\Desktop\Kacper Błachowiak - praca magisterska - klasyfikacja znaków drogowych\KB_Praca_Magisterska\data\raw\polish_traffic_signs_dataset\test\B-25\2019_0726_185626_003 154_0.jpg,B-25,B-6-B-8-B-9,93.86248779296876
1513,C:\Users\Dell\Desktop\Kacper Błachowiak - praca magisterska - klasyfikacja znaków drogowych\KB_Praca_Magisterska\data\raw\polish_traffic_signs_dataset\test\B-25\2019_0726_185626_003 577_0.jpg,B-25,B-26,74.51183319091797
1525,C:\Users\Dell\Desktop\Kacper Błachowiak - praca magisterska - klasyfikacja znaków drogowych\KB_Praca_Magisterska\data\raw\polish_traffic_signs_dataset\test\B-25\2019_0809_155001_003 1652_0.jpg,B-25,B-8,40.2089729309082
1531,C:\Users\Dell\Desktop\Kacper Błachowiak - praca magisterska - klasyfikacja znaków drogowych\KB_Praca_Magisterska\data\raw\polish_traffic_signs_dataset\test\B-25\2019_0809_155001_003 2007_0.jpg,B-25,B-8,140.64036560058594
1533,C:\Users\Dell\Desktop\Kacper Błachowiak - praca magisterska - klasyfikacja znaków drogowych\KB_Praca_Magisterska\data\raw\polish_traffic_signs_dataset\test\B-25\2019_0809_155001_003 2051_0.jpg,B-25,B-8,76.06414031982422
1534,C:\Users\Dell\Desktop\Kacper Błachowiak - praca magisterska - klasyfikacja znaków drogowych\KB_Praca_Magisterska\data\raw\polish_traffic_signs_dataset\test\B-25\2019_0809_162432_004 0157_0.jpg,B-25,B-33,117.4921646118164
1541,C:\Users\Dell\Desktop\Kacper Błachowiak - praca magisterska - klasyfikacja znaków drogowych\KB_Praca_Magisterska\data\raw\polish_traffic_signs_dataset\test\B-25\2019_0809_162432_004 0575_0.jpg,B-25,G-3,146.99278259277344
1547,C:\Users\Dell\Desktop\Kacper Błachowiak - praca magisterska - klasyfikacja znaków drogowych\KB_Praca_Magisterska\data\raw\polish_traffic_signs_dataset\test\B-25\2019_0809_162432_004 1399_0.jpg,B-25,B-34,103.4117202758789
1550,C:\Users\Dell\Desktop\Kacper Błachowiak - praca magisterska - klasyfikacja znaków drogowych\KB_Praca_Magisterska\data\raw\polish_traffic_signs_dataset\test\B-25\2019_0811_175830_003 0756_0.jpg,B-25,B-8,185.9422912597656
1555,C:\Users\Dell\Desktop\Kacper Błachowiak - praca magisterska - klasyfikacja znaków drogowych\KB_Praca_Magisterska\data\raw\polish_traffic_signs_dataset\test\B-25\2019_0811_183255_004 0336_0.jpg,B-25,B-5,140.62896728515625
1556,C:\Users\Dell\Desktop\Kacper Błachowiak - praca magisterska - klasyfikacja znaków drogowych\KB_Praca_Magisterska\data\raw\polish_traffic_signs_dataset\test\B-25\2019_0811_183255_004 0354_0.jpg,B-25,B-26,104.54611206054688
1560,C:\Users\Dell\Desktop\Kacper Błachowiak - praca magisterska - klasyfikacja znaków drogowych\KB_Praca_Magisterska\data\raw\polish_traffic_signs_dataset\test\B-25\2019_0811_183255_004 0713_0.jpg,B-25,B-5,104.24195861816406
1563,C:\Users\Dell\Desktop\Kacper Błachowiak - praca magisterska - klasyfikacja znaków drogowych\KB_Praca_Magisterska\data\raw\polish_traffic_signs_dataset\test\B-25\2019_0811_183255_004 0881_0.jpg,B-25,G-1a,57.39337921142578
1564,C:\Users\Dell\Desktop\Kacper Błachowiak - praca magisterska - klasyfikacja znaków drogowych\KB_Praca_Magisterska\data\raw\polish_traffic_signs_dataset\test\B-25\2019_0811_183255_004 0903_0.jpg,B-25,B-5,57.31686782836914
1565,C:\Users\Dell\Desktop\Kacper Błachowiak - praca magisterska - klasyfikacja znaków drogowych\KB_Praca_Magisterska\data\raw\polish_traffic_signs_dataset\test\B-25\2019_0811_183255_004 0921_0.jpg,B-25,A-32,88.63368225097656
1566,C:\Users\Dell\Desktop\Kacper Błachowiak - praca magisterska - klasyfikacja znaków drogowych\KB_Praca_Magisterska\data\raw\polish_traffic_signs_dataset\test\B-25\2019_0811_183255_004 0965_0.jpg,B-25,B-8,20.75510597229004
1567,C:\Users\Dell\Desktop\Kacper Błachowiak - praca magisterska - klasyfikacja znaków drogowych\KB_Praca_Magisterska\data\raw\polish_traffic_signs_dataset\test\B-25\2019_0811_183255_004 0966_0.jpg,B-25,B-8,25.358444213867188
1568,C:\Users\Dell\Desktop\Kacper Błachowiak - praca magisterska - klasyfikacja znaków drogowych\KB_Praca_Magisterska\data\raw\polish_traffic_signs_dataset\test\B-25\2019_0811_183255_004 1027_0.jpg,B-25,B-5,118.98040771484376
1569,C:\Users\Dell\Desktop\Kacper Błachowiak - praca magisterska - klasyfikacja znaków drogowych\KB_Praca_Magisterska\data\raw\polish_traffic_signs_dataset\test\B-25\2019_0811_183255_004 1028_0.jpg,B-25,B-26,59.15977478027344
1570,C:\Users\Dell\Desktop\Kacper Błachowiak - praca magisterska - klasyfikacja znaków drogowych\KB_Praca_Magisterska\data\raw\polish_traffic_signs_dataset\test\B-25\2019_0811_183255_004 1075_0.jpg,B-25,D-28,85.941162109375
1571,C:\Users\Dell\Desktop\Kacper Błachowiak - praca magisterska - klasyfikacja znaków drogowych\KB_Praca_Magisterska\data\raw\polish_traffic_signs_dataset\test\B-25\2019_0811_183255_004 1076_0.jpg,B-25,B-26,83.98539733886719
1572,C:\Users\Dell\Desktop\Kacper Błachowiak - praca magisterska - klasyfikacja znaków drogowych\KB_Praca_Magisterska\data\raw\polish_traffic_signs_dataset\test\B-25\2019_0811_183255_004 1086_0.jpg,B-25,B-27,118.28970336914062
1573,C:\Users\Dell\Desktop\Kacper Błachowiak - praca magisterska - klasyfikacja znaków drogowych\KB_Praca_Magisterska\data\raw\polish_traffic_signs_dataset\test\B-25\2019_0811_183255_004 1346_0.jpg,B-25,B-8,94.2929229736328
1574,C:\Users\Dell\Desktop\Kacper Błachowiak - praca magisterska - klasyfikacja znaków drogowych\KB_Praca_Magisterska\data\raw\polish_traffic_signs_dataset\test\B-25\2019_0811_183255_004 1555_0.jpg,B-25,A-6a,85.64373016357422
1575,C:\Users\Dell\Desktop\Kacper Błachowiak - praca magisterska - klasyfikacja znaków drogowych\KB_Praca_Magisterska\data\raw\polish_traffic_signs_dataset\test\B-25\2019_0811_183255_004 1619_0.jpg,B-25,B-42,125.42697143554688
1576,C:\Users\Dell\Desktop\Kacper Błachowiak - praca magisterska - klasyfikacja znaków drogowych\KB_Praca_Magisterska\data\raw\polish_traffic_signs_dataset\test\B-25\2019_0811_183255_004 1664_0.jpg,B-25,D-42,20.073318481445312
1577,C:\Users\Dell\Desktop\Kacper Błachowiak - praca magisterska - klasyfikacja znaków drogowych\KB_Praca_Magisterska\data\raw\polish_traffic_signs_dataset\test\B-25\2019_0811_183255_004 1683_0.jpg,B-25,B-34,93.1151885986328
1578,C:\Users\Dell\Desktop\Kacper Błachowiak - praca magisterska - klasyfikacja znaków drogowych\KB_Praca_Magisterska\data\raw\polish_traffic_signs_dataset\test\B-25\2019_0811_183255_004 1798_0.jpg,B-25,B-8,122.91566467285156
1579,C:\Users\Dell\Desktop\Kacper Błachowiak - praca magisterska - klasyfikacja znaków drogowych\KB_Praca_Magisterska\data\raw\polish_traffic_signs_dataset\test\B-25\2019_0815_090538_005 0368_0.jpg,B-25,B-43,161.96092224121094
1580,C:\Users\Dell\Desktop\Kacper Błachowiak - praca magisterska - klasyfikacja znaków drogowych\KB_Praca_Magisterska\data\raw\polish_traffic_signs_dataset\test\B-25\2019_0815_090538_005 0369_0.jpg,B-25,B-26,131.25051879882812
1581,C:\Users\Dell\Desktop\Kacper Błachowiak - praca magisterska - klasyfikacja znaków drogowych\KB_Praca_Magisterska\data\raw\polish_traffic_signs_dataset\test\B-25\2019_0815_090538_005 0442_0.jpg,B-25,B-8,77.80661010742188
1583,C:\Users\Dell\Desktop\Kacper Błachowiak - praca magisterska - klasyfikacja znaków drogowych\KB_Praca_Magisterska\data\raw\polish_traffic_signs_dataset\test\B-25\2019_0815_090538_005 0529_0.jpg,B-25,D-26c,60.03826141357422
1584,C:\Users\Dell\Desktop\Kacper Błachowiak - praca magisterska - klasyfikacja znaków drogowych\KB_Praca_Magisterska\data\raw\polish_traffic_signs_dataset\test\B-25\2019_0815_090538_005 0542_0.jpg,B-25,B-8,81.75704193115234
1585,C:\Users\Dell\Desktop\Kacper Błachowiak - praca magisterska - klasyfikacja znaków drogowych\KB_Praca_Magisterska\data\raw\polish_traffic_signs_dataset\test\B-25\2019_0815_090538_005 0615_0.jpg,B-25,B-8,80.15875244140625
1586,C:\Users\Dell\Desktop\Kacper Błachowiak - praca magisterska - klasyfikacja znaków drogowych\KB_Praca_Magisterska\data\raw\polish_traffic_signs_dataset\test\B-25\2019_0815_090538_005 0625_0.jpg,B-25,B-27,132.9809112548828
1587,C:\Users\Dell\Desktop\Kacper Błachowiak - praca magisterska - klasyfikacja znaków drogowych\KB_Praca_Magisterska\data\raw\polish_traffic_signs_dataset\test\B-25\2019_0815_090538_005 0654_0.jpg,B-25,B-27,122.5011215209961
1588,C:\Users\Dell\Desktop\Kacper Błachowiak - praca magisterska - klasyfikacja znaków drogowych\KB_Praca_Magisterska\data\raw\polish_traffic_signs_dataset\test\B-25\2019_0815_090538_005 0665_0.jpg,B-25,B-8,88.319091796875
1589,C:\Users\Dell\Desktop\Kacper Błachowiak - praca magisterska - klasyfikacja znaków drogowych\KB_Praca_Magisterska\data\raw\polish_traffic_signs_dataset\test\B-25\2019_0815_090538_005 0666_0.jpg,B-25,B-8,98.8134994506836
1590,C:\Users\Dell\Desktop\Kacper Błachowiak - praca magisterska - klasyfikacja znaków drogowych\KB_Praca_Magisterska\data\raw\polish_traffic_signs_dataset\test\B-25\2019_0815_090538_005 0693_0.jpg,B-25,B-5,122.67188262939452
1591,C:\Users\Dell\Desktop\Kacper Błachowiak - praca magisterska - klasyfikacja znaków drogowych\KB_Praca_Magisterska\data\raw\polish_traffic_signs_dataset\test\B-25\2019_0815_090538_005 0848_0.jpg,B-25,B-43,145.1385040283203
1592,C:\Users\Dell\Desktop\Kacper Błachowiak - praca magisterska - klasyfikacja znaków drogowych\KB_Praca_Magisterska\data\raw\polish_traffic_signs_dataset\test\B-25\2019_0815_090538_005 0849_0.jpg,B-25,G-3,85.69568634033203
1593,C:\Users\Dell\Desktop\Kacper Błachowiak - praca magisterska - klasyfikacja znaków drogowych\KB_Praca_Magisterska\data\raw\polish_traffic_signs_dataset\test\B-25\2019_0815_090538_005 0916_0.jpg,B-25,A-2,83.22887420654297
1595,C:\Users\Dell\Desktop\Kacper Błachowiak - praca magisterska - klasyfikacja znaków drogowych\KB_Praca_Magisterska\data\raw\polish_traffic_signs_dataset\test\B-25\2019_0815_090538_005 1005_0.jpg,B-25,B-8,97.40995025634766
1596,C:\Users\Dell\Desktop\Kacper Błachowiak - praca magisterska - klasyfikacja znaków drogowych\KB_Praca_Magisterska\data\raw\polish_traffic_signs_dataset\test\B-25\2019_0815_090538_005 1252_0.jpg,B-25,D-26c,66.36178588867188
1597,C:\Users\Dell\Desktop\Kacper Błachowiak - praca magisterska - klasyfikacja znaków drogowych\KB_Praca_Magisterska\data\raw\polish_traffic_signs_dataset\test\B-25\2019_0815_090538_005 1253_0.jpg,B-25,D-43,78.65082550048828
1598,C:\Users\Dell\Desktop\Kacper Błachowiak - praca magisterska - klasyfikacja znaków drogowych\KB_Praca_Magisterska\data\raw\polish_traffic_signs_dataset\test\B-25\2019_0815_090538_005 1329_0.jpg,B-25,D-26c,65.69983673095703
1599,C:\Users\Dell\Desktop\Kacper Błachowiak - praca magisterska - klasyfikacja znaków drogowych\KB_Praca_Magisterska\data\raw\polish_traffic_signs_dataset\test\B-25\2019_0815_090538_005 1339_0.jpg,B-25,B-5,106.92124938964844
1600,C:\Users\Dell\Desktop\Kacper Błachowiak - praca magisterska - klasyfikacja znaków drogowych\KB_Praca_Magisterska\data\raw\polish_traffic_signs_dataset\test\B-25\2019_0815_090538_005 1340_0.jpg,B-25,B-5,89.66876983642578
1601,C:\Users\Dell\Desktop\Kacper Błachowiak - praca magisterska - klasyfikacja znaków drogowych\KB_Praca_Magisterska\data\raw\polish_traffic_signs_dataset\test\B-25\2019_0815_090538_005 1402_0.jpg,B-25,D-26c,54.40592193603516
1602,C:\Users\Dell\Desktop\Kacper Błachowiak - praca magisterska - klasyfikacja znaków drogowych\KB_Praca_Magisterska\data\raw\polish_traffic_signs_dataset\test\B-25\2019_0815_090538_005 1544_0.jpg,B-25,B-26,119.1986083984375
1605,C:\Users\Dell\Desktop\Kacper Błachowiak - praca magisterska - klasyfikacja znaków drogowych\KB_Praca_Magisterska\data\raw\polish_traffic_signs_dataset\test\B-25\2019_0815_090538_005 1932_0.jpg,B-25,B-26,126.42188262939452
1606,C:\Users\Dell\Desktop\Kacper Błachowiak - praca magisterska - klasyfikacja znaków drogowych\KB_Praca_Magisterska\data\raw\polish_traffic_signs_dataset\test\B-25\2019_0815_090538_005 1944_0.jpg,B-25,B-26,84.42835998535156
1609,C:\Users\Dell\Desktop\Kacper Błachowiak - praca magisterska - klasyfikacja znaków drogowych\KB_Praca_Magisterska\data\raw\polish_traffic_signs_dataset\test\B-25\2019_0815_094007_006 004_0.jpg,B-25,B-8,95.4920654296875
1614,C:\Users\Dell\Desktop\Kacper Błachowiak - praca magisterska - klasyfikacja znaków drogowych\KB_Praca_Magisterska\data\raw\polish_traffic_signs_dataset\test\B-26\2019_0809_162432_004 0381_0.jpg,B-26,B-25,131.5994873046875
1615,C:\Users\Dell\Desktop\Kacper Błachowiak - praca magisterska - klasyfikacja znaków drogowych\KB_Praca_Magisterska\data\raw\polish_traffic_signs_dataset\test\B-26\2019_0811_183255_004 0298_0.jpg,B-26,B-33,103.75211334228516
1619,C:\Users\Dell\Desktop\Kacper Błachowiak - praca magisterska - klasyfikacja znaków drogowych\KB_Praca_Magisterska\data\raw\polish_traffic_signs_dataset\test\B-26\2019_0814_154857_003 1052_1.jpg,B-26,B-25,149.68406677246094
1623,C:\Users\Dell\Desktop\Kacper Błachowiak - praca magisterska - klasyfikacja znaków drogowych\KB_Praca_Magisterska\data\raw\polish_traffic_signs_dataset\test\B-26\2019_0814_154857_003 1277_1.jpg,B-26,B-25,139.47808837890625
1624,C:\Users\Dell\Desktop\Kacper Błachowiak - praca magisterska - klasyfikacja znaków drogowych\KB_Praca_Magisterska\data\raw\polish_traffic_signs_dataset\test\B-26\2019_0814_154857_003 1644_0.jpg,B-26,B-21,125.83195495605467
1625,C:\Users\Dell\Desktop\Kacper Błachowiak - praca magisterska - klasyfikacja znaków drogowych\KB_Praca_Magisterska\data\raw\polish_traffic_signs_dataset\test\B-26\2019_0814_154857_003 1644_1.jpg,B-26,B-5,137.05368041992188
1627,C:\Users\Dell\Desktop\Kacper Błachowiak - praca magisterska - klasyfikacja znaków drogowych\KB_Praca_Magisterska\data\raw\polish_traffic_signs_dataset\test\B-26\2019_0814_154857_003 1645_1.jpg,B-26,B-25,145.39263916015625
1629,C:\Users\Dell\Desktop\Kacper Błachowiak - praca magisterska - klasyfikacja znaków drogowych\KB_Praca_Magisterska\data\raw\polish_traffic_signs_dataset\test\B-27\2019_0719_142601_003 1834_0.jpg,B-27,B-34,112.96147918701172
1630,C:\Users\Dell\Desktop\Kacper Błachowiak - praca magisterska - klasyfikacja znaków drogowych\KB_Praca_Magisterska\data\raw\polish_traffic_signs_dataset\test\B-27\2019_0719_142601_003 1873_0.jpg,B-27,B-34,133.9015655517578
1632,C:\Users\Dell\Desktop\Kacper Błachowiak - praca magisterska - klasyfikacja znaków drogowych\KB_Praca_Magisterska\data\raw\polish_traffic_signs_dataset\test\B-27\2019_0726_185626_003 467_0.jpg,B-27,B-34,139.21942138671875
1635,C:\Users\Dell\Desktop\Kacper Błachowiak - praca magisterska - klasyfikacja znaków drogowych\KB_Praca_Magisterska\data\raw\polish_traffic_signs_dataset\test\B-27\2019_0809_155001_003 2063_0.jpg,B-27,B-34,144.55152893066406
1636,C:\Users\Dell\Desktop\Kacper Błachowiak - praca magisterska - klasyfikacja znaków drogowych\KB_Praca_Magisterska\data\raw\polish_traffic_signs_dataset\test\B-27\2019_0809_162432_004 0024_0.jpg,B-27,B-34,133.1784210205078
1638,C:\Users\Dell\Desktop\Kacper Błachowiak - praca magisterska - klasyfikacja znaków drogowych\KB_Praca_Magisterska\data\raw\polish_traffic_signs_dataset\test\B-27\2019_0811_183255_004 1813_0.jpg,B-27,B-41,52.483516693115234
1639,C:\Users\Dell\Desktop\Kacper Błachowiak - praca magisterska - klasyfikacja znaków drogowych\KB_Praca_Magisterska\data\raw\polish_traffic_signs_dataset\test\B-27\2019_0815_090538_005 0709_0.jpg,B-27,B-34,121.26000213623048
1650,C:\Users\Dell\Desktop\Kacper Błachowiak - praca magisterska - klasyfikacja znaków drogowych\KB_Praca_Magisterska\data\raw\polish_traffic_signs_dataset\test\B-27\2019_0901_165821_014 1494_0.jpg,B-27,B-34,120.53397369384766
1651,C:\Users\Dell\Desktop\Kacper Błachowiak - praca magisterska - klasyfikacja znaków drogowych\KB_Praca_Magisterska\data\raw\polish_traffic_signs_dataset\test\B-27\2019_0901_165821_014 1815_0.jpg,B-27,B-34,68.82730102539062
1652,C:\Users\Dell\Desktop\Kacper Błachowiak - praca magisterska - klasyfikacja znaków drogowych\KB_Praca_Magisterska\data\raw\polish_traffic_signs_dataset\test\B-27\2019_0901_173251_015 0597_0.jpg,B-27,B-34,104.33921813964844
1656,C:\Users\Dell\Desktop\Kacper Błachowiak - praca magisterska - klasyfikacja znaków drogowych\KB_Praca_Magisterska\data\raw\polish_traffic_signs_dataset\test\B-33\2019_0714_142630_003 007_0.jpg,B-33,D-28,98.1811065673828
1657,C:\Users\Dell\Desktop\Kacper Błachowiak - praca magisterska - klasyfikacja znaków drogowych\KB_Praca_Magisterska\data\raw\polish_traffic_signs_dataset\test\B-33\2019_0714_142630_003 131_0.jpg,B-33,D-28,92.1717300415039
1658,C:\Users\Dell\Desktop\Kacper Błachowiak - praca magisterska - klasyfikacja znaków drogowych\KB_Praca_Magisterska\data\raw\polish_traffic_signs_dataset\test\B-33\2019_0714_142630_003 131_1.jpg,B-33,D-28,97.39810943603516
1659,C:\Users\Dell\Desktop\Kacper Błachowiak - praca magisterska - klasyfikacja znaków drogowych\KB_Praca_Magisterska\data\raw\polish_traffic_signs_dataset\test\B-33\2019_0719_142601_003 0098_0.jpg,B-33,B-34,104.9013442993164
1660,C:\Users\Dell\Desktop\Kacper Błachowiak - praca magisterska - klasyfikacja znaków drogowych\KB_Praca_Magisterska\data\raw\polish_traffic_signs_dataset\test\B-33\2019_0719_142601_003 0098_1.jpg,B-33,B-34,151.724365234375
1664,C:\Users\Dell\Desktop\Kacper Błachowiak - praca magisterska - klasyfikacja znaków drogowych\KB_Praca_Magisterska\data\raw\polish_traffic_signs_dataset\test\B-33\2019_0719_142601_003 0119_0.jpg,B-33,B-34,145.61056518554688
1665,C:\Users\Dell\Desktop\Kacper Błachowiak - praca magisterska - klasyfikacja znaków drogowych\KB_Praca_Magisterska\data\raw\polish_traffic_signs_dataset\test\B-33\2019_0719_142601_003 0119_1.jpg,B-33,A-2,141.17312622070312
1667,C:\Users\Dell\Desktop\Kacper Błachowiak - praca magisterska - klasyfikacja znaków drogowych\KB_Praca_Magisterska\data\raw\polish_traffic_signs_dataset\test\B-33\2019_0719_142601_003 0120_1.jpg,B-33,B-34,86.64132690429688
1670,C:\Users\Dell\Desktop\Kacper Błachowiak - praca magisterska - klasyfikacja znaków drogowych\KB_Praca_Magisterska\data\raw\polish_traffic_signs_dataset\test\B-33\2019_0719_142601_003 0142_0.jpg,B-33,B-34,119.08097839355467
1671,C:\Users\Dell\Desktop\Kacper Błachowiak - praca magisterska - klasyfikacja znaków drogowych\KB_Praca_Magisterska\data\raw\polish_traffic_signs_dataset\test\B-33\2019_0719_142601_003 0142_1.jpg,B-33,D-28,142.09486389160156
1672,C:\Users\Dell\Desktop\Kacper Błachowiak - praca magisterska - klasyfikacja znaków drogowych\KB_Praca_Magisterska\data\raw\polish_traffic_signs_dataset\test\B-33\2019_0719_142601_003 0143_0.jpg,B-33,B-34,126.9488754272461
1676,C:\Users\Dell\Desktop\Kacper Błachowiak - praca magisterska - klasyfikacja znaków drogowych\KB_Praca_Magisterska\data\raw\polish_traffic_signs_dataset\test\B-33\2019_0719_142601_003 0157_0.jpg,B-33,B-34,87.56118774414062
1678,C:\Users\Dell\Desktop\Kacper Błachowiak - praca magisterska - klasyfikacja znaków drogowych\KB_Praca_Magisterska\data\raw\polish_traffic_signs_dataset\test\B-33\2019_0719_142601_003 0183_0.jpg,B-33,D-28,129.5827178955078
1679,C:\Users\Dell\Desktop\Kacper Błachowiak - praca magisterska - klasyfikacja znaków drogowych\KB_Praca_Magisterska\data\raw\polish_traffic_signs_dataset\test\B-33\2019_0719_142601_003 0193_0.jpg,B-33,D-28,144.0167999267578
1680,C:\Users\Dell\Desktop\Kacper Błachowiak - praca magisterska - klasyfikacja znaków drogowych\KB_Praca_Magisterska\data\raw\polish_traffic_signs_dataset\test\B-33\2019_0719_142601_003 0193_1.jpg,B-33,D-28,130.6543731689453
1681,C:\Users\Dell\Desktop\Kacper Błachowiak - praca magisterska - klasyfikacja znaków drogowych\KB_Praca_Magisterska\data\raw\polish_traffic_signs_dataset\test\B-33\2019_0719_142601_003 0194_0.jpg,B-33,B-34,134.74896240234375
1684,C:\Users\Dell\Desktop\Kacper Błachowiak - praca magisterska - klasyfikacja znaków drogowych\KB_Praca_Magisterska\data\raw\polish_traffic_signs_dataset\test\B-33\2019_0719_142601_003 0195_1.jpg,B-33,B-21,111.00540161132812
1685,C:\Users\Dell\Desktop\Kacper Błachowiak - praca magisterska - klasyfikacja znaków drogowych\KB_Praca_Magisterska\data\raw\polish_traffic_signs_dataset\test\B-33\2019_0719_142601_003 0225_0.jpg,B-33,D-28,115.20915985107422
1690,C:\Users\Dell\Desktop\Kacper Błachowiak - praca magisterska - klasyfikacja znaków drogowych\KB_Praca_Magisterska\data\raw\polish_traffic_signs_dataset\test\B-33\2019_0719_142601_003 0344_0.jpg,B-33,B-21,142.51646423339844
1691,C:\Users\Dell\Desktop\Kacper Błachowiak - praca magisterska - klasyfikacja znaków drogowych\KB_Praca_Magisterska\data\raw\polish_traffic_signs_dataset\test\B-33\2019_0719_142601_003 0368_0.jpg,B-33,C-4,94.4856185913086
1692,C:\Users\Dell\Desktop\Kacper Błachowiak - praca magisterska - klasyfikacja znaków drogowych\KB_Praca_Magisterska\data\raw\polish_traffic_signs_dataset\test\B-33\2019_0719_142601_003 0369_0.jpg,B-33,D-28,95.0549087524414
1693,C:\Users\Dell\Desktop\Kacper Błachowiak - praca magisterska - klasyfikacja znaków drogowych\KB_Praca_Magisterska\data\raw\polish_traffic_signs_dataset\test\B-33\2019_0719_142601_003 0369_1.jpg,B-33,D-28,107.2025146484375
1695,C:\Users\Dell\Desktop\Kacper Błachowiak - praca magisterska - klasyfikacja znaków drogowych\KB_Praca_Magisterska\data\raw\polish_traffic_signs_dataset\test\B-33\2019_0719_142601_003 0370_1.jpg,B-33,B-18,89.7474365234375
1696,C:\Users\Dell\Desktop\Kacper Błachowiak - praca magisterska - klasyfikacja znaków drogowych\KB_Praca_Magisterska\data\raw\polish_traffic_signs_dataset\test\B-33\2019_0719_142601_003 0371_0.jpg,B-33,B-18,83.83979034423828
1697,C:\Users\Dell\Desktop\Kacper Błachowiak - praca magisterska - klasyfikacja znaków drogowych\KB_Praca_Magisterska\data\raw\polish_traffic_signs_dataset\test\B-33\2019_0719_142601_003 0371_1.jpg,B-33,B-18,129.48883056640625
1698,C:\Users\Dell\Desktop\Kacper Błachowiak - praca magisterska - klasyfikacja znaków drogowych\KB_Praca_Magisterska\data\raw\polish_traffic_signs_dataset\test\B-33\2019_0719_142601_003 0663_0.jpg,B-33,B-34,190.3809509277344
1699,C:\Users\Dell\Desktop\Kacper Błachowiak - praca magisterska - klasyfikacja znaków drogowych\KB_Praca_Magisterska\data\raw\polish_traffic_signs_dataset\test\B-33\2019_0719_142601_003 0664_0.jpg,B-33,B-34,184.7084045410156
1701,C:\Users\Dell\Desktop\Kacper Błachowiak - praca magisterska - klasyfikacja znaków drogowych\KB_Praca_Magisterska\data\raw\polish_traffic_signs_dataset\test\B-33\2019_0719_142601_003 0672_0.jpg,B-33,D-28,161.0709991455078
1705,C:\Users\Dell\Desktop\Kacper Błachowiak - praca magisterska - klasyfikacja znaków drogowych\KB_Praca_Magisterska\data\raw\polish_traffic_signs_dataset\test\B-33\2019_0719_142601_003 0956_0.jpg,B-33,B-34,141.16082763671875
1711,C:\Users\Dell\Desktop\Kacper Błachowiak - praca magisterska - klasyfikacja znaków drogowych\KB_Praca_Magisterska\data\raw\polish_traffic_signs_dataset\test\B-33\2019_0719_142601_003 1099_0.jpg,B-33,B-34,170.01356506347656
1717,C:\Users\Dell\Desktop\Kacper Błachowiak - praca magisterska - klasyfikacja znaków drogowych\KB_Praca_Magisterska\data\raw\polish_traffic_signs_dataset\test\B-33\2019_0719_142601_003 1299_0.jpg,B-33,B-9,126.21648406982422
1718,C:\Users\Dell\Desktop\Kacper Błachowiak - praca magisterska - klasyfikacja znaków drogowych\KB_Praca_Magisterska\data\raw\polish_traffic_signs_dataset\test\B-33\2019_0719_142601_003 1300_0.jpg,B-33,B-34,154.4072265625
1720,C:\Users\Dell\Desktop\Kacper Błachowiak - praca magisterska - klasyfikacja znaków drogowych\KB_Praca_Magisterska\data\raw\polish_traffic_signs_dataset\test\B-33\2019_0719_142601_003 1302_0.jpg,B-33,B-18,158.83702087402344
1724,C:\Users\Dell\Desktop\Kacper Błachowiak - praca magisterska - klasyfikacja znaków drogowych\KB_Praca_Magisterska\data\raw\polish_traffic_signs_dataset\test\B-33\2019_0719_142601_003 1319_0.jpg,B-33,B-18,144.7041473388672
1725,C:\Users\Dell\Desktop\Kacper Błachowiak - praca magisterska - klasyfikacja znaków drogowych\KB_Praca_Magisterska\data\raw\polish_traffic_signs_dataset\test\B-33\2019_0719_142601_003 1330_0.jpg,B-33,B-34,105.4341049194336
1731,C:\Users\Dell\Desktop\Kacper Błachowiak - praca magisterska - klasyfikacja znaków drogowych\KB_Praca_Magisterska\data\raw\polish_traffic_signs_dataset\test\B-33\2019_0719_142601_003 1495_0.jpg,B-33,D-28,118.3806381225586
1736,C:\Users\Dell\Desktop\Kacper Błachowiak - praca magisterska - klasyfikacja znaków drogowych\KB_Praca_Magisterska\data\raw\polish_traffic_signs_dataset\test\B-33\2019_0719_142601_003 1670_0.jpg,B-33,B-34,158.61825561523438
1740,C:\Users\Dell\Desktop\Kacper Błachowiak - praca magisterska - klasyfikacja znaków drogowych\KB_Praca_Magisterska\data\raw\polish_traffic_signs_dataset\test\B-33\2019_0719_142601_003 1752_0.jpg,B-33,B-34,113.3334732055664
1750,C:\Users\Dell\Desktop\Kacper Błachowiak - praca magisterska - klasyfikacja znaków drogowych\KB_Praca_Magisterska\data\raw\polish_traffic_signs_dataset\test\B-33\2019_0719_142601_003 1800_0.jpg,B-33,B-18,151.47084045410156
1767,C:\Users\Dell\Desktop\Kacper Błachowiak - praca magisterska - klasyfikacja znaków drogowych\KB_Praca_Magisterska\data\raw\polish_traffic_signs_dataset\test\B-33\2019_0719_150032_004 0489_0.jpg,B-33,B-34,103.03001403808594
1769,C:\Users\Dell\Desktop\Kacper Błachowiak - praca magisterska - klasyfikacja znaków drogowych\KB_Praca_Magisterska\data\raw\polish_traffic_signs_dataset\test\B-33\2019_0719_150032_004 0491_0.jpg,B-33,B-18,109.10560607910156
1771,C:\Users\Dell\Desktop\Kacper Błachowiak - praca magisterska - klasyfikacja znaków drogowych\KB_Praca_Magisterska\data\raw\polish_traffic_signs_dataset\test\B-33\2019_0719_150032_004 1195_0.jpg,B-33,B-34,174.88877868652344
1775,C:\Users\Dell\Desktop\Kacper Błachowiak - praca magisterska - klasyfikacja znaków drogowych\KB_Praca_Magisterska\data\raw\polish_traffic_signs_dataset\test\B-33\2019_0719_150032_004 1202_0.jpg,B-33,B-5,119.75003051757812
1786,C:\Users\Dell\Desktop\Kacper Błachowiak - praca magisterska - klasyfikacja znaków drogowych\KB_Praca_Magisterska\data\raw\polish_traffic_signs_dataset\test\B-33\2019_0719_150032_004 1628_0.jpg,B-33,B-18,138.95803833007812
1787,C:\Users\Dell\Desktop\Kacper Błachowiak - praca magisterska - klasyfikacja znaków drogowych\KB_Praca_Magisterska\data\raw\polish_traffic_signs_dataset\test\B-33\2019_0721_171043_003 0812_0.jpg,B-33,B-18,183.40216064453125
1788,C:\Users\Dell\Desktop\Kacper Błachowiak - praca magisterska - klasyfikacja znaków drogowych\KB_Praca_Magisterska\data\raw\polish_traffic_signs_dataset\test\B-33\2019_0721_171043_003 0813_0.jpg,B-33,B-18,180.71722412109372
1789,C:\Users\Dell\Desktop\Kacper Błachowiak - praca magisterska - klasyfikacja znaków drogowych\KB_Praca_Magisterska\data\raw\polish_traffic_signs_dataset\test\B-33\2019_0721_171043_003 0919_0.jpg,B-33,B-34,110.00623321533205
1790,C:\Users\Dell\Desktop\Kacper Błachowiak - praca magisterska - klasyfikacja znaków drogowych\KB_Praca_Magisterska\data\raw\polish_traffic_signs_dataset\test\B-33\2019_0721_171043_003 0920_0.jpg,B-33,B-34,148.51583862304688
1791,C:\Users\Dell\Desktop\Kacper Błachowiak - praca magisterska - klasyfikacja znaków drogowych\KB_Praca_Magisterska\data\raw\polish_traffic_signs_dataset\test\B-33\2019_0721_171043_003 0943_0.jpg,B-33,B-34,102.83071899414062
1792,C:\Users\Dell\Desktop\Kacper Błachowiak - praca magisterska - klasyfikacja znaków drogowych\KB_Praca_Magisterska\data\raw\polish_traffic_signs_dataset\test\B-33\2019_0721_171043_003 0944_0.jpg,B-33,B-34,130.22268676757812
1793,C:\Users\Dell\Desktop\Kacper Błachowiak - praca magisterska - klasyfikacja znaków drogowych\KB_Praca_Magisterska\data\raw\polish_traffic_signs_dataset\test\B-33\2019_0721_181936_005 036_0.jpg,B-33,D-28,112.01348114013672
1794,C:\Users\Dell\Desktop\Kacper Błachowiak - praca magisterska - klasyfikacja znaków drogowych\KB_Praca_Magisterska\data\raw\polish_traffic_signs_dataset\test\B-33\2019_0721_181936_005 037_0.jpg,B-33,B-34,115.40202331542967
1797,C:\Users\Dell\Desktop\Kacper Błachowiak - praca magisterska - klasyfikacja znaków drogowych\KB_Praca_Magisterska\data\raw\polish_traffic_signs_dataset\test\B-33\2019_0721_181936_005 103_0.jpg,B-33,D-28,112.1723175048828
1798,C:\Users\Dell\Desktop\Kacper Błachowiak - praca magisterska - klasyfikacja znaków drogowych\KB_Praca_Magisterska\data\raw\polish_traffic_signs_dataset\test\B-33\2019_0721_181936_005 104_0.jpg,B-33,B-34,93.36249542236328
1799,C:\Users\Dell\Desktop\Kacper Błachowiak - praca magisterska - klasyfikacja znaków drogowych\KB_Praca_Magisterska\data\raw\polish_traffic_signs_dataset\test\B-33\2019_0721_181936_005 265_0.jpg,B-33,B-34,105.72828674316406
1800,C:\Users\Dell\Desktop\Kacper Błachowiak - praca magisterska - klasyfikacja znaków drogowych\KB_Praca_Magisterska\data\raw\polish_traffic_signs_dataset\test\B-33\2019_0721_181936_005 265_1.jpg,B-33,B-34,78.03567504882812
1801,C:\Users\Dell\Desktop\Kacper Błachowiak - praca magisterska - klasyfikacja znaków drogowych\KB_Praca_Magisterska\data\raw\polish_traffic_signs_dataset\test\B-33\2019_0721_181936_005 312_0.jpg,B-33,B-21,78.32896423339844
1802,C:\Users\Dell\Desktop\Kacper Błachowiak - praca magisterska - klasyfikacja znaków drogowych\KB_Praca_Magisterska\data\raw\polish_traffic_signs_dataset\test\B-33\2019_0721_181936_005 432_0.jpg,B-33,B-5,109.8188705444336
1803,C:\Users\Dell\Desktop\Kacper Błachowiak - praca magisterska - klasyfikacja znaków drogowych\KB_Praca_Magisterska\data\raw\polish_traffic_signs_dataset\test\B-33\2019_0721_181936_005 432_1.jpg,B-33,B-44,122.34143829345705
1804,C:\Users\Dell\Desktop\Kacper Błachowiak - praca magisterska - klasyfikacja znaków drogowych\KB_Praca_Magisterska\data\raw\polish_traffic_signs_dataset\test\B-33\2019_0721_181936_005 445_0.jpg,B-33,B-34,94.00614166259766
1806,C:\Users\Dell\Desktop\Kacper Błachowiak - praca magisterska - klasyfikacja znaków drogowych\KB_Praca_Magisterska\data\raw\polish_traffic_signs_dataset\test\B-33\2019_0721_181936_005 479_0.jpg,B-33,B-44,96.69924926757812
1807,C:\Users\Dell\Desktop\Kacper Błachowiak - praca magisterska - klasyfikacja znaków drogowych\KB_Praca_Magisterska\data\raw\polish_traffic_signs_dataset\test\B-33\2019_0721_181936_005 479_1.jpg,B-33,B-5,80.89501190185547
1808,C:\Users\Dell\Desktop\Kacper Błachowiak - praca magisterska - klasyfikacja znaków drogowych\KB_Praca_Magisterska\data\raw\polish_traffic_signs_dataset\test\B-33\2019_0721_181936_005 494_0.jpg,B-33,B-34,40.0558967590332
1809,C:\Users\Dell\Desktop\Kacper Błachowiak - praca magisterska - klasyfikacja znaków drogowych\KB_Praca_Magisterska\data\raw\polish_traffic_signs_dataset\test\B-33\2019_0721_181936_005 522_0.jpg,B-33,B-43,25.95454788208008
1810,C:\Users\Dell\Desktop\Kacper Błachowiak - praca magisterska - klasyfikacja znaków drogowych\KB_Praca_Magisterska\data\raw\polish_traffic_signs_dataset\test\B-33\2019_0721_181936_005 532_0.jpg,B-33,B-8,87.57071685791016
1812,C:\Users\Dell\Desktop\Kacper Błachowiak - praca magisterska - klasyfikacja znaków drogowych\KB_Praca_Magisterska\data\raw\polish_traffic_signs_dataset\test\B-33\2019_0721_181936_005 536_0.jpg,B-33,B-34,61.79484939575195
1813,C:\Users\Dell\Desktop\Kacper Błachowiak - praca magisterska - klasyfikacja znaków drogowych\KB_Praca_Magisterska\data\raw\polish_traffic_signs_dataset\test\B-33\2019_0721_181936_005 536_1.jpg,B-33,B-34,121.9178237915039
1814,C:\Users\Dell\Desktop\Kacper Błachowiak - praca magisterska - klasyfikacja znaków drogowych\KB_Praca_Magisterska\data\raw\polish_traffic_signs_dataset\test\B-33\2019_0721_181936_005 556_0.jpg,B-33,B-42,138.8350830078125
1816,C:\Users\Dell\Desktop\Kacper Błachowiak - praca magisterska - klasyfikacja znaków drogowych\KB_Praca_Magisterska\data\raw\polish_traffic_signs_dataset\test\B-33\2019_0726_185626_003 153_0.jpg,B-33,B-34,59.711647033691406
1817,C:\Users\Dell\Desktop\Kacper Błachowiak - praca magisterska - klasyfikacja znaków drogowych\KB_Praca_Magisterska\data\raw\polish_traffic_signs_dataset\test\B-33\2019_0726_185626_003 154_0.jpg,B-33,B-6-B-8-B-9,76.95205688476562
1819,C:\Users\Dell\Desktop\Kacper Błachowiak - praca magisterska - klasyfikacja znaków drogowych\KB_Praca_Magisterska\data\raw\polish_traffic_signs_dataset\test\B-33\2019_0726_185626_003 407_0.jpg,B-33,B-18,190.4585418701172
1821,C:\Users\Dell\Desktop\Kacper Błachowiak - praca magisterska - klasyfikacja znaków drogowych\KB_Praca_Magisterska\data\raw\polish_traffic_signs_dataset\test\B-33\2019_0726_185626_003 423_0.jpg,B-33,B-18,140.98284912109375
1823,C:\Users\Dell\Desktop\Kacper Błachowiak - praca magisterska - klasyfikacja znaków drogowych\KB_Praca_Magisterska\data\raw\polish_traffic_signs_dataset\test\B-33\2019_0726_185626_003 964_0.jpg,B-33,B-18,215.796875
1824,C:\Users\Dell\Desktop\Kacper Błachowiak - praca magisterska - klasyfikacja znaków drogowych\KB_Praca_Magisterska\data\raw\polish_traffic_signs_dataset\test\B-33\2019_0726_185626_003 965_0.jpg,B-33,B-18,198.2065277099609
1830,C:\Users\Dell\Desktop\Kacper Błachowiak - praca magisterska - klasyfikacja znaków drogowych\KB_Praca_Magisterska\data\raw\polish_traffic_signs_dataset\test\B-33\2019_0809_155001_003 0243_0.jpg,B-33,B-18,78.550537109375
1831,C:\Users\Dell\Desktop\Kacper Błachowiak - praca magisterska - klasyfikacja znaków drogowych\KB_Praca_Magisterska\data\raw\polish_traffic_signs_dataset\test\B-33\2019_0809_155001_003 0270_0.jpg,B-33,B-43,196.3614044189453
1835,C:\Users\Dell\Desktop\Kacper Błachowiak - praca magisterska - klasyfikacja znaków drogowych\KB_Praca_Magisterska\data\raw\polish_traffic_signs_dataset\test\B-33\2019_0809_155001_003 0281_0.jpg,B-33,B-34,144.27340698242188
1846,C:\Users\Dell\Desktop\Kacper Błachowiak - praca magisterska - klasyfikacja znaków drogowych\KB_Praca_Magisterska\data\raw\polish_traffic_signs_dataset\test\B-33\2019_0809_155001_003 0333_1.jpg,B-33,B-18,144.90199279785156
1849,C:\Users\Dell\Desktop\Kacper Błachowiak - praca magisterska - klasyfikacja znaków drogowych\KB_Praca_Magisterska\data\raw\polish_traffic_signs_dataset\test\B-33\2019_0809_155001_003 0400_0.jpg,B-33,B-18,149.9877471923828
1857,C:\Users\Dell\Desktop\Kacper Błachowiak - praca magisterska - klasyfikacja znaków drogowych\KB_Praca_Magisterska\data\raw\polish_traffic_signs_dataset\test\B-33\2019_0809_155001_003 0598_0.jpg,B-33,B-34,134.17054748535156
1858,C:\Users\Dell\Desktop\Kacper Błachowiak - praca magisterska - klasyfikacja znaków drogowych\KB_Praca_Magisterska\data\raw\polish_traffic_signs_dataset\test\B-33\2019_0809_155001_003 0598_1.jpg,B-33,B-18,70.9336166381836
1859,C:\Users\Dell\Desktop\Kacper Błachowiak - praca magisterska - klasyfikacja znaków drogowych\KB_Praca_Magisterska\data\raw\polish_traffic_signs_dataset\test\B-33\2019_0809_155001_003 0599_0.jpg,B-33,B-18,70.5431900024414
1865,C:\Users\Dell\Desktop\Kacper Błachowiak - praca magisterska - klasyfikacja znaków drogowych\KB_Praca_Magisterska\data\raw\polish_traffic_signs_dataset\test\B-33\2019_0809_155001_003 1151_1.jpg,B-33,B-18,147.96359252929688
1866,C:\Users\Dell\Desktop\Kacper Błachowiak - praca magisterska - klasyfikacja znaków drogowych\KB_Praca_Magisterska\data\raw\polish_traffic_signs_dataset\test\B-33\2019_0809_155001_003 1160_0.jpg,B-33,B-25,151.72003173828125
1867,C:\Users\Dell\Desktop\Kacper Błachowiak - praca magisterska - klasyfikacja znaków drogowych\KB_Praca_Magisterska\data\raw\polish_traffic_signs_dataset\test\B-33\2019_0809_155001_003 1160_1.jpg,B-33,B-25,168.70510864257812
1876,C:\Users\Dell\Desktop\Kacper Błachowiak - praca magisterska - klasyfikacja znaków drogowych\KB_Praca_Magisterska\data\raw\polish_traffic_signs_dataset\test\B-33\2019_0809_155001_003 1541_0.jpg,B-33,B-18,112.91382598876952
1877,C:\Users\Dell\Desktop\Kacper Błachowiak - praca magisterska - klasyfikacja znaków drogowych\KB_Praca_Magisterska\data\raw\polish_traffic_signs_dataset\test\B-33\2019_0809_155001_003 1542_0.jpg,B-33,B-18,140.38992309570312
1879,C:\Users\Dell\Desktop\Kacper Błachowiak - praca magisterska - klasyfikacja znaków drogowych\KB_Praca_Magisterska\data\raw\polish_traffic_signs_dataset\test\B-33\2019_0809_155001_003 1652_0.jpg,B-33,B-18,53.43682098388672
1881,C:\Users\Dell\Desktop\Kacper Błachowiak - praca magisterska - klasyfikacja znaków drogowych\KB_Praca_Magisterska\data\raw\polish_traffic_signs_dataset\test\B-33\2019_0809_155001_003 1705_0.jpg,B-33,B-18,121.98888397216795
1882,C:\Users\Dell\Desktop\Kacper Błachowiak - praca magisterska - klasyfikacja znaków drogowych\KB_Praca_Magisterska\data\raw\polish_traffic_signs_dataset\test\B-33\2019_0809_155001_003 1846_0.jpg,B-33,B-18,192.6071319580078
1883,C:\Users\Dell\Desktop\Kacper Błachowiak - praca magisterska - klasyfikacja znaków drogowych\KB_Praca_Magisterska\data\raw\polish_traffic_signs_dataset\test\B-33\2019_0809_155001_003 1847_0.jpg,B-33,B-18,181.8932342529297
1894,C:\Users\Dell\Desktop\Kacper Błachowiak - praca magisterska - klasyfikacja znaków drogowych\KB_Praca_Magisterska\data\raw\polish_traffic_signs_dataset\test\B-33\2019_0809_162432_004 0157_0.jpg,B-33,B-34,86.2000732421875
1899,C:\Users\Dell\Desktop\Kacper Błachowiak - praca magisterska - klasyfikacja znaków drogowych\KB_Praca_Magisterska\data\raw\polish_traffic_signs_dataset\test\B-33\2019_0809_162432_004 0411_0.jpg,B-33,B-34,113.1740264892578
1906,C:\Users\Dell\Desktop\Kacper Błachowiak - praca magisterska - klasyfikacja znaków drogowych\KB_Praca_Magisterska\data\raw\polish_traffic_signs_dataset\test\B-33\2019_0809_162432_004 0881_0.jpg,B-33,B-34,101.98727416992188
1909,C:\Users\Dell\Desktop\Kacper Błachowiak - praca magisterska - klasyfikacja znaków drogowych\KB_Praca_Magisterska\data\raw\polish_traffic_signs_dataset\test\B-33\2019_0809_162432_004 1233_0.jpg,B-33,B-43,153.09339904785156
1911,C:\Users\Dell\Desktop\Kacper Błachowiak - praca magisterska - klasyfikacja znaków drogowych\KB_Praca_Magisterska\data\raw\polish_traffic_signs_dataset\test\B-33\2019_0809_162432_004 1239_0.jpg,B-33,B-43,165.1713104248047
1913,C:\Users\Dell\Desktop\Kacper Błachowiak - praca magisterska - klasyfikacja znaków drogowych\KB_Praca_Magisterska\data\raw\polish_traffic_signs_dataset\test\B-33\2019_0809_162432_004 1240_0.jpg,B-33,B-18,177.5972137451172
1920,C:\Users\Dell\Desktop\Kacper Błachowiak - praca magisterska - klasyfikacja znaków drogowych\KB_Praca_Magisterska\data\raw\polish_traffic_signs_dataset\test\B-33\2019_0809_162432_004 1336_0.jpg,B-33,B-34,113.5884246826172
1927,C:\Users\Dell\Desktop\Kacper Błachowiak - praca magisterska - klasyfikacja znaków drogowych\KB_Praca_Magisterska\data\raw\polish_traffic_signs_dataset\test\B-33\2019_0809_162432_004 1571_0.jpg,B-33,B-8,90.52516174316406
1928,C:\Users\Dell\Desktop\Kacper Błachowiak - praca magisterska - klasyfikacja znaków drogowych\KB_Praca_Magisterska\data\raw\polish_traffic_signs_dataset\test\B-33\2019_0809_162432_004 1572_0.jpg,B-33,B-34,138.7042236328125
1929,C:\Users\Dell\Desktop\Kacper Błachowiak - praca magisterska - klasyfikacja znaków drogowych\KB_Praca_Magisterska\data\raw\polish_traffic_signs_dataset\test\B-33\2019_0811_175830_003 0093_0.jpg,B-33,B-18,134.05259704589844
1930,C:\Users\Dell\Desktop\Kacper Błachowiak - praca magisterska - klasyfikacja znaków drogowych\KB_Praca_Magisterska\data\raw\polish_traffic_signs_dataset\test\B-33\2019_0811_175830_003 0094_0.jpg,B-33,B-18,119.31582641601562
1931,C:\Users\Dell\Desktop\Kacper Błachowiak - praca magisterska - klasyfikacja znaków drogowych\KB_Praca_Magisterska\data\raw\polish_traffic_signs_dataset\test\B-33\2019_0811_175830_003 0121_0.jpg,B-33,B-8,159.52467346191406
1932,C:\Users\Dell\Desktop\Kacper Błachowiak - praca magisterska - klasyfikacja znaków drogowych\KB_Praca_Magisterska\data\raw\polish_traffic_signs_dataset\test\B-33\2019_0811_175830_003 0781_0.jpg,B-33,B-18,203.47320556640625
1933,C:\Users\Dell\Desktop\Kacper Błachowiak - praca magisterska - klasyfikacja znaków drogowych\KB_Praca_Magisterska\data\raw\polish_traffic_signs_dataset\test\B-33\2019_0811_175830_003 0782_0.jpg,B-33,B-18,196.5606231689453
1934,C:\Users\Dell\Desktop\Kacper Błachowiak - praca magisterska - klasyfikacja znaków drogowych\KB_Praca_Magisterska\data\raw\polish_traffic_signs_dataset\test\B-33\2019_0811_175830_003 0914_0.jpg,B-33,B-34,200.62130737304688
1935,C:\Users\Dell\Desktop\Kacper Błachowiak - praca magisterska - klasyfikacja znaków drogowych\KB_Praca_Magisterska\data\raw\polish_traffic_signs_dataset\test\B-33\2019_0811_175830_003 0939_0.jpg,B-33,B-34,166.77296447753906
1936,C:\Users\Dell\Desktop\Kacper Błachowiak - praca magisterska - klasyfikacja znaków drogowych\KB_Praca_Magisterska\data\raw\polish_traffic_signs_dataset\test\B-33\2019_0811_183255_004 0336_0.jpg,B-33,B-34,84.46651458740234
1946,C:\Users\Dell\Desktop\Kacper Błachowiak - praca magisterska - klasyfikacja znaków drogowych\KB_Praca_Magisterska\data\raw\polish_traffic_signs_dataset\test\B-33\2019_0811_183255_004 0909_0.jpg,B-33,B-34,50.994964599609375
1948,C:\Users\Dell\Desktop\Kacper Błachowiak - praca magisterska - klasyfikacja znaków drogowych\KB_Praca_Magisterska\data\raw\polish_traffic_signs_dataset\test\B-33\2019_0811_183255_004 0921_0.jpg,B-33,B-34,39.56587600708008
1949,C:\Users\Dell\Desktop\Kacper Błachowiak - praca magisterska - klasyfikacja znaków drogowych\KB_Praca_Magisterska\data\raw\polish_traffic_signs_dataset\test\B-33\2019_0811_183255_004 0948_0.jpg,B-33,B-34,76.20426177978516
1950,C:\Users\Dell\Desktop\Kacper Błachowiak - praca magisterska - klasyfikacja znaków drogowych\KB_Praca_Magisterska\data\raw\polish_traffic_signs_dataset\test\B-33\2019_0811_183255_004 0965_0.jpg,B-33,B-43,19.60033226013184
1952,C:\Users\Dell\Desktop\Kacper Błachowiak - praca magisterska - klasyfikacja znaków drogowych\KB_Praca_Magisterska\data\raw\polish_traffic_signs_dataset\test\B-33\2019_0811_183255_004 0976_0.jpg,B-33,B-34,108.00528717041016
1953,C:\Users\Dell\Desktop\Kacper Błachowiak - praca magisterska - klasyfikacja znaków drogowych\KB_Praca_Magisterska\data\raw\polish_traffic_signs_dataset\test\B-33\2019_0811_183255_004 1030_0.jpg,B-33,B-34,92.87689971923828
1956,C:\Users\Dell\Desktop\Kacper Błachowiak - praca magisterska - klasyfikacja znaków drogowych\KB_Praca_Magisterska\data\raw\polish_traffic_signs_dataset\test\B-33\2019_0811_183255_004 1086_0.jpg,B-33,B-34,100.17146301269533
1957,C:\Users\Dell\Desktop\Kacper Błachowiak - praca magisterska - klasyfikacja znaków drogowych\KB_Praca_Magisterska\data\raw\polish_traffic_signs_dataset\test\B-33\2019_0811_183255_004 1142_0.jpg,B-33,D-24,115.27564239501952
1958,C:\Users\Dell\Desktop\Kacper Błachowiak - praca magisterska - klasyfikacja znaków drogowych\KB_Praca_Magisterska\data\raw\polish_traffic_signs_dataset\test\B-33\2019_0811_183255_004 1143_0.jpg,B-33,G-3,49.56618118286133
1959,C:\Users\Dell\Desktop\Kacper Błachowiak - praca magisterska - klasyfikacja znaków drogowych\KB_Praca_Magisterska\data\raw\polish_traffic_signs_dataset\test\B-33\2019_0811_183255_004 1346_0.jpg,B-33,B-34,66.5093765258789
1960,C:\Users\Dell\Desktop\Kacper Błachowiak - praca magisterska - klasyfikacja znaków drogowych\KB_Praca_Magisterska\data\raw\polish_traffic_signs_dataset\test\B-33\2019_0811_183255_004 1434_0.jpg,B-33,D-28,132.72171020507812
1961,C:\Users\Dell\Desktop\Kacper Błachowiak - praca magisterska - klasyfikacja znaków drogowych\KB_Praca_Magisterska\data\raw\polish_traffic_signs_dataset\test\B-33\2019_0811_183255_004 1435_0.jpg,B-33,B-34,100.6023406982422
1962,C:\Users\Dell\Desktop\Kacper Błachowiak - praca magisterska - klasyfikacja znaków drogowych\KB_Praca_Magisterska\data\raw\polish_traffic_signs_dataset\test\B-33\2019_0811_183255_004 1476_0.jpg,B-33,B-34,24.41146850585937
1963,C:\Users\Dell\Desktop\Kacper Błachowiak - praca magisterska - klasyfikacja znaków drogowych\KB_Praca_Magisterska\data\raw\polish_traffic_signs_dataset\test\B-33\2019_0811_183255_004 1623_0.jpg,B-33,D-2,78.74658966064453
1964,C:\Users\Dell\Desktop\Kacper Błachowiak - praca magisterska - klasyfikacja znaków drogowych\KB_Praca_Magisterska\data\raw\polish_traffic_signs_dataset\test\B-33\2019_0811_183255_004 1683_0.jpg,B-33,D-2,74.45651245117188
1966,C:\Users\Dell\Desktop\Kacper Błachowiak - praca magisterska - klasyfikacja znaków drogowych\KB_Praca_Magisterska\data\raw\polish_traffic_signs_dataset\test\B-33\2019_0811_190715_005 045_0.jpg,B-33,B-34,112.37931823730467
1968,C:\Users\Dell\Desktop\Kacper Błachowiak - praca magisterska - klasyfikacja znaków drogowych\KB_Praca_Magisterska\data\raw\polish_traffic_signs_dataset\test\B-33\2019_0811_190715_005 192_0.jpg,B-33,B-34,60.0845832824707
1969,C:\Users\Dell\Desktop\Kacper Błachowiak - praca magisterska - klasyfikacja znaków drogowych\KB_Praca_Magisterska\data\raw\polish_traffic_signs_dataset\test\B-33\2019_0811_190715_005 286_0.jpg,B-33,B-34,64.9482650756836
1970,C:\Users\Dell\Desktop\Kacper Błachowiak - praca magisterska - klasyfikacja znaków drogowych\KB_Praca_Magisterska\data\raw\polish_traffic_signs_dataset\test\B-33\2019_0811_190715_005 286_1.jpg,B-33,D-1,125.22364044189452
1971,C:\Users\Dell\Desktop\Kacper Błachowiak - praca magisterska - klasyfikacja znaków drogowych\KB_Praca_Magisterska\data\raw\polish_traffic_signs_dataset\test\B-33\2019_0811_190715_005 325_0.jpg,B-33,B-34,105.0912628173828
1972,C:\Users\Dell\Desktop\Kacper Błachowiak - praca magisterska - klasyfikacja znaków drogowych\KB_Praca_Magisterska\data\raw\polish_traffic_signs_dataset\test\B-33\2019_0811_190715_005 326_0.jpg,B-33,A-8,44.33425521850586
1973,C:\Users\Dell\Desktop\Kacper Błachowiak - praca magisterska - klasyfikacja znaków drogowych\KB_Praca_Magisterska\data\raw\polish_traffic_signs_dataset\test\B-33\2019_0811_190715_005 334_0.jpg,B-33,B-21,119.7341537475586
1977,C:\Users\Dell\Desktop\Kacper Błachowiak - praca magisterska - klasyfikacja znaków drogowych\KB_Praca_Magisterska\data\raw\polish_traffic_signs_dataset\test\B-33\2019_0811_190715_005 451_0.jpg,B-33,D-28,102.91735076904295
1978,C:\Users\Dell\Desktop\Kacper Błachowiak - praca magisterska - klasyfikacja znaków drogowych\KB_Praca_Magisterska\data\raw\polish_traffic_signs_dataset\test\B-33\2019_0811_190715_005 452_0.jpg,B-33,C-12,48.59389114379883
1979,C:\Users\Dell\Desktop\Kacper Błachowiak - praca magisterska - klasyfikacja znaków drogowych\KB_Praca_Magisterska\data\raw\polish_traffic_signs_dataset\test\B-33\2019_0811_190715_005 457_0.jpg,B-33,D-28,77.52137756347656
1980,C:\Users\Dell\Desktop\Kacper Błachowiak - praca magisterska - klasyfikacja znaków drogowych\KB_Praca_Magisterska\data\raw\polish_traffic_signs_dataset\test\B-33\2019_0811_190715_005 457_1.jpg,B-33,D-28,107.17074584960938
1981,C:\Users\Dell\Desktop\Kacper Błachowiak - praca magisterska - klasyfikacja znaków drogowych\KB_Praca_Magisterska\data\raw\polish_traffic_signs_dataset\test\B-33\2019_0811_190715_005 493_0.jpg,B-33,D-28,93.93201446533205
1982,C:\Users\Dell\Desktop\Kacper Błachowiak - praca magisterska - klasyfikacja znaków drogowych\KB_Praca_Magisterska\data\raw\polish_traffic_signs_dataset\test\B-33\2019_0811_190715_005 493_1.jpg,B-33,D-28,108.40772247314452
1983,C:\Users\Dell\Desktop\Kacper Błachowiak - praca magisterska - klasyfikacja znaków drogowych\KB_Praca_Magisterska\data\raw\polish_traffic_signs_dataset\test\B-33\2019_0811_190715_005 494_0.jpg,B-33,B-44,93.2605209350586
1984,C:\Users\Dell\Desktop\Kacper Błachowiak - praca magisterska - klasyfikacja znaków drogowych\KB_Praca_Magisterska\data\raw\polish_traffic_signs_dataset\test\B-33\2019_0811_190715_005 511_0.jpg,B-33,B-34,85.65867614746094
1986,C:\Users\Dell\Desktop\Kacper Błachowiak - praca magisterska - klasyfikacja znaków drogowych\KB_Praca_Magisterska\data\raw\polish_traffic_signs_dataset\test\B-33\2019_0811_190715_005 542_0.jpg,B-33,B-34,14.189087867736816
1987,C:\Users\Dell\Desktop\Kacper Błachowiak - praca magisterska - klasyfikacja znaków drogowych\KB_Praca_Magisterska\data\raw\polish_traffic_signs_dataset\test\B-33\2019_0811_190715_005 542_1.jpg,B-33,B-34,130.47476196289062
1989,C:\Users\Dell\Desktop\Kacper Błachowiak - praca magisterska - klasyfikacja znaków drogowych\KB_Praca_Magisterska\data\raw\polish_traffic_signs_dataset\test\B-33\2019_0811_190715_005 551_1.jpg,B-33,B-34,132.74864196777344
1990,C:\Users\Dell\Desktop\Kacper Błachowiak - praca magisterska - klasyfikacja znaków drogowych\KB_Praca_Magisterska\data\raw\polish_traffic_signs_dataset\test\B-33\2019_0811_190715_005 555_0.jpg,B-33,D-28,81.75007629394531
1991,C:\Users\Dell\Desktop\Kacper Błachowiak - praca magisterska - klasyfikacja znaków drogowych\KB_Praca_Magisterska\data\raw\polish_traffic_signs_dataset\test\B-33\2019_0811_190715_005 555_1.jpg,B-33,B-34,116.89691925048828
1992,C:\Users\Dell\Desktop\Kacper Błachowiak - praca magisterska - klasyfikacja znaków drogowych\KB_Praca_Magisterska\data\raw\polish_traffic_signs_dataset\test\B-33\2019_0811_190715_005 574_0.jpg,B-33,D-2,119.43663024902344
1997,C:\Users\Dell\Desktop\Kacper Błachowiak - praca magisterska - klasyfikacja znaków drogowych\KB_Praca_Magisterska\data\raw\polish_traffic_signs_dataset\test\B-34\2019_0809_155001_003 1400_0.jpg,B-34,B-42,204.728515625
2003,C:\Users\Dell\Desktop\Kacper Błachowiak - praca magisterska - klasyfikacja znaków drogowych\KB_Praca_Magisterska\data\raw\polish_traffic_signs_dataset\test\B-34\2019_0811_183255_004 1646_0.jpg,B-34,D-2,62.277976989746094
2038,C:\Users\Dell\Desktop\Kacper Błachowiak - praca magisterska - klasyfikacja znaków drogowych\KB_Praca_Magisterska\data\raw\polish_traffic_signs_dataset\test\B-36\2019_0721_171043_003 0512_0.jpg,B-36,C-12,41.98038101196289
2040,C:\Users\Dell\Desktop\Kacper Błachowiak - praca magisterska - klasyfikacja znaków drogowych\KB_Praca_Magisterska\data\raw\polish_traffic_signs_dataset\test\B-36\2019_0721_171043_003 0513_0.jpg,B-36,C-12,36.40693664550781
2095,C:\Users\Dell\Desktop\Kacper Błachowiak - praca magisterska - klasyfikacja znaków drogowych\KB_Praca_Magisterska\data\raw\polish_traffic_signs_dataset\test\B-36\2019_0811_175830_003 0494_1.jpg,B-36,C-4,35.9158821105957
2106,C:\Users\Dell\Desktop\Kacper Błachowiak - praca magisterska - klasyfikacja znaków drogowych\KB_Praca_Magisterska\data\raw\polish_traffic_signs_dataset\test\B-36\2019_0811_183255_004 0586_0.jpg,B-36,C-13a,128.7202911376953
2110,C:\Users\Dell\Desktop\Kacper Błachowiak - praca magisterska - klasyfikacja znaków drogowych\KB_Praca_Magisterska\data\raw\polish_traffic_signs_dataset\test\B-36\2019_0814_154857_003 0114_0.jpg,B-36,C-4,105.22196197509766
2138,C:\Users\Dell\Desktop\Kacper Błachowiak - praca magisterska - klasyfikacja znaków drogowych\KB_Praca_Magisterska\data\raw\polish_traffic_signs_dataset\test\B-36\2019_0814_162326_004 1619_0.jpg,B-36,D-2,138.52505493164062
2139,C:\Users\Dell\Desktop\Kacper Błachowiak - praca magisterska - klasyfikacja znaków drogowych\KB_Praca_Magisterska\data\raw\polish_traffic_signs_dataset\test\B-36\2019_0814_162326_004 1620_0.jpg,B-36,C-12,154.36363220214844
2140,C:\Users\Dell\Desktop\Kacper Błachowiak - praca magisterska - klasyfikacja znaków drogowych\KB_Praca_Magisterska\data\raw\polish_traffic_signs_dataset\test\B-36\2019_0814_162326_004 1621_0.jpg,B-36,D-2,164.59323120117188
2141,C:\Users\Dell\Desktop\Kacper Błachowiak - praca magisterska - klasyfikacja znaków drogowych\KB_Praca_Magisterska\data\raw\polish_traffic_signs_dataset\test\B-36\2019_0814_162326_004 1622_0.jpg,B-36,D-2,154.8801727294922
2166,C:\Users\Dell\Desktop\Kacper Błachowiak - praca magisterska - klasyfikacja znaków drogowych\KB_Praca_Magisterska\data\raw\polish_traffic_signs_dataset\test\B-42\2019_0809_162432_004 1359_0.jpg,B-42,B-34,94.7521514892578
2176,C:\Users\Dell\Desktop\Kacper Błachowiak - praca magisterska - klasyfikacja znaków drogowych\KB_Praca_Magisterska\data\raw\polish_traffic_signs_dataset\test\B-43\2019_0726_185626_003 042_0.jpg,B-43,A-2,107.91712951660156
2177,C:\Users\Dell\Desktop\Kacper Błachowiak - praca magisterska - klasyfikacja znaków drogowych\KB_Praca_Magisterska\data\raw\polish_traffic_signs_dataset\test\B-43\2019_0726_185626_003 043_0.jpg,B-43,D-26c,144.46510314941406
2202,C:\Users\Dell\Desktop\Kacper Błachowiak - praca magisterska - klasyfikacja znaków drogowych\KB_Praca_Magisterska\data\raw\polish_traffic_signs_dataset\test\B-43\2019_1223_114427_004 1296_0.jpg,B-43,B-34,159.015625
2228,C:\Users\Dell\Desktop\Kacper Błachowiak - praca magisterska - klasyfikacja znaków drogowych\KB_Praca_Magisterska\data\raw\polish_traffic_signs_dataset\test\B-5\2019_0721_181936_005 784_0.jpg,B-5,D-28,92.31089782714844
2229,C:\Users\Dell\Desktop\Kacper Błachowiak - praca magisterska - klasyfikacja znaków drogowych\KB_Praca_Magisterska\data\raw\polish_traffic_signs_dataset\test\B-5\2019_0809_162432_004 1285_0.jpg,B-5,D-28,130.1096954345703
2230,C:\Users\Dell\Desktop\Kacper Błachowiak - praca magisterska - klasyfikacja znaków drogowych\KB_Praca_Magisterska\data\raw\polish_traffic_signs_dataset\test\B-5\2019_0809_162432_004 1286_0.jpg,B-5,B-21,117.2201919555664
2237,C:\Users\Dell\Desktop\Kacper Błachowiak - praca magisterska - klasyfikacja znaków drogowych\KB_Praca_Magisterska\data\raw\polish_traffic_signs_dataset\test\B-5\2019_0815_090538_005 1499_0.jpg,B-5,A-18b,30.179920196533203
2238,C:\Users\Dell\Desktop\Kacper Błachowiak - praca magisterska - klasyfikacja znaków drogowych\KB_Praca_Magisterska\data\raw\polish_traffic_signs_dataset\test\B-5\2019_0815_090538_005 1500_0.jpg,B-5,B-8,65.2734603881836
2240,C:\Users\Dell\Desktop\Kacper Błachowiak - praca magisterska - klasyfikacja znaków drogowych\KB_Praca_Magisterska\data\raw\polish_traffic_signs_dataset\test\B-5\2019_0920_164444_043 0703_0.jpg,B-5,B-25,81.17625427246094
2243,C:\Users\Dell\Desktop\Kacper Błachowiak - praca magisterska - klasyfikacja znaków drogowych\KB_Praca_Magisterska\data\raw\polish_traffic_signs_dataset\test\B-5\2019_0922_161159_043 460_0.jpg,B-5,B-8,92.44214630126952
2244,C:\Users\Dell\Desktop\Kacper Błachowiak - praca magisterska - klasyfikacja znaków drogowych\KB_Praca_Magisterska\data\raw\polish_traffic_signs_dataset\test\B-5\2019_0927_161359_043 1821_0.jpg,B-5,B-34,109.53028869628906
2245,C:\Users\Dell\Desktop\Kacper Błachowiak - praca magisterska - klasyfikacja znaków drogowych\KB_Praca_Magisterska\data\raw\polish_traffic_signs_dataset\test\B-5\2019_0927_161359_043 1822_0.jpg,B-5,B-34,88.88740539550781
2258,C:\Users\Dell\Desktop\Kacper Błachowiak - praca magisterska - klasyfikacja znaków drogowych\KB_Praca_Magisterska\data\raw\polish_traffic_signs_dataset\test\B-8\2019_0714_142630_003 153_0.jpg,B-8,D-28,111.19784545898438
2272,C:\Users\Dell\Desktop\Kacper Błachowiak - praca magisterska - klasyfikacja znaków drogowych\KB_Praca_Magisterska\data\raw\polish_traffic_signs_dataset\test\B-9\2019_0811_183255_004 1093_0.jpg,B-9,B-8,56.77132415771485
2273,C:\Users\Dell\Desktop\Kacper Błachowiak - praca magisterska - klasyfikacja znaków drogowych\KB_Praca_Magisterska\data\raw\polish_traffic_signs_dataset\test\B-9\2019_0815_090538_005 1059_0.jpg,B-9,D-1,118.2276611328125
2281,C:\Users\Dell\Desktop\Kacper Błachowiak - praca magisterska - klasyfikacja znaków drogowych\KB_Praca_Magisterska\data\raw\polish_traffic_signs_dataset\test\B-9\2019_0901_165821_014 2011_0.jpg,B-9,B-8,74.21882629394531
2372,C:\Users\Dell\Desktop\Kacper Błachowiak - praca magisterska - klasyfikacja znaków drogowych\KB_Praca_Magisterska\data\raw\polish_traffic_signs_dataset\test\C-10\2019_0721_171043_003 0671_mirrored_0.jpg,C-10,C-2,186.24383544921875
2389,C:\Users\Dell\Desktop\Kacper Błachowiak - praca magisterska - klasyfikacja znaków drogowych\KB_Praca_Magisterska\data\raw\polish_traffic_signs_dataset\test\C-10\2019_0809_155001_003 1218_mirrored_0.jpg,C-10,C-2,69.68180847167969
2472,C:\Users\Dell\Desktop\Kacper Błachowiak - praca magisterska - klasyfikacja znaków drogowych\KB_Praca_Magisterska\data\raw\polish_traffic_signs_dataset\test\C-10\2019_0811_183255_004 0768_mirrored_0.jpg,C-10,C-5,40.44384002685547
2480,C:\Users\Dell\Desktop\Kacper Błachowiak - praca magisterska - klasyfikacja znaków drogowych\KB_Praca_Magisterska\data\raw\polish_traffic_signs_dataset\test\C-10\2019_0811_183255_004 1359_mirrored_0.jpg,C-10,D-1,61.91170883178711
2481,C:\Users\Dell\Desktop\Kacper Błachowiak - praca magisterska - klasyfikacja znaków drogowych\KB_Praca_Magisterska\data\raw\polish_traffic_signs_dataset\test\C-10\2019_0811_183255_004 1455_mirrored_0.jpg,C-10,B-36,105.2595443725586
2482,C:\Users\Dell\Desktop\Kacper Błachowiak - praca magisterska - klasyfikacja znaków drogowych\KB_Praca_Magisterska\data\raw\polish_traffic_signs_dataset\test\C-10\2019_0811_183255_004 1482_mirrored_0.jpg,C-10,D-2,135.43426513671875
2487,C:\Users\Dell\Desktop\Kacper Błachowiak - praca magisterska - klasyfikacja znaków drogowych\KB_Praca_Magisterska\data\raw\polish_traffic_signs_dataset\test\C-10\2019_0811_183255_004 1768_mirrored_0.jpg,C-10,D-2,127.81712341308594
2521,C:\Users\Dell\Desktop\Kacper Błachowiak - praca magisterska - klasyfikacja znaków drogowych\KB_Praca_Magisterska\data\raw\polish_traffic_signs_dataset\test\C-10\2019_0929_154947_042 377_0.jpg,C-10,C-12,96.74024200439452
2527,C:\Users\Dell\Desktop\Kacper Błachowiak - praca magisterska - klasyfikacja znaków drogowych\KB_Praca_Magisterska\data\raw\polish_traffic_signs_dataset\test\C-10\2019_1223_110958_003 1848_0.jpg,C-10,D-2,184.6269378662109
2547,C:\Users\Dell\Desktop\Kacper Błachowiak - praca magisterska - klasyfikacja znaków drogowych\KB_Praca_Magisterska\data\raw\polish_traffic_signs_dataset\test\C-12\2019_0719_150032_004 1564_0.jpg,C-12,C-5,128.46051025390625
2562,C:\Users\Dell\Desktop\Kacper Błachowiak - praca magisterska - klasyfikacja znaków drogowych\KB_Praca_Magisterska\data\raw\polish_traffic_signs_dataset\test\C-12\2019_0721_181936_005 703_0.jpg,C-12,D-1,70.68695831298828
2563,C:\Users\Dell\Desktop\Kacper Błachowiak - praca magisterska - klasyfikacja znaków drogowych\KB_Praca_Magisterska\data\raw\polish_traffic_signs_dataset\test\C-12\2019_0726_185626_003 103_0.jpg,C-12,C-4,190.33506774902344
2570,C:\Users\Dell\Desktop\Kacper Błachowiak - praca magisterska - klasyfikacja znaków drogowych\KB_Praca_Magisterska\data\raw\polish_traffic_signs_dataset\test\C-12\2019_0809_155001_003 0856_0.jpg,C-12,C-4,51.999359130859375
2572,C:\Users\Dell\Desktop\Kacper Błachowiak - praca magisterska - klasyfikacja znaków drogowych\KB_Praca_Magisterska\data\raw\polish_traffic_signs_dataset\test\C-12\2019_0809_162432_004 1282_0.jpg,C-12,C-6,164.55433654785156
2608,C:\Users\Dell\Desktop\Kacper Błachowiak - praca magisterska - klasyfikacja znaków drogowych\KB_Praca_Magisterska\data\raw\polish_traffic_signs_dataset\test\C-12\2019_0814_162326_004 1636_1.jpg,C-12,C-4,97.55182647705078
2628,C:\Users\Dell\Desktop\Kacper Błachowiak - praca magisterska - klasyfikacja znaków drogowych\KB_Praca_Magisterska\data\raw\polish_traffic_signs_dataset\test\C-12\2019_0815_090538_005 1631_0.jpg,C-12,C-9,129.8195343017578
2629,C:\Users\Dell\Desktop\Kacper Błachowiak - praca magisterska - klasyfikacja znaków drogowych\KB_Praca_Magisterska\data\raw\polish_traffic_signs_dataset\test\C-12\2019_0815_094007_006 086_0.jpg,C-12,C-6,80.0859603881836
2663,C:\Users\Dell\Desktop\Kacper Błachowiak - praca magisterska - klasyfikacja znaków drogowych\KB_Praca_Magisterska\data\raw\polish_traffic_signs_dataset\test\C-13\2019_0726_185626_003 042_0.jpg,C-13,C-10,86.00312805175781
2666,C:\Users\Dell\Desktop\Kacper Błachowiak - praca magisterska - klasyfikacja znaków drogowych\KB_Praca_Magisterska\data\raw\polish_traffic_signs_dataset\test\C-13-C-16\2019_0719_150032_004 0527_0.jpg,C-13-C-16,C-13,55.42591094970703
2667,C:\Users\Dell\Desktop\Kacper Błachowiak - praca magisterska - klasyfikacja znaków drogowych\KB_Praca_Magisterska\data\raw\polish_traffic_signs_dataset\test\C-13-C-16\2019_0721_171043_003 0554_0.jpg,C-13-C-16,D-23a,45.61772155761719
2670,C:\Users\Dell\Desktop\Kacper Błachowiak - praca magisterska - klasyfikacja znaków drogowych\KB_Praca_Magisterska\data\raw\polish_traffic_signs_dataset\test\C-13-C-16\2019_0721_171043_003 0671_1.jpg,C-13-C-16,C-13,87.23731231689453
2673,C:\Users\Dell\Desktop\Kacper Błachowiak - praca magisterska - klasyfikacja znaków drogowych\KB_Praca_Magisterska\data\raw\polish_traffic_signs_dataset\test\C-13-C-16\2019_0726_185626_003 080_0.jpg,C-13-C-16,C-6,148.92694091796875
2674,C:\Users\Dell\Desktop\Kacper Błachowiak - praca magisterska - klasyfikacja znaków drogowych\KB_Praca_Magisterska\data\raw\polish_traffic_signs_dataset\test\C-13-C-16\2019_0809_155001_003 0209_0.jpg,C-13-C-16,C-13,86.74762725830078
2678,C:\Users\Dell\Desktop\Kacper Błachowiak - praca magisterska - klasyfikacja znaków drogowych\KB_Praca_Magisterska\data\raw\polish_traffic_signs_dataset\test\C-13-C-16\2019_0811_175830_003 0641_0.jpg,C-13-C-16,D-6,163.7735595703125
2681,C:\Users\Dell\Desktop\Kacper Błachowiak - praca magisterska - klasyfikacja znaków drogowych\KB_Praca_Magisterska\data\raw\polish_traffic_signs_dataset\test\C-13-C-16\2020_0413_162855_009 0226_0.jpg,C-13-C-16,C-9,64.91886138916016
2682,C:\Users\Dell\Desktop\Kacper Błachowiak - praca magisterska - klasyfikacja znaków drogowych\KB_Praca_Magisterska\data\raw\polish_traffic_signs_dataset\test\C-13-C-16\2020_0413_162855_009 0272_0.jpg,C-13-C-16,C-13,86.08003997802734
2683,C:\Users\Dell\Desktop\Kacper Błachowiak - praca magisterska - klasyfikacja znaków drogowych\KB_Praca_Magisterska\data\raw\polish_traffic_signs_dataset\test\C-13-C-16\2020_0413_162855_009 0273_0.jpg,C-13-C-16,C-13,70.48191833496094
2691,C:\Users\Dell\Desktop\Kacper Błachowiak - praca magisterska - klasyfikacja znaków drogowych\KB_Praca_Magisterska\data\raw\polish_traffic_signs_dataset\test\C-13a-C-16a\2019_0721_171043_003 0801_0.jpg,C-13a-C-16a,C-13a,114.55455017089844
2692,C:\Users\Dell\Desktop\Kacper Błachowiak - praca magisterska - klasyfikacja znaków drogowych\KB_Praca_Magisterska\data\raw\polish_traffic_signs_dataset\test\C-13a-C-16a\2019_0726_185626_003 152_0.jpg,C-13a-C-16a,C-13a,60.04944610595703
2693,C:\Users\Dell\Desktop\Kacper Błachowiak - praca magisterska - klasyfikacja znaków drogowych\KB_Praca_Magisterska\data\raw\polish_traffic_signs_dataset\test\C-13a-C-16a\2019_0815_090538_005 0867_0.jpg,C-13a-C-16a,C-10,103.49214935302734
2694,C:\Users\Dell\Desktop\Kacper Błachowiak - praca magisterska - klasyfikacja znaków drogowych\KB_Praca_Magisterska\data\raw\polish_traffic_signs_dataset\test\C-13a-C-16a\2019_0815_090538_005 1169_0.jpg,C-13a-C-16a,C-13,55.81013870239258
2695,C:\Users\Dell\Desktop\Kacper Błachowiak - praca magisterska - klasyfikacja znaków drogowych\KB_Praca_Magisterska\data\raw\polish_traffic_signs_dataset\test\C-13a-C-16a\2019_0815_090538_005 1198_0.jpg,C-13a-C-16a,C-13,26.608074188232425
2699,C:\Users\Dell\Desktop\Kacper Błachowiak - praca magisterska - klasyfikacja znaków drogowych\KB_Praca_Magisterska\data\raw\polish_traffic_signs_dataset\test\C-16\2019_0721_171043_003 0569_0.jpg,C-16,C-5,112.21183776855467
2701,C:\Users\Dell\Desktop\Kacper Błachowiak - praca magisterska - klasyfikacja znaków drogowych\KB_Praca_Magisterska\data\raw\polish_traffic_signs_dataset\test\C-16\2019_0811_175830_003 0546_0.jpg,C-16,C-5,140.36705017089844
2702,C:\Users\Dell\Desktop\Kacper Błachowiak - praca magisterska - klasyfikacja znaków drogowych\KB_Praca_Magisterska\data\raw\polish_traffic_signs_dataset\test\C-16\2019_0811_175830_003 0547_0.jpg,C-16,C-5,152.63998413085938
2703,C:\Users\Dell\Desktop\Kacper Błachowiak - praca magisterska - klasyfikacja znaków drogowych\KB_Praca_Magisterska\data\raw\polish_traffic_signs_dataset\test\C-16\2019_0814_154857_003 0265_0.jpg,C-16,C-4,47.191707611083984
2704,C:\Users\Dell\Desktop\Kacper Błachowiak - praca magisterska - klasyfikacja znaków drogowych\KB_Praca_Magisterska\data\raw\polish_traffic_signs_dataset\test\C-16\2019_0815_090538_005 0634_0.jpg,C-16,C-10,99.47864532470705
2706,C:\Users\Dell\Desktop\Kacper Błachowiak - praca magisterska - klasyfikacja znaków drogowych\KB_Praca_Magisterska\data\raw\polish_traffic_signs_dataset\test\C-16\2019_0815_090538_005 0649_0.jpg,C-16,C-10,106.05974578857422
2707,C:\Users\Dell\Desktop\Kacper Błachowiak - praca magisterska - klasyfikacja znaków drogowych\KB_Praca_Magisterska\data\raw\polish_traffic_signs_dataset\test\C-16\2019_0815_090538_005 0665_0.jpg,C-16,C-10,119.90048217773438
2708,C:\Users\Dell\Desktop\Kacper Błachowiak - praca magisterska - klasyfikacja znaków drogowych\KB_Praca_Magisterska\data\raw\polish_traffic_signs_dataset\test\C-16\2019_0815_090538_005 0666_0.jpg,C-16,C-5,101.26795959472656
2709,C:\Users\Dell\Desktop\Kacper Błachowiak - praca magisterska - klasyfikacja znaków drogowych\KB_Praca_Magisterska\data\raw\polish_traffic_signs_dataset\test\C-16\2019_0815_090538_005 0682_0.jpg,C-16,C-13,71.84959411621094
2710,C:\Users\Dell\Desktop\Kacper Błachowiak - praca magisterska - klasyfikacja znaków drogowych\KB_Praca_Magisterska\data\raw\polish_traffic_signs_dataset\test\C-16\2019_0815_090538_005 0683_0.jpg,C-16,C-9,71.86491394042969
2711,C:\Users\Dell\Desktop\Kacper Błachowiak - praca magisterska - klasyfikacja znaków drogowych\KB_Praca_Magisterska\data\raw\polish_traffic_signs_dataset\test\C-2\2019_0721_181936_005 233_0.jpg,C-2,B-8,26.43425178527832
2714,C:\Users\Dell\Desktop\Kacper Błachowiak - praca magisterska - klasyfikacja znaków drogowych\KB_Praca_Magisterska\data\raw\polish_traffic_signs_dataset\test\C-2\2019_0809_155001_003 0125_0.jpg,C-2,C-10,50.45063781738281
2716,C:\Users\Dell\Desktop\Kacper Błachowiak - praca magisterska - klasyfikacja znaków drogowych\KB_Praca_Magisterska\data\raw\polish_traffic_signs_dataset\test\C-2\2019_0811_190715_005 250_0.jpg,C-2,C-4,28.022201538085938
2717,C:\Users\Dell\Desktop\Kacper Błachowiak - praca magisterska - klasyfikacja znaków drogowych\KB_Praca_Magisterska\data\raw\polish_traffic_signs_dataset\test\C-2\2019_0811_190715_005 251_0.jpg,C-2,C-4,20.21493911743164
2718,C:\Users\Dell\Desktop\Kacper Błachowiak - praca magisterska - klasyfikacja znaków drogowych\KB_Praca_Magisterska\data\raw\polish_traffic_signs_dataset\test\C-2\2019_0814_154857_003 0234_0.jpg,C-2,C-6,102.5693588256836
2719,C:\Users\Dell\Desktop\Kacper Błachowiak - praca magisterska - klasyfikacja znaków drogowych\KB_Praca_Magisterska\data\raw\polish_traffic_signs_dataset\test\C-2\2019_0920_161014_042 0088_0.jpg,C-2,C-6,123.07138061523438
2721,C:\Users\Dell\Desktop\Kacper Błachowiak - praca magisterska - klasyfikacja znaków drogowych\KB_Praca_Magisterska\data\raw\polish_traffic_signs_dataset\test\C-4\2019_0721_181936_005 233_mirrored_0.jpg,C-4,D-1,12.976486206054688
2736,C:\Users\Dell\Desktop\Kacper Błachowiak - praca magisterska - klasyfikacja znaków drogowych\KB_Praca_Magisterska\data\raw\polish_traffic_signs_dataset\test\C-5\2019_0721_181936_005 232_0.jpg,C-5,C-10,66.6309585571289
2737,C:\Users\Dell\Desktop\Kacper Błachowiak - praca magisterska - klasyfikacja znaków drogowych\KB_Praca_Magisterska\data\raw\polish_traffic_signs_dataset\test\C-5\2019_0721_181936_005 394_0.jpg,C-5,C-10,82.61758422851562
2738,C:\Users\Dell\Desktop\Kacper Błachowiak - praca magisterska - klasyfikacja znaków drogowych\KB_Praca_Magisterska\data\raw\polish_traffic_signs_dataset\test\C-5\2019_0721_181936_005 616_0.jpg,C-5,D-1,64.54711151123047
2739,C:\Users\Dell\Desktop\Kacper Błachowiak - praca magisterska - klasyfikacja znaków drogowych\KB_Praca_Magisterska\data\raw\polish_traffic_signs_dataset\test\C-5\2019_0721_181936_005 623_0.jpg,C-5,B-42,112.39187622070312
2740,C:\Users\Dell\Desktop\Kacper Błachowiak - praca magisterska - klasyfikacja znaków drogowych\KB_Praca_Magisterska\data\raw\polish_traffic_signs_dataset\test\C-5\2019_0809_155001_003 0267_0.jpg,C-5,C-10,123.40349578857422
2748,C:\Users\Dell\Desktop\Kacper Błachowiak - praca magisterska - klasyfikacja znaków drogowych\KB_Praca_Magisterska\data\raw\polish_traffic_signs_dataset\test\C-5\2019_0811_190715_005 249_0.jpg,C-5,C-4,29.266233444213867
2760,C:\Users\Dell\Desktop\Kacper Błachowiak - praca magisterska - klasyfikacja znaków drogowych\KB_Praca_Magisterska\data\raw\polish_traffic_signs_dataset\test\C-5\2019_0815_090538_005 1002_0.jpg,C-5,D-3,53.96148681640625
2767,C:\Users\Dell\Desktop\Kacper Błachowiak - praca magisterska - klasyfikacja znaków drogowych\KB_Praca_Magisterska\data\raw\polish_traffic_signs_dataset\test\C-6\2019_0814_162326_004 1866_mirrored_0.jpg,C-6,C-10,52.21335983276367
2772,C:\Users\Dell\Desktop\Kacper Błachowiak - praca magisterska - klasyfikacja znaków drogowych\KB_Praca_Magisterska\data\raw\polish_traffic_signs_dataset\test\C-7\2019_0814_162326_004 1862_0.jpg,C-7,C-6,122.69204711914062
2778,C:\Users\Dell\Desktop\Kacper Błachowiak - praca magisterska - klasyfikacja znaków drogowych\KB_Praca_Magisterska\data\raw\polish_traffic_signs_dataset\test\C-7\2019_1223_110958_003 0067_0.jpg,C-7,C-12,135.8896026611328
2780,C:\Users\Dell\Desktop\Kacper Błachowiak - praca magisterska - klasyfikacja znaków drogowych\KB_Praca_Magisterska\data\raw\polish_traffic_signs_dataset\test\C-9\2019_0714_142630_003 093_0.jpg,C-9,C-12,101.03338623046876
2797,C:\Users\Dell\Desktop\Kacper Błachowiak - praca magisterska - klasyfikacja znaków drogowych\KB_Praca_Magisterska\data\raw\polish_traffic_signs_dataset\test\C-9\2019_0719_142601_003 1324_0.jpg,C-9,C-5,164.4926300048828
2809,C:\Users\Dell\Desktop\Kacper Błachowiak - praca magisterska - klasyfikacja znaków drogowych\KB_Praca_Magisterska\data\raw\polish_traffic_signs_dataset\test\C-9\2019_0719_142601_003 1531_0.jpg,C-9,C-4,89.0560531616211
2812,C:\Users\Dell\Desktop\Kacper Błachowiak - praca magisterska - klasyfikacja znaków drogowych\KB_Praca_Magisterska\data\raw\polish_traffic_signs_dataset\test\C-9\2019_0719_142601_003 1612_0.jpg,C-9,C-4,87.46342468261719
2814,C:\Users\Dell\Desktop\Kacper Błachowiak - praca magisterska - klasyfikacja znaków drogowych\KB_Praca_Magisterska\data\raw\polish_traffic_signs_dataset\test\C-9\2019_0719_142601_003 1614_0.jpg,C-9,C-10,112.3853759765625
2822,C:\Users\Dell\Desktop\Kacper Błachowiak - praca magisterska - klasyfikacja znaków drogowych\KB_Praca_Magisterska\data\raw\polish_traffic_signs_dataset\test\C-9\2019_0719_142601_003 1799_0.jpg,C-9,C-4,91.64522552490234
2829,C:\Users\Dell\Desktop\Kacper Błachowiak - praca magisterska - klasyfikacja znaków drogowych\KB_Praca_Magisterska\data\raw\polish_traffic_signs_dataset\test\C-9\2019_0719_142601_003 1862_0.jpg,C-9,C-4,109.11859130859376
2834,C:\Users\Dell\Desktop\Kacper Błachowiak - praca magisterska - klasyfikacja znaków drogowych\KB_Praca_Magisterska\data\raw\polish_traffic_signs_dataset\test\C-9\2019_0719_142601_003 2047_0.jpg,C-9,C-4,73.05467987060547
2841,C:\Users\Dell\Desktop\Kacper Błachowiak - praca magisterska - klasyfikacja znaków drogowych\KB_Praca_Magisterska\data\raw\polish_traffic_signs_dataset\test\C-9\2019_0719_150032_004 0498_0.jpg,C-9,C-4,92.51446533203124
2847,C:\Users\Dell\Desktop\Kacper Błachowiak - praca magisterska - klasyfikacja znaków drogowych\KB_Praca_Magisterska\data\raw\polish_traffic_signs_dataset\test\C-9\2019_0719_150032_004 0652_0.jpg,C-9,C-5,103.82852172851562
2855,C:\Users\Dell\Desktop\Kacper Błachowiak - praca magisterska - klasyfikacja znaków drogowych\KB_Praca_Magisterska\data\raw\polish_traffic_signs_dataset\test\C-9\2019_0721_171043_003 0507_0.jpg,C-9,C-4,82.5807876586914
2857,C:\Users\Dell\Desktop\Kacper Błachowiak - praca magisterska - klasyfikacja znaków drogowych\KB_Praca_Magisterska\data\raw\polish_traffic_signs_dataset\test\C-9\2019_0721_171043_003 0510_0.jpg,C-9,C-7,109.52603149414062
2858,C:\Users\Dell\Desktop\Kacper Błachowiak - praca magisterska - klasyfikacja znaków drogowych\KB_Praca_Magisterska\data\raw\polish_traffic_signs_dataset\test\C-9\2019_0721_171043_003 0561_0.jpg,C-9,C-16,37.09794998168945
2864,C:\Users\Dell\Desktop\Kacper Błachowiak - praca magisterska - klasyfikacja znaków drogowych\KB_Praca_Magisterska\data\raw\polish_traffic_signs_dataset\test\C-9\2019_0721_171043_003 0671_1.jpg,C-9,C-4,141.96043395996094
2870,C:\Users\Dell\Desktop\Kacper Błachowiak - praca magisterska - klasyfikacja znaków drogowych\KB_Praca_Magisterska\data\raw\polish_traffic_signs_dataset\test\C-9\2019_0721_171043_003 0681_1.jpg,C-9,C-4,50.17664337158203
2880,C:\Users\Dell\Desktop\Kacper Błachowiak - praca magisterska - klasyfikacja znaków drogowych\KB_Praca_Magisterska\data\raw\polish_traffic_signs_dataset\test\C-9\2019_0809_155001_003 1218_0.jpg,C-9,C-4,118.64148712158205
2886,C:\Users\Dell\Desktop\Kacper Błachowiak - praca magisterska - klasyfikacja znaków drogowych\KB_Praca_Magisterska\data\raw\polish_traffic_signs_dataset\test\C-9\2019_0809_155001_003 1384_0.jpg,C-9,C-5,154.75790405273438
2890,C:\Users\Dell\Desktop\Kacper Błachowiak - praca magisterska - klasyfikacja znaków drogowych\KB_Praca_Magisterska\data\raw\polish_traffic_signs_dataset\test\C-9\2019_0809_155001_003 1450_0.jpg,C-9,C-10,148.68309020996094
2893,C:\Users\Dell\Desktop\Kacper Błachowiak - praca magisterska - klasyfikacja znaków drogowych\KB_Praca_Magisterska\data\raw\polish_traffic_signs_dataset\test\C-9\2019_0809_155001_003 1518_0.jpg,C-9,C-4,170.22979736328125
2896,C:\Users\Dell\Desktop\Kacper Błachowiak - praca magisterska - klasyfikacja znaków drogowych\KB_Praca_Magisterska\data\raw\polish_traffic_signs_dataset\test\C-9\2019_0809_155001_003 1539_0.jpg,C-9,C-4,153.26956176757812
2904,C:\Users\Dell\Desktop\Kacper Błachowiak - praca magisterska - klasyfikacja znaków drogowych\KB_Praca_Magisterska\data\raw\polish_traffic_signs_dataset\test\C-9\2019_0809_155001_003 1710_0.jpg,C-9,C-5,152.7162322998047
2928,C:\Users\Dell\Desktop\Kacper Błachowiak - praca magisterska - klasyfikacja znaków drogowych\KB_Praca_Magisterska\data\raw\polish_traffic_signs_dataset\test\C-9\2019_0809_162432_004 0623_0.jpg,C-9,C-4,65.89220428466797
2932,C:\Users\Dell\Desktop\Kacper Błachowiak - praca magisterska - klasyfikacja znaków drogowych\KB_Praca_Magisterska\data\raw\polish_traffic_signs_dataset\test\C-9\2019_0809_162432_004 0739_0.jpg,C-9,C-10,95.39339447021484
2943,C:\Users\Dell\Desktop\Kacper Błachowiak - praca magisterska - klasyfikacja znaków drogowych\KB_Praca_Magisterska\data\raw\polish_traffic_signs_dataset\test\C-9\2019_0811_175830_003 0490_0.jpg,C-9,C-4,65.91287994384766
2945,C:\Users\Dell\Desktop\Kacper Błachowiak - praca magisterska - klasyfikacja znaków drogowych\KB_Praca_Magisterska\data\raw\polish_traffic_signs_dataset\test\C-9\2019_0811_175830_003 0565_0.jpg,C-9,C-4,59.66228103637695
2970,C:\Users\Dell\Desktop\Kacper Błachowiak - praca magisterska - klasyfikacja znaków drogowych\KB_Praca_Magisterska\data\raw\polish_traffic_signs_dataset\test\C-9\2019_0811_183255_004 1455_0.jpg,C-9,B-36,76.9819564819336
2972,C:\Users\Dell\Desktop\Kacper Błachowiak - praca magisterska - klasyfikacja znaków drogowych\KB_Praca_Magisterska\data\raw\polish_traffic_signs_dataset\test\C-9\2019_0811_183255_004 1483_0.jpg,C-9,C-10,47.05439376831055
2975,C:\Users\Dell\Desktop\Kacper Błachowiak - praca magisterska - klasyfikacja znaków drogowych\KB_Praca_Magisterska\data\raw\polish_traffic_signs_dataset\test\C-9\2019_0811_183255_004 1768_0.jpg,C-9,D-1,126.08617401123048
2987,C:\Users\Dell\Desktop\Kacper Błachowiak - praca magisterska - klasyfikacja znaków drogowych\KB_Praca_Magisterska\data\raw\polish_traffic_signs_dataset\test\C-9\2019_0814_162326_004 0895_0.jpg,C-9,C-7,132.2678985595703
2989,C:\Users\Dell\Desktop\Kacper Błachowiak - praca magisterska - klasyfikacja znaków drogowych\KB_Praca_Magisterska\data\raw\polish_traffic_signs_dataset\test\C-9\2019_0814_162326_004 0898_0.jpg,C-9,C-5,101.62667846679688
3007,C:\Users\Dell\Desktop\Kacper Błachowiak - praca magisterska - klasyfikacja znaków drogowych\KB_Praca_Magisterska\data\raw\polish_traffic_signs_dataset\test\C-9\2019_0814_162326_004 1652_0.jpg,C-9,C-4,103.35423278808594
3008,C:\Users\Dell\Desktop\Kacper Błachowiak - praca magisterska - klasyfikacja znaków drogowych\KB_Praca_Magisterska\data\raw\polish_traffic_signs_dataset\test\C-9\2019_0814_162326_004 1653_0.jpg,C-9,C-4,111.61366271972656
3021,C:\Users\Dell\Desktop\Kacper Błachowiak - praca magisterska - klasyfikacja znaków drogowych\KB_Praca_Magisterska\data\raw\polish_traffic_signs_dataset\test\C-9\2019_0815_090538_005 0638_0.jpg,C-9,C-10,76.34634399414062
3032,C:\Users\Dell\Desktop\Kacper Błachowiak - praca magisterska - klasyfikacja znaków drogowych\KB_Praca_Magisterska\data\raw\polish_traffic_signs_dataset\test\C-9\2019_0815_090538_005 0691_0.jpg,C-9,C-10,57.578155517578125
3034,C:\Users\Dell\Desktop\Kacper Błachowiak - praca magisterska - klasyfikacja znaków drogowych\KB_Praca_Magisterska\data\raw\polish_traffic_signs_dataset\test\C-9\2019_0815_090538_005 1046_0.jpg,C-9,C-10,32.54536437988281
3145,C:\Users\Dell\Desktop\Kacper Błachowiak - praca magisterska - klasyfikacja znaków drogowych\KB_Praca_Magisterska\data\raw\polish_traffic_signs_dataset\test\D-1\2019_0809_162432_004 1507_0.jpg,D-1,D-2,127.10162353515624
3146,C:\Users\Dell\Desktop\Kacper Błachowiak - praca magisterska - klasyfikacja znaków drogowych\KB_Praca_Magisterska\data\raw\polish_traffic_signs_dataset\test\D-1\2019_0809_162432_004 1508_0.jpg,D-1,D-2,99.24422454833984
3199,C:\Users\Dell\Desktop\Kacper Błachowiak - praca magisterska - klasyfikacja znaków drogowych\KB_Praca_Magisterska\data\raw\polish_traffic_signs_dataset\test\D-1\2019_0811_183255_004 0113_0.jpg,D-1,D-2,99.89437103271484
3201,C:\Users\Dell\Desktop\Kacper Błachowiak - praca magisterska - klasyfikacja znaków drogowych\KB_Praca_Magisterska\data\raw\polish_traffic_signs_dataset\test\D-1\2019_0811_190715_005 620_1.jpg,D-1,D-2,116.21161651611328
3211,C:\Users\Dell\Desktop\Kacper Błachowiak - praca magisterska - klasyfikacja znaków drogowych\KB_Praca_Magisterska\data\raw\polish_traffic_signs_dataset\test\D-1\2019_0814_162326_004 1067_0.jpg,D-1,D-2,122.79457092285156
3255,C:\Users\Dell\Desktop\Kacper Błachowiak - praca magisterska - klasyfikacja znaków drogowych\KB_Praca_Magisterska\data\raw\polish_traffic_signs_dataset\test\D-15\2019_0714_142630_003 039_0.jpg,D-15,D-27,54.692481994628906
3299,C:\Users\Dell\Desktop\Kacper Błachowiak - praca magisterska - klasyfikacja znaków drogowych\KB_Praca_Magisterska\data\raw\polish_traffic_signs_dataset\test\D-15\2019_0726_185626_003 263_0.jpg,D-15,D-23,120.6964111328125
3327,C:\Users\Dell\Desktop\Kacper Błachowiak - praca magisterska - klasyfikacja znaków drogowych\KB_Praca_Magisterska\data\raw\polish_traffic_signs_dataset\test\D-15\2019_0811_175830_003 1323_0.jpg,D-15,D-24,125.4717025756836
3328,C:\Users\Dell\Desktop\Kacper Błachowiak - praca magisterska - klasyfikacja znaków drogowych\KB_Praca_Magisterska\data\raw\polish_traffic_signs_dataset\test\D-15\2019_0811_175830_003 1456_0.jpg,D-15,D-27,70.42059326171875
3332,C:\Users\Dell\Desktop\Kacper Błachowiak - praca magisterska - klasyfikacja znaków drogowych\KB_Praca_Magisterska\data\raw\polish_traffic_signs_dataset\test\D-15\2019_0811_183255_004 0876_0.jpg,D-15,D-27,78.87779998779297
3337,C:\Users\Dell\Desktop\Kacper Błachowiak - praca magisterska - klasyfikacja znaków drogowych\KB_Praca_Magisterska\data\raw\polish_traffic_signs_dataset\test\D-15\2019_0811_190715_005 579_0.jpg,D-15,D-51,16.028507232666016
3357,C:\Users\Dell\Desktop\Kacper Błachowiak - praca magisterska - klasyfikacja znaków drogowych\KB_Praca_Magisterska\data\raw\polish_traffic_signs_dataset\test\D-15\2019_0815_090538_005 1058_0.jpg,D-15,D-27,75.39192199707031
3359,C:\Users\Dell\Desktop\Kacper Błachowiak - praca magisterska - klasyfikacja znaków drogowych\KB_Praca_Magisterska\data\raw\polish_traffic_signs_dataset\test\D-15\2019_0815_090538_005 1266_0.jpg,D-15,D-27,58.81950378417969
3364,C:\Users\Dell\Desktop\Kacper Błachowiak - praca magisterska - klasyfikacja znaków drogowych\KB_Praca_Magisterska\data\raw\polish_traffic_signs_dataset\test\D-18\2019_0719_142601_003 1324_0.jpg,D-18,D-18b,106.3843994140625
3365,C:\Users\Dell\Desktop\Kacper Błachowiak - praca magisterska - klasyfikacja znaków drogowych\KB_Praca_Magisterska\data\raw\polish_traffic_signs_dataset\test\D-18\2019_0719_142601_003 1325_0.jpg,D-18,D-23,116.27965545654295
3368,C:\Users\Dell\Desktop\Kacper Błachowiak - praca magisterska - klasyfikacja znaków drogowych\KB_Praca_Magisterska\data\raw\polish_traffic_signs_dataset\test\D-18\2019_0721_171043_003 0581_0.jpg,D-18,D-18b,80.1552505493164
3375,C:\Users\Dell\Desktop\Kacper Błachowiak - praca magisterska - klasyfikacja znaków drogowych\KB_Praca_Magisterska\data\raw\polish_traffic_signs_dataset\test\D-18\2019_0721_181936_005 199_0.jpg,D-18,D-3,25.764928817749023
3377,C:\Users\Dell\Desktop\Kacper Błachowiak - praca magisterska - klasyfikacja znaków drogowych\KB_Praca_Magisterska\data\raw\polish_traffic_signs_dataset\test\D-18\2019_0721_181936_005 394_0.jpg,D-18,D-18b,53.885047912597656
3378,C:\Users\Dell\Desktop\Kacper Błachowiak - praca magisterska - klasyfikacja znaków drogowych\KB_Praca_Magisterska\data\raw\polish_traffic_signs_dataset\test\D-18\2019_0721_181936_005 698_0.jpg,D-18,D-26b,14.311814308166504
3398,C:\Users\Dell\Desktop\Kacper Błachowiak - praca magisterska - klasyfikacja znaków drogowych\KB_Praca_Magisterska\data\raw\polish_traffic_signs_dataset\test\D-18\2019_0811_183255_004 1486_0.jpg,D-18,D-3,49.59015655517578
3401,C:\Users\Dell\Desktop\Kacper Błachowiak - praca magisterska - klasyfikacja znaków drogowych\KB_Praca_Magisterska\data\raw\polish_traffic_signs_dataset\test\D-18\2019_0814_154857_003 0173_0.jpg,D-18,D-23,62.16383743286133
3402,C:\Users\Dell\Desktop\Kacper Błachowiak - praca magisterska - klasyfikacja znaków drogowych\KB_Praca_Magisterska\data\raw\polish_traffic_signs_dataset\test\D-18\2019_0814_154857_003 0853_0.jpg,D-18,D-21,58.94457244873047
3418,C:\Users\Dell\Desktop\Kacper Błachowiak - praca magisterska - klasyfikacja znaków drogowych\KB_Praca_Magisterska\data\raw\polish_traffic_signs_dataset\test\D-18\2019_0814_162326_004 1848_0.jpg,D-18,A-21,90.5786590576172
3419,C:\Users\Dell\Desktop\Kacper Błachowiak - praca magisterska - klasyfikacja znaków drogowych\KB_Praca_Magisterska\data\raw\polish_traffic_signs_dataset\test\D-18\2019_0815_090538_005 1252_0.jpg,D-18,D-27,34.22067642211914
3489,C:\Users\Dell\Desktop\Kacper Błachowiak - praca magisterska - klasyfikacja znaków drogowych\KB_Praca_Magisterska\data\raw\polish_traffic_signs_dataset\test\D-23\2019_0719_142601_003 0279_0.jpg,D-23,D-26c,87.5841293334961
3499,C:\Users\Dell\Desktop\Kacper Błachowiak - praca magisterska - klasyfikacja znaków drogowych\KB_Praca_Magisterska\data\raw\polish_traffic_signs_dataset\test\D-23\2019_0721_171043_003 0554_0.jpg,D-23,D-27,118.5723876953125
3520,C:\Users\Dell\Desktop\Kacper Błachowiak - praca magisterska - klasyfikacja znaków drogowych\KB_Praca_Magisterska\data\raw\polish_traffic_signs_dataset\test\D-23\2019_0814_154857_003 0697_0.jpg,D-23,D-26b,89.87935638427734
3552,C:\Users\Dell\Desktop\Kacper Błachowiak - praca magisterska - klasyfikacja znaków drogowych\KB_Praca_Magisterska\data\raw\polish_traffic_signs_dataset\test\D-26\2019_0719_142601_003 1063_0.jpg,D-26,D-24,152.5056610107422
3553,C:\Users\Dell\Desktop\Kacper Błachowiak - praca magisterska - klasyfikacja znaków drogowych\KB_Praca_Magisterska\data\raw\polish_traffic_signs_dataset\test\D-26\2019_0719_142601_003 1147_0.jpg,D-26,D-24,167.65577697753906
3554,C:\Users\Dell\Desktop\Kacper Błachowiak - praca magisterska - klasyfikacja znaków drogowych\KB_Praca_Magisterska\data\raw\polish_traffic_signs_dataset\test\D-26\2019_0721_181936_005 158_0.jpg,D-26,D-27,49.9780502319336
3555,C:\Users\Dell\Desktop\Kacper Błachowiak - praca magisterska - klasyfikacja znaków drogowych\KB_Praca_Magisterska\data\raw\polish_traffic_signs_dataset\test\D-26\2019_0721_181936_005 159_0.jpg,D-26,D-18,36.44450759887695
3558,C:\Users\Dell\Desktop\Kacper Błachowiak - praca magisterska - klasyfikacja znaków drogowych\KB_Praca_Magisterska\data\raw\polish_traffic_signs_dataset\test\D-26\2019_0811_190715_005 170_0.jpg,D-26,D-27,78.56455993652344
3575,C:\Users\Dell\Desktop\Kacper Błachowiak - praca magisterska - klasyfikacja znaków drogowych\KB_Praca_Magisterska\data\raw\polish_traffic_signs_dataset\test\D-26c\2019_0721_171043_003 0528_0.jpg,D-26c,D-23a,52.350616455078125
3592,C:\Users\Dell\Desktop\Kacper Błachowiak - praca magisterska - klasyfikacja znaków drogowych\KB_Praca_Magisterska\data\raw\polish_traffic_signs_dataset\test\D-27\2019_0814_154857_003 0853_0.jpg,D-27,D-26c,70.98048400878906
3607,C:\Users\Dell\Desktop\Kacper Błachowiak - praca magisterska - klasyfikacja znaków drogowych\KB_Praca_Magisterska\data\raw\polish_traffic_signs_dataset\test\D-28\2019_0719_142601_003 1167_0.jpg,D-28,D-23,115.62065887451172
3630,C:\Users\Dell\Desktop\Kacper Błachowiak - praca magisterska - klasyfikacja znaków drogowych\KB_Praca_Magisterska\data\raw\polish_traffic_signs_dataset\test\D-28\2019_0815_090538_005 1174_0.jpg,D-28,B-34,108.69337463378906
3632,C:\Users\Dell\Desktop\Kacper Błachowiak - praca magisterska - klasyfikacja znaków drogowych\KB_Praca_Magisterska\data\raw\polish_traffic_signs_dataset\test\D-29\2019_0719_142601_003 0213_0.jpg,D-29,D-15,133.67405700683594
3637,C:\Users\Dell\Desktop\Kacper Błachowiak - praca magisterska - klasyfikacja znaków drogowych\KB_Praca_Magisterska\data\raw\polish_traffic_signs_dataset\test\D-29\2019_0719_142601_003 0258_0.jpg,D-29,D-24,133.281494140625
3657,C:\Users\Dell\Desktop\Kacper Błachowiak - praca magisterska - klasyfikacja znaków drogowych\KB_Praca_Magisterska\data\raw\polish_traffic_signs_dataset\test\D-3\2019_0719_142601_003 0118_1.jpg,D-3,C-5,146.7029266357422
3672,C:\Users\Dell\Desktop\Kacper Błachowiak - praca magisterska - klasyfikacja znaków drogowych\KB_Praca_Magisterska\data\raw\polish_traffic_signs_dataset\test\D-3\2019_0721_181936_005 445_0.jpg,D-3,D-27,69.19063568115234
3673,C:\Users\Dell\Desktop\Kacper Błachowiak - praca magisterska - klasyfikacja znaków drogowych\KB_Praca_Magisterska\data\raw\polish_traffic_signs_dataset\test\D-3\2019_0721_181936_005 536_0.jpg,D-3,D-27,57.29658126831055
3674,C:\Users\Dell\Desktop\Kacper Błachowiak - praca magisterska - klasyfikacja znaków drogowych\KB_Praca_Magisterska\data\raw\polish_traffic_signs_dataset\test\D-3\2019_0721_181936_005 616_0.jpg,D-3,D-27,68.46785736083984
3675,C:\Users\Dell\Desktop\Kacper Błachowiak - praca magisterska - klasyfikacja znaków drogowych\KB_Praca_Magisterska\data\raw\polish_traffic_signs_dataset\test\D-3\2019_0721_181936_005 616_1.jpg,D-3,D-42,98.54185485839844
3686,C:\Users\Dell\Desktop\Kacper Błachowiak - praca magisterska - klasyfikacja znaków drogowych\KB_Praca_Magisterska\data\raw\polish_traffic_signs_dataset\test\D-3\2019_0809_155001_003 0330_0.jpg,D-3,C-5,75.03900146484375
3687,C:\Users\Dell\Desktop\Kacper Błachowiak - praca magisterska - klasyfikacja znaków drogowych\KB_Praca_Magisterska\data\raw\polish_traffic_signs_dataset\test\D-3\2019_0809_155001_003 0330_1.jpg,D-3,C-5,80.34080505371094
3688,C:\Users\Dell\Desktop\Kacper Błachowiak - praca magisterska - klasyfikacja znaków drogowych\KB_Praca_Magisterska\data\raw\polish_traffic_signs_dataset\test\D-3\2019_0809_155001_003 0331_0.jpg,D-3,D-9,125.75061798095705
3690,C:\Users\Dell\Desktop\Kacper Błachowiak - praca magisterska - klasyfikacja znaków drogowych\KB_Praca_Magisterska\data\raw\polish_traffic_signs_dataset\test\D-3\2019_0809_155001_003 0352_0.jpg,D-3,D-4a,108.98033142089844
3691,C:\Users\Dell\Desktop\Kacper Błachowiak - praca magisterska - klasyfikacja znaków drogowych\KB_Praca_Magisterska\data\raw\polish_traffic_signs_dataset\test\D-3\2019_0809_155001_003 0406_0.jpg,D-3,C-5,69.61544036865234
3695,C:\Users\Dell\Desktop\Kacper Błachowiak - praca magisterska - klasyfikacja znaków drogowych\KB_Praca_Magisterska\data\raw\polish_traffic_signs_dataset\test\D-3\2019_0811_183255_004 1812_0.jpg,D-3,D-9,71.10797882080078
3696,C:\Users\Dell\Desktop\Kacper Błachowiak - praca magisterska - klasyfikacja znaków drogowych\KB_Praca_Magisterska\data\raw\polish_traffic_signs_dataset\test\D-3\2019_0811_190715_005 451_0.jpg,D-3,D-18b,70.7337875366211
3698,C:\Users\Dell\Desktop\Kacper Błachowiak - praca magisterska - klasyfikacja znaków drogowych\KB_Praca_Magisterska\data\raw\polish_traffic_signs_dataset\test\D-3\2019_0811_190715_005 458_0.jpg,D-3,D-27,138.4169921875
3705,C:\Users\Dell\Desktop\Kacper Błachowiak - praca magisterska - klasyfikacja znaków drogowych\KB_Praca_Magisterska\data\raw\polish_traffic_signs_dataset\test\D-40\2019_0721_181936_005 785_0.jpg,D-40,D-6b,102.52921295166016
3706,C:\Users\Dell\Desktop\Kacper Błachowiak - praca magisterska - klasyfikacja znaków drogowych\KB_Praca_Magisterska\data\raw\polish_traffic_signs_dataset\test\D-40\2019_0901_173251_015 1530_0.jpg,D-40,C-13a,111.46971893310548
3707,C:\Users\Dell\Desktop\Kacper Błachowiak - praca magisterska - klasyfikacja znaków drogowych\KB_Praca_Magisterska\data\raw\polish_traffic_signs_dataset\test\D-40\2019_0922_161159_043 460_0.jpg,D-40,D-51,70.33875274658203
3709,C:\Users\Dell\Desktop\Kacper Błachowiak - praca magisterska - klasyfikacja znaków drogowych\KB_Praca_Magisterska\data\raw\polish_traffic_signs_dataset\test\D-40\2020_0215_110207_010 580_0.jpg,D-40,C-2,103.4617691040039
3720,C:\Users\Dell\Desktop\Kacper Błachowiak - praca magisterska - klasyfikacja znaków drogowych\KB_Praca_Magisterska\data\raw\polish_traffic_signs_dataset\test\D-41\2019_0815_090538_005 0436_0.jpg,D-41,D-51,46.55159759521485
3763,C:\Users\Dell\Desktop\Kacper Błachowiak - praca magisterska - klasyfikacja znaków drogowych\KB_Praca_Magisterska\data\raw\polish_traffic_signs_dataset\test\D-42\2019_0811_183255_004 0108_0.jpg,D-42,D-23,88.9704818725586
3770,C:\Users\Dell\Desktop\Kacper Błachowiak - praca magisterska - klasyfikacja znaków drogowych\KB_Praca_Magisterska\data\raw\polish_traffic_signs_dataset\test\D-42\2019_0815_090538_005 1138_0.jpg,D-42,D-24,66.99207305908203
3772,C:\Users\Dell\Desktop\Kacper Błachowiak - praca magisterska - klasyfikacja znaków drogowych\KB_Praca_Magisterska\data\raw\polish_traffic_signs_dataset\test\D-42\2019_0815_090538_005 1407_0.jpg,D-42,D-24,54.20920944213867
3777,C:\Users\Dell\Desktop\Kacper Błachowiak - praca magisterska - klasyfikacja znaków drogowych\KB_Praca_Magisterska\data\raw\polish_traffic_signs_dataset\test\D-43\2019_0719_142601_003 0239_1.jpg,D-43,B-27,126.58382415771484
3788,C:\Users\Dell\Desktop\Kacper Błachowiak - praca magisterska - klasyfikacja znaków drogowych\KB_Praca_Magisterska\data\raw\polish_traffic_signs_dataset\test\D-43\2019_0721_171043_003 1806_0.jpg,D-43,B-34,101.46695709228516
3797,C:\Users\Dell\Desktop\Kacper Błachowiak - praca magisterska - klasyfikacja znaków drogowych\KB_Praca_Magisterska\data\raw\polish_traffic_signs_dataset\test\D-43\2019_0809_162432_004 0771_0.jpg,D-43,B-44,103.06785583496094
3819,C:\Users\Dell\Desktop\Kacper Błachowiak - praca magisterska - klasyfikacja znaków drogowych\KB_Praca_Magisterska\data\raw\polish_traffic_signs_dataset\test\D-4a\2020_0229_084843_018 0210_0.jpg,D-4a,D-8,75.39169311523438
3821,C:\Users\Dell\Desktop\Kacper Błachowiak - praca magisterska - klasyfikacja znaków drogowych\KB_Praca_Magisterska\data\raw\polish_traffic_signs_dataset\test\D-4a\2020_0510_192839_015 828_0.jpg,D-4a,D-3,43.62124633789063
3862,C:\Users\Dell\Desktop\Kacper Błachowiak - praca magisterska - klasyfikacja znaków drogowych\KB_Praca_Magisterska\data\raw\polish_traffic_signs_dataset\test\D-51\2019_0811_183255_004 0946_0.jpg,D-51,D-3,33.05728912353516
3869,C:\Users\Dell\Desktop\Kacper Błachowiak - praca magisterska - klasyfikacja znaków drogowych\KB_Praca_Magisterska\data\raw\polish_traffic_signs_dataset\test\D-52\2019_0814_154857_003 0252_0.jpg,D-52,D-53,147.78805541992188
3870,C:\Users\Dell\Desktop\Kacper Błachowiak - praca magisterska - klasyfikacja znaków drogowych\KB_Praca_Magisterska\data\raw\polish_traffic_signs_dataset\test\D-52\2019_0830_154511_013 12_0.jpg,D-52,D-53,195.49221801757807
3871,C:\Users\Dell\Desktop\Kacper Błachowiak - praca magisterska - klasyfikacja znaków drogowych\KB_Praca_Magisterska\data\raw\polish_traffic_signs_dataset\test\D-52\2019_0830_154511_013 13_0.jpg,D-52,D-53,152.8482666015625
3873,C:\Users\Dell\Desktop\Kacper Błachowiak - praca magisterska - klasyfikacja znaków drogowych\KB_Praca_Magisterska\data\raw\polish_traffic_signs_dataset\test\D-52\2019_0929_154947_042 792_0.jpg,D-52,B-9,153.49334716796875
3891,C:\Users\Dell\Desktop\Kacper Błachowiak - praca magisterska - klasyfikacja znaków drogowych\KB_Praca_Magisterska\data\raw\polish_traffic_signs_dataset\test\D-6\2019_0719_142601_003 1325_0.jpg,D-6,C-7,179.511474609375
3916,C:\Users\Dell\Desktop\Kacper Błachowiak - praca magisterska - klasyfikacja znaków drogowych\KB_Praca_Magisterska\data\raw\polish_traffic_signs_dataset\test\D-6\2019_0721_171043_003 0426_0.jpg,D-6,D-6b,165.51194763183594
3918,C:\Users\Dell\Desktop\Kacper Błachowiak - praca magisterska - klasyfikacja znaków drogowych\KB_Praca_Magisterska\data\raw\polish_traffic_signs_dataset\test\D-6\2019_0721_171043_003 0444_0.jpg,D-6,D-6b,108.7692413330078
3934,C:\Users\Dell\Desktop\Kacper Błachowiak - praca magisterska - klasyfikacja znaków drogowych\KB_Praca_Magisterska\data\raw\polish_traffic_signs_dataset\test\D-6\2019_0721_171043_003 0622_0.jpg,D-6,D-6b,179.4949951171875
3965,C:\Users\Dell\Desktop\Kacper Błachowiak - praca magisterska - klasyfikacja znaków drogowych\KB_Praca_Magisterska\data\raw\polish_traffic_signs_dataset\test\D-6\2019_0726_185626_003 243_0.jpg,D-6,D-6b,64.99021911621094
3972,C:\Users\Dell\Desktop\Kacper Błachowiak - praca magisterska - klasyfikacja znaków drogowych\KB_Praca_Magisterska\data\raw\polish_traffic_signs_dataset\test\D-6\2019_0726_185626_003 624_0.jpg,D-6,D-6b,86.3290023803711
3976,C:\Users\Dell\Desktop\Kacper Błachowiak - praca magisterska - klasyfikacja znaków drogowych\KB_Praca_Magisterska\data\raw\polish_traffic_signs_dataset\test\D-6\2019_0809_155001_003 1532_0.jpg,D-6,D-6b,179.07217407226562
3988,C:\Users\Dell\Desktop\Kacper Błachowiak - praca magisterska - klasyfikacja znaków drogowych\KB_Praca_Magisterska\data\raw\polish_traffic_signs_dataset\test\D-6\2019_0809_162432_004 1535_0.jpg,D-6,D-6b,133.89630126953125
3993,C:\Users\Dell\Desktop\Kacper Błachowiak - praca magisterska - klasyfikacja znaków drogowych\KB_Praca_Magisterska\data\raw\polish_traffic_signs_dataset\test\D-6\2019_0809_162432_004 1554_0.jpg,D-6,D-6b,123.37294006347656
3996,C:\Users\Dell\Desktop\Kacper Błachowiak - praca magisterska - klasyfikacja znaków drogowych\KB_Praca_Magisterska\data\raw\polish_traffic_signs_dataset\test\D-6\2019_0809_162432_004 1569_0.jpg,D-6,D-6b,103.82332611083984
4032,C:\Users\Dell\Desktop\Kacper Błachowiak - praca magisterska - klasyfikacja znaków drogowych\KB_Praca_Magisterska\data\raw\polish_traffic_signs_dataset\test\D-6\2019_0811_183255_004 0188_0.jpg,D-6,D-42,123.68950653076172
4035,C:\Users\Dell\Desktop\Kacper Błachowiak - praca magisterska - klasyfikacja znaków drogowych\KB_Praca_Magisterska\data\raw\polish_traffic_signs_dataset\test\D-6\2019_0811_183255_004 0681_1.jpg,D-6,D-41,57.16830062866211
4038,C:\Users\Dell\Desktop\Kacper Błachowiak - praca magisterska - klasyfikacja znaków drogowych\KB_Praca_Magisterska\data\raw\polish_traffic_signs_dataset\test\D-6\2019_0811_183255_004 1491_0.jpg,D-6,D-6b,76.98107147216797
4040,C:\Users\Dell\Desktop\Kacper Błachowiak - praca magisterska - klasyfikacja znaków drogowych\KB_Praca_Magisterska\data\raw\polish_traffic_signs_dataset\test\D-6\2019_0814_154857_003 0221_0.jpg,D-6,C-6,140.82359313964844
4071,C:\Users\Dell\Desktop\Kacper Błachowiak - praca magisterska - klasyfikacja znaków drogowych\KB_Praca_Magisterska\data\raw\polish_traffic_signs_dataset\test\D-6\2019_0814_162326_004 1659_0.jpg,D-6,D-6b,130.16653442382812
4092,C:\Users\Dell\Desktop\Kacper Błachowiak - praca magisterska - klasyfikacja znaków drogowych\KB_Praca_Magisterska\data\raw\polish_traffic_signs_dataset\test\D-6\2019_0815_090538_005 0186_0.jpg,D-6,D-6b,116.91722869873048
4093,C:\Users\Dell\Desktop\Kacper Błachowiak - praca magisterska - klasyfikacja znaków drogowych\KB_Praca_Magisterska\data\raw\polish_traffic_signs_dataset\test\D-6\2019_0815_090538_005 0194_0.jpg,D-6,D-6b,93.9240264892578
4094,C:\Users\Dell\Desktop\Kacper Błachowiak - praca magisterska - klasyfikacja znaków drogowych\KB_Praca_Magisterska\data\raw\polish_traffic_signs_dataset\test\D-6\2019_0815_090538_005 0207_0.jpg,D-6,D-6b,68.4228515625
4097,C:\Users\Dell\Desktop\Kacper Błachowiak - praca magisterska - klasyfikacja znaków drogowych\KB_Praca_Magisterska\data\raw\polish_traffic_signs_dataset\test\D-6\2019_0815_090538_005 0665_0.jpg,D-6,D-6b,64.94200897216797
4098,C:\Users\Dell\Desktop\Kacper Błachowiak - praca magisterska - klasyfikacja znaków drogowych\KB_Praca_Magisterska\data\raw\polish_traffic_signs_dataset\test\D-6\2019_0815_090538_005 0682_0.jpg,D-6,D-6b,62.19239044189453
4099,C:\Users\Dell\Desktop\Kacper Błachowiak - praca magisterska - klasyfikacja znaków drogowych\KB_Praca_Magisterska\data\raw\polish_traffic_signs_dataset\test\D-6\2019_0815_090538_005 0691_0.jpg,D-6,D-23,71.3548583984375
4101,C:\Users\Dell\Desktop\Kacper Błachowiak - praca magisterska - klasyfikacja znaków drogowych\KB_Praca_Magisterska\data\raw\polish_traffic_signs_dataset\test\D-6\2019_0815_090538_005 1058_1.jpg,D-6,C-10,61.02197647094727
4102,C:\Users\Dell\Desktop\Kacper Błachowiak - praca magisterska - klasyfikacja znaków drogowych\KB_Praca_Magisterska\data\raw\polish_traffic_signs_dataset\test\D-6\2019_0815_090538_005 1059_0.jpg,D-6,D-23,80.14205169677734
4103,C:\Users\Dell\Desktop\Kacper Błachowiak - praca magisterska - klasyfikacja znaków drogowych\KB_Praca_Magisterska\data\raw\polish_traffic_signs_dataset\test\D-6\2019_0815_090538_005 1169_0.jpg,D-6,D-23a,64.52359008789062
4104,C:\Users\Dell\Desktop\Kacper Błachowiak - praca magisterska - klasyfikacja znaków drogowych\KB_Praca_Magisterska\data\raw\polish_traffic_signs_dataset\test\D-6\2019_0815_090538_005 1197_0.jpg,D-6,D-6b,52.72747421264648
4123,C:\Users\Dell\Desktop\Kacper Błachowiak - praca magisterska - klasyfikacja znaków drogowych\KB_Praca_Magisterska\data\raw\polish_traffic_signs_dataset\test\D-6\2019_0815_090538_005 1494_0.jpg,D-6,D-6b,97.73088836669922
4139,C:\Users\Dell\Desktop\Kacper Błachowiak - praca magisterska - klasyfikacja znaków drogowych\KB_Praca_Magisterska\data\raw\polish_traffic_signs_dataset\test\D-6\2019_0815_090538_005 1763_0.jpg,D-6,D-6b,82.14066314697266
4177,C:\Users\Dell\Desktop\Kacper Błachowiak - praca magisterska - klasyfikacja znaków drogowych\KB_Praca_Magisterska\data\raw\polish_traffic_signs_dataset\test\D-6b\2019_0726_185626_003 107_0.jpg,D-6b,D-6,154.2509307861328
4199,C:\Users\Dell\Desktop\Kacper Błachowiak - praca magisterska - klasyfikacja znaków drogowych\KB_Praca_Magisterska\data\raw\polish_traffic_signs_dataset\test\D-7\2019_0719_142601_003 0335_1.jpg,D-7,D-18,110.9084014892578
4203,C:\Users\Dell\Desktop\Kacper Błachowiak - praca magisterska - klasyfikacja znaków drogowych\KB_Praca_Magisterska\data\raw\polish_traffic_signs_dataset\test\D-7\2019_0719_142601_003 0368_1.jpg,D-7,D-18,69.5818099975586
4215,C:\Users\Dell\Desktop\Kacper Błachowiak - praca magisterska - klasyfikacja znaków drogowych\KB_Praca_Magisterska\data\raw\polish_traffic_signs_dataset\test\D-7\2019_0809_162432_004 1008_0.jpg,D-7,D-18,90.21519470214844
4216,C:\Users\Dell\Desktop\Kacper Błachowiak - praca magisterska - klasyfikacja znaków drogowych\KB_Praca_Magisterska\data\raw\polish_traffic_signs_dataset\test\D-7\2019_0809_162432_004 1008_1.jpg,D-7,C-4,81.58928680419922
4217,C:\Users\Dell\Desktop\Kacper Błachowiak - praca magisterska - klasyfikacja znaków drogowych\KB_Praca_Magisterska\data\raw\polish_traffic_signs_dataset\test\D-7\2019_0809_162432_004 1009_0.jpg,D-7,D-18,77.35212707519531
4220,C:\Users\Dell\Desktop\Kacper Błachowiak - praca magisterska - klasyfikacja znaków drogowych\KB_Praca_Magisterska\data\raw\polish_traffic_signs_dataset\test\D-7\2019_0811_183255_004 1774_0.jpg,D-7,D-9,70.24263000488281
4222,C:\Users\Dell\Desktop\Kacper Błachowiak - praca magisterska - klasyfikacja znaków drogowych\KB_Praca_Magisterska\data\raw\polish_traffic_signs_dataset\test\D-7\2019_0811_183255_004 1830_1.jpg,D-7,D-42,129.6781768798828
4224,C:\Users\Dell\Desktop\Kacper Błachowiak - praca magisterska - klasyfikacja znaków drogowych\KB_Praca_Magisterska\data\raw\polish_traffic_signs_dataset\test\D-7\2019_0814_154857_003 0914_1.jpg,D-7,D-9,71.37901306152344
4228,C:\Users\Dell\Desktop\Kacper Błachowiak - praca magisterska - klasyfikacja znaków drogowych\KB_Praca_Magisterska\data\raw\polish_traffic_signs_dataset\test\D-8\2019_0719_142601_003 0913_0.jpg,D-8,D-14,115.82159423828124
4242,C:\Users\Dell\Desktop\Kacper Błachowiak - praca magisterska - klasyfikacja znaków drogowych\KB_Praca_Magisterska\data\raw\polish_traffic_signs_dataset\test\D-8\2019_0721_181936_005 103_0.jpg,D-8,D-3,74.684326171875
4268,C:\Users\Dell\Desktop\Kacper Błachowiak - praca magisterska - klasyfikacja znaków drogowych\KB_Praca_Magisterska\data\raw\polish_traffic_signs_dataset\test\D-tablica\2019_0721_181936_005 775_0.jpg,D-tablica,D-23,79.5050048828125
4273,C:\Users\Dell\Desktop\Kacper Błachowiak - praca magisterska - klasyfikacja znaków drogowych\KB_Praca_Magisterska\data\raw\polish_traffic_signs_dataset\test\D-tablica\2019_0811_183255_004 0848_0.jpg,D-tablica,D-23a,81.34931945800781
4274,C:\Users\Dell\Desktop\Kacper Błachowiak - praca magisterska - klasyfikacja znaków drogowych\KB_Praca_Magisterska\data\raw\polish_traffic_signs_dataset\test\D-tablica\2019_0811_183255_004 1100_0.jpg,D-tablica,D-23a,52.62616729736328
4275,C:\Users\Dell\Desktop\Kacper Błachowiak - praca magisterska - klasyfikacja znaków drogowych\KB_Praca_Magisterska\data\raw\polish_traffic_signs_dataset\test\D-tablica\2019_0811_183255_004 1145_0.jpg,D-tablica,D-26c,73.25779724121094
4278,C:\Users\Dell\Desktop\Kacper Błachowiak - praca magisterska - klasyfikacja znaków drogowych\KB_Praca_Magisterska\data\raw\polish_traffic_signs_dataset\test\D-tablica\2019_0811_190715_005 235_0.jpg,D-tablica,D-51,30.603975296020508
4297,C:\Users\Dell\Desktop\Kacper Błachowiak - praca magisterska - klasyfikacja znaków drogowych\KB_Praca_Magisterska\data\raw\polish_traffic_signs_dataset\test\G-3\2019_0811_183255_004 1443_0.jpg,G-3,D-2,168.7704315185547
