path,filename,class_code,source_split,extension,file_size_bytes,read_ok,width,height,channels,mode,mean_brightness,median_brightness,std_brightness,dark_pixel_ratio,bright_pixel_ratio,sha256,split,true_class,predicted_original,predicted_bright3,dataset_index,original_brightness
C:\Users\Dell\Desktop\Kacper Błachowiak - praca magisterska - klasyfikacja znaków drogowych\KB_Praca_Magisterska\data\raw\polish_traffic_signs_dataset\test\A-1\2019_0815_090538_005 1840_0.jpg,2019_0815_090538_005 1840_0.jpg,A-1,test_original,.jpg,13255,True,181,156,3,RGB,112.51335144042967,82.33089447021484,70.16690063476562,0.0037186570335741,0.1444609718090381,926fff3d7d9c3f94f03bcc7a087d8444a546022b7a13650e7422637f45553d75,test_final,A-1,A-1,A-2,24,112.51335144042967
C:\Users\Dell\Desktop\Kacper Błachowiak - praca magisterska - klasyfikacja znaków drogowych\KB_Praca_Magisterska\data\raw\polish_traffic_signs_dataset\test\A-1\2019_0816_175356_008 186_0.jpg,2019_0816_175356_008 186_0.jpg,A-1,test_original,.jpg,5267,True,114,106,3,RGB,132.1060028076172,70.31890106201172,89.07351684570312,0.0939258523667659,0.0026481297583581,e0f2febd79292b0ec81ec2ce8619d0266f039e2f5d2dfc47dfa5c703fdd542c6,test_final,A-1,A-1,A-2,34,132.1060028076172
C:\Users\Dell\Desktop\Kacper Błachowiak - praca magisterska - klasyfikacja znaków drogowych\KB_Praca_Magisterska\data\raw\polish_traffic_signs_dataset\test\A-1\2019_0816_175356_008 374_0.jpg,2019_0816_175356_008 374_0.jpg,A-1,test_original,.jpg,1568,True,30,43,3,RGB,143.493896484375,155.1182861328125,35.17155838012695,0.0046511627906976,0.0,cd16f8b257b72566959b57786807bcdffd6f2656584ef6bff28f065d28fca8e2,test_final,A-1,A-1,A-2,36,143.493896484375
C:\Users\Dell\Desktop\Kacper Błachowiak - praca magisterska - klasyfikacja znaków drogowych\KB_Praca_Magisterska\data\raw\polish_traffic_signs_dataset\test\A-1\2019_0905_182313_001 0190_0.jpg,2019_0905_182313_001 0190_0.jpg,A-1,test_original,.jpg,2788,True,69,63,3,RGB,221.41661071777344,229.6361846923828,32.15678405761719,0.0013802622498274,0.1147918104439843,c289d0319263d37b15642e48b66ca8440eb4f8b6e99b5049bb7bc068f87f5fa3,test_final,A-1,A-1,A-2,49,221.41661071777344
C:\Users\Dell\Desktop\Kacper Błachowiak - praca magisterska - klasyfikacja znaków drogowych\KB_Praca_Magisterska\data\raw\polish_traffic_signs_dataset\test\A-11\2019_0719_142601_003 0241_1.jpg,2019_0719_142601_003 0241_1.jpg,A-11,test_original,.jpg,1242,True,31,28,3,RGB,151.43682861328125,125.50409698486328,67.06145477294922,0.0011520737327188,0.0034562211981566,0cd0221d12fe3357c13224f0f2a9943c7cebc98210e63bdbaa8b00c6a2642f18,test_final,A-11,A-11,A-2,51,151.43682861328125
C:\Users\Dell\Desktop\Kacper Błachowiak - praca magisterska - klasyfikacja znaków drogowych\KB_Praca_Magisterska\data\raw\polish_traffic_signs_dataset\test\A-15\2019_0929_154947_042 088_0.jpg,2019_0929_154947_042 088_0.jpg,A-15,test_original,.jpg,1938,True,45,47,3,RGB,98.46318817138672,84.7136001586914,48.578643798828125,0.0023640661938534,0.0,c1f190474e7d1d6f63ca006786fc9fef156616e96cb564ffcc89e34d4e854fa3,test_final,A-15,A-15,A-21,105,98.46318817138672
C:\Users\Dell\Desktop\Kacper Błachowiak - praca magisterska - klasyfikacja znaków drogowych\KB_Praca_Magisterska\data\raw\polish_traffic_signs_dataset\test\A-16\2019_0721_171043_003 0938_0.jpg,2019_0721_171043_003 0938_0.jpg,A-16,test_original,.jpg,1640,True,48,33,3,RGB,118.20535278320312,134.7615966796875,43.90220642089844,0.034090909090909,0.0018939393939393,9662e06cf3767f21177f571803828f1e0061bc306b120e1ae1d03a38a1f56f28,test_final,A-16,A-16,D-6,130,118.20535278320312
C:\Users\Dell\Desktop\Kacper Błachowiak - praca magisterska - klasyfikacja znaków drogowych\KB_Praca_Magisterska\data\raw\polish_traffic_signs_dataset\test\A-17\2019_0719_142601_003 2052_0.jpg,2019_0719_142601_003 2052_0.jpg,A-17,test_original,.jpg,1232,True,36,25,3,RGB,66.88863372802734,46.00389862060547,38.41953659057617,0.01,0.0,92eecad00acaa77f551deec6cd150789b41e13d2d53c94ddd80939094756aeb2,test_final,A-17,A-17,A-12a,168,66.88863372802734
C:\Users\Dell\Desktop\Kacper Błachowiak - praca magisterska - klasyfikacja znaków drogowych\KB_Praca_Magisterska\data\raw\polish_traffic_signs_dataset\test\A-18b\2019_0719_142601_003 2059_0.jpg,2019_0719_142601_003 2059_0.jpg,A-18b,test_original,.jpg,5034,True,93,73,3,RGB,124.04747772216795,123.08560180664062,70.03597259521484,0.0256296950950066,0.1256444248048313,69d6f45140ab6996ba4145fe69369d3cca1658bcea4323585cbd1c71cd752e2b,test_final,A-18b,A-18b,A-16,236,124.04747772216795
C:\Users\Dell\Desktop\Kacper Błachowiak - praca magisterska - klasyfikacja znaków drogowych\KB_Praca_Magisterska\data\raw\polish_traffic_signs_dataset\test\A-18b\2019_0721_171043_003 1012_0.jpg,2019_0721_171043_003 1012_0.jpg,A-18b,test_original,.jpg,10377,True,157,151,3,RGB,130.62884521484375,107.30979919433594,74.77914428710938,0.0014341755599611,0.0024043531446408,e8cdf30e564cc36596d94c3ef755438f0076aba41ffb2f1e48df9803dfe7be74,test_final,A-18b,A-18b,A-14,241,130.62884521484375
C:\Users\Dell\Desktop\Kacper Błachowiak - praca magisterska - klasyfikacja znaków drogowych\KB_Praca_Magisterska\data\raw\polish_traffic_signs_dataset\test\A-18b\2019_0809_155001_003 2065_0.jpg,2019_0809_155001_003 2065_0.jpg,A-18b,test_original,.jpg,4752,True,80,67,3,RGB,109.23248291015624,88.75360107421875,70.77969360351562,0.044776119402985,0.0,79cec06f1e3329cba0f0c7c12a3cec77a96adde60b1747dd8f53b8607565844e,test_final,A-18b,A-18b,A-30,268,109.23248291015624
C:\Users\Dell\Desktop\Kacper Błachowiak - praca magisterska - klasyfikacja znaków drogowych\KB_Praca_Magisterska\data\raw\polish_traffic_signs_dataset\test\A-2\2019_0719_142601_003 1209_0.jpg,2019_0719_142601_003 1209_0.jpg,A-2,test_original,.jpg,1129,True,25,21,3,RGB,182.77479553222656,190.455810546875,54.04585266113281,0.0152380952380952,0.0247619047619047,11b3fdbb08d326d9340e51efa36857aab81f308416799115fe8b973329303be9,test_final,A-2,A-2,A-1,326,182.77479553222656
C:\Users\Dell\Desktop\Kacper Błachowiak - praca magisterska - klasyfikacja znaków drogowych\KB_Praca_Magisterska\data\raw\polish_traffic_signs_dataset\test\A-2\2019_0726_185626_003 195_0.jpg,2019_0726_185626_003 195_0.jpg,A-2,test_original,.jpg,1922,True,37,36,3,RGB,93.76904296875,68.06939697265625,76.34691619873047,0.1989489489489489,0.0,4a7658d469867cf32d610186a73fedb4eecb8cc8b6e0220125f22f55b5c08bd0,test_final,A-2,A-2,A-1,335,93.76904296875
C:\Users\Dell\Desktop\Kacper Błachowiak - praca magisterska - klasyfikacja znaków drogowych\KB_Praca_Magisterska\data\raw\polish_traffic_signs_dataset\test\A-2\2019_0811_175830_003 1542_0.jpg,2019_0811_175830_003 1542_0.jpg,A-2,test_original,.jpg,1737,True,49,43,3,RGB,47.706504821777344,43.93180084228516,34.15156555175781,0.3597532036070242,0.0,e33311cda5cb693ef53e14cbd2c6898a74f018c59d28481fb1ee30ef2aa2bd53,test_final,A-2,A-2,A-1,345,47.706504821777344
C:\Users\Dell\Desktop\Kacper Błachowiak - praca magisterska - klasyfikacja znaków drogowych\KB_Praca_Magisterska\data\raw\polish_traffic_signs_dataset\test\A-2\2019_0901_165821_014 0333_0.jpg,2019_0901_165821_014 0333_0.jpg,A-2,test_original,.jpg,1416,True,32,39,3,RGB,96.17205047607422,80.20339965820312,40.29577255249024,0.0016025641025641,0.0,3acc5691648d9fa6cbdaa95f386a63cb101c2d13c9bbccf2603716c2d438cb14,test_final,A-2,A-2,A-1,366,96.17205047607422
C:\Users\Dell\Desktop\Kacper Błachowiak - praca magisterska - klasyfikacja znaków drogowych\KB_Praca_Magisterska\data\raw\polish_traffic_signs_dataset\test\A-2\2019_0901_165821_014 0431_0.jpg,2019_0901_165821_014 0431_0.jpg,A-2,test_original,.jpg,11655,True,174,212,3,RGB,114.42269897460938,88.48400115966797,57.52712631225586,0.0129310344827586,0.0,3e5bc437c3bdfbe8861b58e3a34d4294f2ea5bf32ccae2702bd32b8a0ea21d52,test_final,A-2,A-2,A-1,368,114.42269897460938
C:\Users\Dell\Desktop\Kacper Błachowiak - praca magisterska - klasyfikacja znaków drogowych\KB_Praca_Magisterska\data\raw\polish_traffic_signs_dataset\test\A-2\2019_0905_182313_001 0085_0.jpg,2019_0905_182313_001 0085_0.jpg,A-2,test_original,.jpg,5496,True,102,90,3,RGB,126.68645477294922,130.96109008789062,65.54789733886719,0.0062091503267973,0.0,3aacff61139543005f4d7eed47b0db702b0a2a6dc2a5b72313c7401ba2b45a8e,test_final,A-2,A-2,A-1,371,126.68645477294922
C:\Users\Dell\Desktop\Kacper Błachowiak - praca magisterska - klasyfikacja znaków drogowych\KB_Praca_Magisterska\data\raw\polish_traffic_signs_dataset\test\A-20\2019_0719_142601_003 0965_1.jpg,2019_0719_142601_003 0965_1.jpg,A-20,test_original,.jpg,4847,True,69,89,3,RGB,80.2233657836914,61.05860137939453,48.07999420166016,0.0529229767138902,0.0,e688e583fa073995ac6c3a07503e51473a032e4fe23a73f197902ffff3159fdd,test_final,A-20,A-20,A-12a,379,80.2233657836914
C:\Users\Dell\Desktop\Kacper Błachowiak - praca magisterska - klasyfikacja znaków drogowych\KB_Praca_Magisterska\data\raw\polish_traffic_signs_dataset\test\A-20\2019_0809_155001_003 1160_1.jpg,2019_0809_155001_003 1160_1.jpg,A-20,test_original,.jpg,2745,True,48,49,3,RGB,154.8316192626953,180.64170837402344,72.115478515625,0.0259353741496598,0.0204081632653061,81f78cbf12a59fb13295aa6bb599bf206513ce1f88bb6c52a24e5bcdd4f4f63e,test_final,A-20,A-20,A-30,384,154.8316192626953
C:\Users\Dell\Desktop\Kacper Błachowiak - praca magisterska - klasyfikacja znaków drogowych\KB_Praca_Magisterska\data\raw\polish_traffic_signs_dataset\test\A-29\2019_0719_142601_003 1500_0.jpg,2019_0719_142601_003 1500_0.jpg,A-29,test_original,.jpg,1327,True,30,26,3,RGB,91.3248519897461,69.14469909667969,55.66788482666016,0.0128205128205128,0.0,15069008b9a957ce6e62ec594955ce1a433c4d5759b9a397dd0db9f2018a88a3,test_final,A-29,A-29,A-6b,403,91.3248519897461
C:\Users\Dell\Desktop\Kacper Błachowiak - praca magisterska - klasyfikacja znaków drogowych\KB_Praca_Magisterska\data\raw\polish_traffic_signs_dataset\test\A-29\2019_0811_183255_004 1164_0.jpg,2019_0811_183255_004 1164_0.jpg,A-29,test_original,.jpg,5505,True,133,118,3,RGB,30.317991256713867,27.263599395751957,26.000185012817383,0.2856505670957053,0.0001274372371606,52d1388d73e0b0acc04725a6d1f7573653961d2660c279f9f2e38812cb9125c0,test_final,A-29,A-29,A-30,447,30.317991256713867
C:\Users\Dell\Desktop\Kacper Błachowiak - praca magisterska - klasyfikacja znaków drogowych\KB_Praca_Magisterska\data\raw\polish_traffic_signs_dataset\test\A-3\2019_0905_182313_001 1329_0.jpg,2019_0905_182313_001 1329_0.jpg,A-3,test_original,.jpg,2308,True,43,49,3,RGB,111.2377471923828,104.10479736328124,61.47651672363281,0.0322733744660655,0.0033222591362126,996bcc1b115e0cc5b0f0aa57bf60a42ccff220c686664d2e867dcd2146d8cc59,test_final,A-3,A-3,A-4,491,111.2377471923828
C:\Users\Dell\Desktop\Kacper Błachowiak - praca magisterska - klasyfikacja znaków drogowych\KB_Praca_Magisterska\data\raw\polish_traffic_signs_dataset\test\A-3\2019_0905_182313_001 1330_0.jpg,2019_0905_182313_001 1330_0.jpg,A-3,test_original,.jpg,6833,True,134,116,3,RGB,91.23532104492188,70.13600158691406,56.90950393676758,0.0075913535769428,0.0,ad6865953e16315c836067a47dc4a3095bf159f10104ec824d982673ec4695ac,test_final,A-3,A-3,A-4,492,91.23532104492188
C:\Users\Dell\Desktop\Kacper Błachowiak - praca magisterska - klasyfikacja znaków drogowych\KB_Praca_Magisterska\data\raw\polish_traffic_signs_dataset\test\A-30\2019_0714_142630_003 127_0.jpg,2019_0714_142630_003 127_0.jpg,A-30,test_original,.jpg,1212,True,30,29,3,RGB,78.5209732055664,85.78209686279297,28.620580673217773,0.0126436781609195,0.0,371036ba53f5282b2f0c10d7d7a39f25de86900bb2aef1337847237ad01ba583,test_final,A-30,A-30,A-6b,498,78.5209732055664
C:\Users\Dell\Desktop\Kacper Błachowiak - praca magisterska - klasyfikacja znaków drogowych\KB_Praca_Magisterska\data\raw\polish_traffic_signs_dataset\test\A-30\2019_0719_142601_003 1233_0.jpg,2019_0719_142601_003 1233_0.jpg,A-30,test_original,.jpg,1652,True,36,32,3,RGB,111.64089965820312,111.2353973388672,62.60504531860352,0.0486111111111111,0.0043402777777777,2742918fdbf46d4565c818fa7a51f4cc8800b9238eba634d31bca6c8e607c7ef,test_final,A-30,A-30,A-6b,510,111.64089965820312
C:\Users\Dell\Desktop\Kacper Błachowiak - praca magisterska - klasyfikacja znaków drogowych\KB_Praca_Magisterska\data\raw\polish_traffic_signs_dataset\test\A-30\2019_0719_142601_003 1957_0.jpg,2019_0719_142601_003 1957_0.jpg,A-30,test_original,.jpg,1606,True,43,32,3,RGB,94.10148620605467,74.2323989868164,49.62157440185547,0.0276162790697674,0.0,6742e7d495c807888e1f424ed443907f0d8a4158f016faddd98f90418195e492,test_final,A-30,A-30,A-21,527,94.10148620605467
C:\Users\Dell\Desktop\Kacper Błachowiak - praca magisterska - klasyfikacja znaków drogowych\KB_Praca_Magisterska\data\raw\polish_traffic_signs_dataset\test\A-30\2019_0719_142601_003 2034_0.jpg,2019_0719_142601_003 2034_0.jpg,A-30,test_original,.jpg,1508,True,39,31,3,RGB,92.59481811523438,74.13880157470703,43.81188201904297,0.0157154673283705,0.0,27706ef220263561194738c3679911ffc35e8f2d31b9e8911504134522d5a7b2,test_final,A-30,A-30,A-12a,530,92.59481811523438
C:\Users\Dell\Desktop\Kacper Błachowiak - praca magisterska - klasyfikacja znaków drogowych\KB_Praca_Magisterska\data\raw\polish_traffic_signs_dataset\test\A-30\2019_0719_150032_004 0660_0.jpg,2019_0719_150032_004 0660_0.jpg,A-30,test_original,.jpg,1523,True,33,29,3,RGB,133.73089599609375,137.6322021484375,55.15850830078125,0.0156739811912225,0.0459770114942528,c86b40bb0643ae07f88051cb6dacbe82f8f40b9ad777767248224b9beb0931a0,test_final,A-30,A-30,A-12a,541,133.73089599609375
C:\Users\Dell\Desktop\Kacper Błachowiak - praca magisterska - klasyfikacja znaków drogowych\KB_Praca_Magisterska\data\raw\polish_traffic_signs_dataset\test\A-30\2019_0809_162432_004 1419_0.jpg,2019_0809_162432_004 1419_0.jpg,A-30,test_original,.jpg,1259,True,28,25,3,RGB,126.7948226928711,129.66949462890625,38.392425537109375,0.0071428571428571,0.0,0432acafbb2532fbebc2f95a28f22c699fad44b388a7eb2fe217988d5b80e2b8,test_final,A-30,A-30,A-6b,587,126.7948226928711
C:\Users\Dell\Desktop\Kacper Błachowiak - praca magisterska - klasyfikacja znaków drogowych\KB_Praca_Magisterska\data\raw\polish_traffic_signs_dataset\test\A-32\2019_0719_142601_003 0119_1.jpg,2019_0719_142601_003 0119_1.jpg,A-32,test_original,.jpg,1261,True,26,25,3,RGB,157.66488647460938,156.93960571289062,43.91388320922852,0.0,0.0215384615384615,9a0ec42a698e3c8e289588917ea18884526769449679d181c8f7b23d9cd4b5da,test_final,A-32,A-32,A-17,629,157.66488647460938
C:\Users\Dell\Desktop\Kacper Błachowiak - praca magisterska - klasyfikacja znaków drogowych\KB_Praca_Magisterska\data\raw\polish_traffic_signs_dataset\test\A-32\2019_0721_181936_005 314_0.jpg,2019_0721_181936_005 314_0.jpg,A-32,test_original,.jpg,1874,True,39,53,3,RGB,115.64772033691406,66.55879974365234,79.83470153808594,0.0362844702467343,0.0140299951620706,2225ff853b26d17a42d68dce4fddb11138f2aa3bcfed2318643dde231a69816f,test_final,A-32,A-32,A-20,636,115.64772033691406
C:\Users\Dell\Desktop\Kacper Błachowiak - praca magisterska - klasyfikacja znaków drogowych\KB_Praca_Magisterska\data\raw\polish_traffic_signs_dataset\test\A-32\2019_0721_181936_005 534_1.jpg,2019_0721_181936_005 534_1.jpg,A-32,test_original,.jpg,3153,True,67,88,3,RGB,135.82908630371094,83.21780395507812,77.47447967529297,0.0049185888738127,0.0098371777476255,5ffbf532ac03fd332e14bd7ca8c25950e0a278ef0160693816c097b4381f88b2,test_final,A-32,A-32,A-20,639,135.82908630371094
C:\Users\Dell\Desktop\Kacper Błachowiak - praca magisterska - klasyfikacja znaków drogowych\KB_Praca_Magisterska\data\raw\polish_traffic_signs_dataset\test\A-32\2019_0809_155001_003 0406_0.jpg,2019_0809_155001_003 0406_0.jpg,A-32,test_original,.jpg,1809,True,45,32,3,RGB,105.69248962402344,109.95970153808594,42.61310195922852,0.0076388888888888,0.0013888888888888,5e1db5ae8f0c068ff6084e94a9abc2c231d24ac14d76dba41e8967f356fe44a5,test_final,A-32,A-32,A-17,648,105.69248962402344
C:\Users\Dell\Desktop\Kacper Błachowiak - praca magisterska - klasyfikacja znaków drogowych\KB_Praca_Magisterska\data\raw\polish_traffic_signs_dataset\test\A-32\2019_0816_172034_007 0523_0.jpg,2019_0816_172034_007 0523_0.jpg,A-32,test_original,.jpg,14632,True,182,184,3,RGB,68.58885192871094,57.79949951171875,56.21901321411133,0.3248924988055423,0.0067486860965121,aa47268de3e1ca95ce214a445f5feaee9b839d841753a69e3e8b218348030397,test_final,A-32,A-32,A-17,678,68.58885192871094
C:\Users\Dell\Desktop\Kacper Błachowiak - praca magisterska - klasyfikacja znaków drogowych\KB_Praca_Magisterska\data\raw\polish_traffic_signs_dataset\test\A-4\2019_0811_175830_003 1063_0.jpg,2019_0811_175830_003 1063_0.jpg,A-4,test_original,.jpg,5506,True,91,80,3,RGB,177.70669555664062,177.15060424804688,66.4732437133789,0.0039835164835164,0.3181318681318681,295f01589e95d3b49024128efaabda99b715f9cbb67012ecc798504841b852a1,test_final,A-4,A-4,A-3,690,177.70669555664062
C:\Users\Dell\Desktop\Kacper Błachowiak - praca magisterska - klasyfikacja znaków drogowych\KB_Praca_Magisterska\data\raw\polish_traffic_signs_dataset\test\A-4\2019_1223_092421_001 1615_0.jpg,2019_1223_092421_001 1615_0.jpg,A-4,test_original,.jpg,2295,True,54,48,3,RGB,143.34835815429688,150.6676025390625,38.06489944458008,0.0,0.0,6c41ba230154abe1ba11d03d8dd6ab628cefe4e8129be20e38e1667fe0dc80ca,test_final,A-4,A-4,A-3,709,143.34835815429688
C:\Users\Dell\Desktop\Kacper Błachowiak - praca magisterska - klasyfikacja znaków drogowych\KB_Praca_Magisterska\data\raw\polish_traffic_signs_dataset\test\A-4\2019_1223_110958_003 1099_0.jpg,2019_1223_110958_003 1099_0.jpg,A-4,test_original,.jpg,2361,True,65,52,3,RGB,188.2369842529297,204.7781982421875,50.156009674072266,0.0,0.001775147928994,f5b46b398bda7e0c590105ea8b00cf7f71ea5a6382588b542945d71198211ad3,test_final,A-4,A-4,A-3,710,188.2369842529297
C:\Users\Dell\Desktop\Kacper Błachowiak - praca magisterska - klasyfikacja znaków drogowych\KB_Praca_Magisterska\data\raw\polish_traffic_signs_dataset\test\A-4\2019_1223_114427_004 0156_0.jpg,2019_1223_114427_004 0156_0.jpg,A-4,test_original,.jpg,1448,True,35,29,3,RGB,113.91104125976562,110.62979125976562,31.91001892089844,0.0029556650246305,0.0,e37cc01150f4dbdb88b472e6b9eb99e52b2d3e228fb0da6fdff7c4e87b001327,test_final,A-4,A-4,A-3,712,113.91104125976562
C:\Users\Dell\Desktop\Kacper Błachowiak - praca magisterska - klasyfikacja znaków drogowych\KB_Praca_Magisterska\data\raw\polish_traffic_signs_dataset\test\A-6a\2019_0809_155001_003 1213_0.jpg,2019_0809_155001_003 1213_0.jpg,A-6a,test_original,.jpg,1354,True,26,26,3,RGB,163.31430053710938,185.56500244140625,64.71076965332031,0.051775147928994,0.0029585798816568,0fafd7f811d0ad41f13f9336038ca68a293143b278cbd2c48c636f9c1f8dc9f8,test_final,A-6a,A-6a,A-6b,743,163.31430053710938
C:\Users\Dell\Desktop\Kacper Błachowiak - praca magisterska - klasyfikacja znaków drogowych\KB_Praca_Magisterska\data\raw\polish_traffic_signs_dataset\test\A-6a\2019_0811_183255_004 0700_0.jpg,2019_0811_183255_004 0700_0.jpg,A-6a,test_original,.jpg,9838,True,127,118,3,RGB,66.54718017578125,60.3556022644043,56.13140106201172,0.2100627252101961,0.0014013078873615,1e755bdff1a256c7cd48ff26075a6ece437fc620237408a0b89d276d6d0361dc,test_final,A-6a,A-6a,A-6c,767,66.54718017578125
C:\Users\Dell\Desktop\Kacper Błachowiak - praca magisterska - klasyfikacja znaków drogowych\KB_Praca_Magisterska\data\raw\polish_traffic_signs_dataset\test\A-6b\2019_0719_142601_003 0659_0.jpg,2019_0719_142601_003 0659_0.jpg,A-6b,test_original,.jpg,1670,True,40,37,3,RGB,82.48995208740234,75.95880126953125,38.66012573242188,0.0168918918918918,0.0,2e36a972665e1299ba5b02c0f0ca0314308a76f0ef064238380d7de830b9ac79,test_final,A-6b,A-6b,A-6c,791,82.48995208740234
C:\Users\Dell\Desktop\Kacper Błachowiak - praca magisterska - klasyfikacja znaków drogowych\KB_Praca_Magisterska\data\raw\polish_traffic_signs_dataset\test\A-6b\2019_0719_142601_003 1099_0.jpg,2019_0719_142601_003 1099_0.jpg,A-6b,test_original,.jpg,1843,True,45,39,3,RGB,179.4232177734375,211.3827972412109,64.813720703125,0.0022792022792022,0.0336182336182336,d54d97df3072207dfed6df988e369dc52d359198ff197de65e636c025ef53714,test_final,A-6b,A-6b,A-6c,793,179.4232177734375
C:\Users\Dell\Desktop\Kacper Błachowiak - praca magisterska - klasyfikacja znaków drogowych\KB_Praca_Magisterska\data\raw\polish_traffic_signs_dataset\test\A-6b\2019_0719_142601_003 1437_0.jpg,2019_0719_142601_003 1437_0.jpg,A-6b,test_original,.jpg,1443,True,38,31,3,RGB,79.84184265136719,43.93429946899414,60.87746810913086,0.0288624787775891,0.0,3810b70a7beb98339a924a752d8080b0652ef5ffa74976fca76df084acf1e0a4,test_final,A-6b,A-6b,A-6c,797,79.84184265136719
C:\Users\Dell\Desktop\Kacper Błachowiak - praca magisterska - klasyfikacja znaków drogowych\KB_Praca_Magisterska\data\raw\polish_traffic_signs_dataset\test\A-6b\2019_0719_150032_004 0437_0.jpg,2019_0719_150032_004 0437_0.jpg,A-6b,test_original,.jpg,3105,True,70,71,3,RGB,183.97772216796875,227.40679931640625,76.85606384277344,0.0052313883299798,0.4845070422535211,29d89d005ab7462ce376ebfd29d075a8f68a42cac9368c2aa57f617755021c45,test_final,A-6b,A-6b,A-6c,801,183.97772216796875
C:\Users\Dell\Desktop\Kacper Błachowiak - praca magisterska - klasyfikacja znaków drogowych\KB_Praca_Magisterska\data\raw\polish_traffic_signs_dataset\test\A-6b\2019_0809_155001_003 1336_0.jpg,2019_0809_155001_003 1336_0.jpg,A-6b,test_original,.jpg,7648,True,102,104,3,RGB,109.85435485839844,80.139404296875,76.62322235107422,0.0397812971342383,0.0021681749622926,e8d9feac53c4f7c445958e58f036791b750d8d8da6ff80e5bb9172941f7f8bcd,test_final,A-6b,A-6b,A-6c,813,109.85435485839844
C:\Users\Dell\Desktop\Kacper Błachowiak - praca magisterska - klasyfikacja znaków drogowych\KB_Praca_Magisterska\data\raw\polish_traffic_signs_dataset\test\A-6b\2019_0811_183255_004 0305_0.jpg,2019_0811_183255_004 0305_0.jpg,A-6b,test_original,.jpg,4994,True,141,110,3,RGB,20.47736549377441,14.076199531555176,20.30888938903809,0.5818826563507414,0.0,913a9c51361f9743ef96a5d93df3da090865c9359c530ece8c32e84d26c081ed,test_final,A-6b,A-6b,A-6c,818,20.47736549377441
C:\Users\Dell\Desktop\Kacper Błachowiak - praca magisterska - klasyfikacja znaków drogowych\KB_Praca_Magisterska\data\raw\polish_traffic_signs_dataset\test\A-6b\2019_0811_183255_004 0750_0.jpg,2019_0811_183255_004 0750_0.jpg,A-6b,test_original,.jpg,3479,True,84,74,3,RGB,149.32493591308594,235.01719665527344,96.9365005493164,0.0884813384813384,0.0622586872586872,bc02497a3db8f918f3ee97d2bc91b0b6d55851e38386c80407dcbfe4b7b06bf8,test_final,A-6b,A-6b,A-6a,820,149.32493591308594
C:\Users\Dell\Desktop\Kacper Błachowiak - praca magisterska - klasyfikacja znaków drogowych\KB_Praca_Magisterska\data\raw\polish_traffic_signs_dataset\test\A-6b\2019_0815_090538_005 0845_0.jpg,2019_0815_090538_005 0845_0.jpg,A-6b,test_original,.jpg,6244,True,143,132,3,RGB,61.78458023071289,58.64180374145508,17.27552604675293,0.0002648866285229,0.0,fdd7babe0cbaaf9b1fc6a5fc4c2cce32bb8caed303d92659b9ff9b22de231b4e,test_final,A-6b,A-6b,A-6c,830,61.78458023071289
C:\Users\Dell\Desktop\Kacper Błachowiak - praca magisterska - klasyfikacja znaków drogowych\KB_Praca_Magisterska\data\raw\polish_traffic_signs_dataset\test\A-6b\2019_0815_090538_005 1954_0.jpg,2019_0815_090538_005 1954_0.jpg,A-6b,test_original,.jpg,3881,True,88,82,3,RGB,153.61695861816406,185.9208984375,79.60669708251953,0.0342294900221729,0.0189855875831485,4c98c00021a4865640a55dca92a2f2d325fa9e0347fa3ad258831099668645d1,test_final,A-6b,A-6b,A-6c,832,153.61695861816406
C:\Users\Dell\Desktop\Kacper Błachowiak - praca magisterska - klasyfikacja znaków drogowych\KB_Praca_Magisterska\data\raw\polish_traffic_signs_dataset\test\A-6b\2019_0816_172034_007 0005_0.jpg,2019_0816_172034_007 0005_0.jpg,A-6b,test_original,.jpg,6727,True,110,135,3,RGB,153.0025177001953,177.7397918701172,53.27166366577149,0.0008080808080808,0.0,2254c544ba5a27366a4a5c1e3e3f66c867570cf9cbabdb422dcbe68b3296800a,test_final,A-6b,A-6b,A-6c,833,153.0025177001953
C:\Users\Dell\Desktop\Kacper Błachowiak - praca magisterska - klasyfikacja znaków drogowych\KB_Praca_Magisterska\data\raw\polish_traffic_signs_dataset\test\A-6b\2019_0818_131042_009 1708_0.jpg,2019_0818_131042_009 1708_0.jpg,A-6b,test_original,.jpg,2263,True,51,45,3,RGB,79.19570922851562,102.04619598388672,49.21583938598633,0.1533769063180828,0.0,c830c39c226917d04e973cca162a5c2cafffb9453ffd8e55505538eeab4030be,test_final,A-6b,A-6b,A-6c,837,79.19570922851562
C:\Users\Dell\Desktop\Kacper Błachowiak - praca magisterska - klasyfikacja znaków drogowych\KB_Praca_Magisterska\data\raw\polish_traffic_signs_dataset\test\A-6b\2019_0905_182313_001 1709_0.jpg,2019_0905_182313_001 1709_0.jpg,A-6b,test_original,.jpg,2167,True,51,49,3,RGB,182.2570953369141,174.27439880371094,72.66425323486328,0.0032012805122048,0.4385754301720688,b869e5cb808d5bd3c95e77616691346ab1ff24ddd54f4308112c4b4a3029baf8,test_final,A-6b,A-6b,A-6c,852,182.2570953369141
C:\Users\Dell\Desktop\Kacper Błachowiak - praca magisterska - klasyfikacja znaków drogowych\KB_Praca_Magisterska\data\raw\polish_traffic_signs_dataset\test\A-6b\2019_0920_161014_042 0534_0.jpg,2019_0920_161014_042 0534_0.jpg,A-6b,test_original,.jpg,1432,True,37,37,3,RGB,37.04265594482422,21.03779983520508,29.071857452392575,0.4872169466764061,0.0,d42590b037847d38f1798caaa89cfa58e522d5aec90c36e8c155dd136277d487,test_final,A-6b,A-6b,A-3,855,37.04265594482422
C:\Users\Dell\Desktop\Kacper Błachowiak - praca magisterska - klasyfikacja znaków drogowych\KB_Praca_Magisterska\data\raw\polish_traffic_signs_dataset\test\A-6b\2019_0929_143436_042 0918_0.jpg,2019_0929_143436_042 0918_0.jpg,A-6b,test_original,.jpg,2085,True,41,41,3,RGB,99.96407318115234,86.98660278320312,60.20690155029297,0.0493753718024985,0.0023795359904818,31b563909adc595ba7ebc2877c1d8e510c148d840fbcf6e5b793cca77131fa34,test_final,A-6b,A-6b,A-6c,864,99.96407318115234
C:\Users\Dell\Desktop\Kacper Błachowiak - praca magisterska - klasyfikacja znaków drogowych\KB_Praca_Magisterska\data\raw\polish_traffic_signs_dataset\test\A-6b\2019_0929_143436_042 0975_0.jpg,2019_0929_143436_042 0975_0.jpg,A-6b,test_original,.jpg,2226,True,49,41,3,RGB,168.48020935058594,184.59201049804688,54.12788772583008,0.0034843205574912,0.0074664011946241,875b62347129699798c9727a2ba8ae5f8b88bde57efbd6a7ca31924a2306a4c0,test_final,A-6b,A-6b,A-6c,866,168.48020935058594
C:\Users\Dell\Desktop\Kacper Błachowiak - praca magisterska - klasyfikacja znaków drogowych\KB_Praca_Magisterska\data\raw\polish_traffic_signs_dataset\test\A-6b\2019_0929_143436_042 1799_0.jpg,2019_0929_143436_042 1799_0.jpg,A-6b,test_original,.jpg,2122,True,48,43,3,RGB,159.13290405273438,156.47950744628906,69.5322036743164,0.0145348837209302,0.0358527131782945,7e0ac1f6c892c5bbf24f9d49dcb8dc464b84af63857b3ac9d66348f6b13efd97,test_final,A-6b,A-6b,A-6c,870,159.13290405273438
C:\Users\Dell\Desktop\Kacper Błachowiak - praca magisterska - klasyfikacja znaków drogowych\KB_Praca_Magisterska\data\raw\polish_traffic_signs_dataset\test\A-6c\2019_0719_142601_003 1343_0.jpg,2019_0719_142601_003 1343_0.jpg,A-6c,test_original,.jpg,2178,True,58,47,3,RGB,57.99933624267578,28.5004997253418,49.62127685546875,0.0788701393983859,0.0,d1a00b09e3f2e1a060ed1fca7c52da2bbcb15cda8c7097d49f0fc54822056f00,test_final,A-6c,A-6c,A-6b,876,57.99933624267578
C:\Users\Dell\Desktop\Kacper Błachowiak - praca magisterska - klasyfikacja znaków drogowych\KB_Praca_Magisterska\data\raw\polish_traffic_signs_dataset\test\A-6c\2019_0719_142601_003 1612_0.jpg,2019_0719_142601_003 1612_0.jpg,A-6c,test_original,.jpg,1373,True,32,26,3,RGB,174.32577514648438,201.2449951171875,61.16683578491211,0.0336538461538461,0.0120192307692307,55ba0da101cf9b85f54015724f54a72a3fdd5cb23c7a1b40daf2f40ba5d58384,test_final,A-6c,A-6c,A-6b,877,174.32577514648438
C:\Users\Dell\Desktop\Kacper Błachowiak - praca magisterska - klasyfikacja znaków drogowych\KB_Praca_Magisterska\data\raw\polish_traffic_signs_dataset\test\A-6c\2019_0719_150032_004 0532_0.jpg,2019_0719_150032_004 0532_0.jpg,A-6c,test_original,.jpg,1163,True,28,24,3,RGB,113.42031860351562,99.65480041503906,49.60868835449219,0.0074404761904761,0.0,52cfaf148f1ab57c89a0f2cc1a5cff7d106421c1608c27dd3a8fe0e25e13c25e,test_final,A-6c,A-6c,A-6b,883,113.42031860351562
C:\Users\Dell\Desktop\Kacper Błachowiak - praca magisterska - klasyfikacja znaków drogowych\KB_Praca_Magisterska\data\raw\polish_traffic_signs_dataset\test\A-6c\2019_0719_150032_004 0584_0.jpg,2019_0719_150032_004 0584_0.jpg,A-6c,test_original,.jpg,1476,True,39,28,3,RGB,179.09011840820312,208.39439392089844,54.709938049316406,0.0064102564102564,0.0054945054945054,44724119aa9183484ce706398782ccd0ef12c602716d86bece87b1e3f5e121f1,test_final,A-6c,A-6c,A-6b,885,179.09011840820312
C:\Users\Dell\Desktop\Kacper Błachowiak - praca magisterska - klasyfikacja znaków drogowych\KB_Praca_Magisterska\data\raw\polish_traffic_signs_dataset\test\A-6c\2019_0809_155001_003 1553_0.jpg,2019_0809_155001_003 1553_0.jpg,A-6c,test_original,.jpg,2140,True,51,43,3,RGB,74.94155883789062,31.985597610473636,66.45062255859375,0.3579571363429092,0.0,7e29b64f136dba04f6f30b97c1a0dd644e0c4f8667df09e2302ebb5649834931,test_final,A-6c,A-6c,A-6b,889,74.94155883789062
C:\Users\Dell\Desktop\Kacper Błachowiak - praca magisterska - klasyfikacja znaków drogowych\KB_Praca_Magisterska\data\raw\polish_traffic_signs_dataset\test\A-6c\2019_0809_162432_004 0657_0.jpg,2019_0809_162432_004 0657_0.jpg,A-6c,test_original,.jpg,1913,True,42,33,3,RGB,131.40390014648438,121.9397964477539,67.07185363769531,0.0086580086580086,0.0043290043290043,b1ed1dbe2eea1e6d94dff5c2f76377963ab41fa60507897e3bcf0947995826fc,test_final,A-6c,A-6c,A-12a,894,131.40390014648438
C:\Users\Dell\Desktop\Kacper Błachowiak - praca magisterska - klasyfikacja znaków drogowych\KB_Praca_Magisterska\data\raw\polish_traffic_signs_dataset\test\A-6c\2019_0816_172034_007 0575_0.jpg,2019_0816_172034_007 0575_0.jpg,A-6c,test_original,.jpg,17499,True,247,210,3,RGB,39.66796875,25.690200805664062,39.537052154541016,0.4318295739348371,0.0079814921920185,a97d4d7c78e5d41ef45a7a4a97848c122eeebe6fab7cc2af4a0a726c1b00d732,test_final,A-6c,A-6c,A-6b,910,39.66796875
C:\Users\Dell\Desktop\Kacper Błachowiak - praca magisterska - klasyfikacja znaków drogowych\KB_Praca_Magisterska\data\raw\polish_traffic_signs_dataset\test\A-6c\2019_0905_193214_003 052_0.jpg,2019_0905_193214_003 052_0.jpg,A-6c,test_original,.jpg,1847,True,45,43,3,RGB,168.77203369140625,176.35360717773438,40.49160385131836,0.0015503875968992,0.0,f1f027aba55b042b39abf3ee86c57a9ea9cc21e85776de689273b4edf6e41da9,test_final,A-6c,A-6c,A-6b,938,168.77203369140625
C:\Users\Dell\Desktop\Kacper Błachowiak - praca magisterska - klasyfikacja znaków drogowych\KB_Praca_Magisterska\data\raw\polish_traffic_signs_dataset\test\A-6c\2019_0927_153929_042 1438_0.jpg,2019_0927_153929_042 1438_0.jpg,A-6c,test_original,.jpg,3218,True,90,80,3,RGB,160.1069793701172,166.97299194335938,57.32072448730469,0.0,0.0,89a3342032d65ae97a9a609436902cd0535ea1001016277a5c7b8dc4849cd2b3,test_final,A-6c,A-6c,A-6a,941,160.1069793701172
C:\Users\Dell\Desktop\Kacper Błachowiak - praca magisterska - klasyfikacja znaków drogowych\KB_Praca_Magisterska\data\raw\polish_traffic_signs_dataset\test\A-6d\2019_0719_142601_003 0133_0.jpg,2019_0719_142601_003 0133_0.jpg,A-6d,test_original,.jpg,1048,True,19,21,3,RGB,165.1820526123047,168.216796875,61.712188720703125,0.0050125313283208,0.1453634085213032,79a86d9d973aee8e79a30e098e2878894885ee4eab59192d2107bf9c7b8d3ec3,test_final,A-6d,A-6d,A-32,960,165.1820526123047
C:\Users\Dell\Desktop\Kacper Błachowiak - praca magisterska - klasyfikacja znaków drogowych\KB_Praca_Magisterska\data\raw\polish_traffic_signs_dataset\test\A-6d\2019_0719_142601_003 0170_0.jpg,2019_0719_142601_003 0170_0.jpg,A-6d,test_original,.jpg,2376,True,43,52,3,RGB,85.78427124023438,69.49250030517578,44.27798843383789,0.0116279069767441,0.0008944543828264,a6ab0b583c2d0fe4021fca0c180b6ece110a27da28e1de276e3a0b44874353e2,test_final,A-6d,A-6d,A-6e,963,85.78427124023438
C:\Users\Dell\Desktop\Kacper Błachowiak - praca magisterska - klasyfikacja znaków drogowych\KB_Praca_Magisterska\data\raw\polish_traffic_signs_dataset\test\A-6d\2019_0719_142601_003 0867_1.jpg,2019_0719_142601_003 0867_1.jpg,A-6d,test_original,.jpg,4709,True,83,81,3,RGB,83.53671264648438,72.93180084228516,39.10335540771485,0.0309385690911795,0.0,9a7e19776a58de6e5a82f52fc29b934297eca43f17651d987e0131bcea766c93,test_final,A-6d,A-6d,A-6e,983,83.53671264648438
C:\Users\Dell\Desktop\Kacper Błachowiak - praca magisterska - klasyfikacja znaków drogowych\KB_Praca_Magisterska\data\raw\polish_traffic_signs_dataset\test\A-6d\2019_0719_142601_003 0951_1.jpg,2019_0719_142601_003 0951_1.jpg,A-6d,test_original,.jpg,1258,True,32,25,3,RGB,155.11093139648438,179.9429931640625,57.186161041259766,0.035,0.0,4efbcb88eba20b9e4d0fe114a73be718331a16a862ea323fc3b1088c977baaf3,test_final,A-6d,A-6d,A-6e,985,155.11093139648438
C:\Users\Dell\Desktop\Kacper Błachowiak - praca magisterska - klasyfikacja znaków drogowych\KB_Praca_Magisterska\data\raw\polish_traffic_signs_dataset\test\A-6d\2019_0721_181936_005 113_1.jpg,2019_0721_181936_005 113_1.jpg,A-6d,test_original,.jpg,2993,True,77,78,3,RGB,128.97042846679688,80.42639923095703,78.37960052490234,0.0084915084915084,0.0033300033300033,c6871cd3cecc23cfdce446c0c355d2beae732b9f992c4c0adb6140cae5785e60,test_final,A-6d,A-6d,A-6e,988,128.97042846679688
C:\Users\Dell\Desktop\Kacper Błachowiak - praca magisterska - klasyfikacja znaków drogowych\KB_Praca_Magisterska\data\raw\polish_traffic_signs_dataset\test\A-6d\2019_0721_181936_005 179_1.jpg,2019_0721_181936_005 179_1.jpg,A-6d,test_original,.jpg,1416,True,36,33,3,RGB,125.08123016357422,174.21380615234375,69.32553100585938,0.0513468013468013,0.0,e988540adbcf31690f65cc91522d2f063bb3865d6caaad98567aeccaf289d972,test_final,A-6d,A-6d,A-20,990,125.08123016357422
C:\Users\Dell\Desktop\Kacper Błachowiak - praca magisterska - klasyfikacja znaków drogowych\KB_Praca_Magisterska\data\raw\polish_traffic_signs_dataset\test\A-6d\2019_0811_190715_005 121_1.jpg,2019_0811_190715_005 121_1.jpg,A-6d,test_original,.jpg,2536,True,58,61,3,RGB,124.61434173583984,82.60860443115234,79.75983428955078,0.0240248728094968,0.0048049745618993,ee5a8671be4bbfb3b3f9bb94f0158b83fdad9faf64dfcc4cdcf0d8e56ba0f68a,test_final,A-6d,A-6d,A-6a,1017,124.61434173583984
C:\Users\Dell\Desktop\Kacper Błachowiak - praca magisterska - klasyfikacja znaków drogowych\KB_Praca_Magisterska\data\raw\polish_traffic_signs_dataset\test\A-6e\2019_0719_142601_003 0228_mirrored_0.jpg,2019_0719_142601_003 0228_mirrored_0.jpg,A-6e,test_original,.jpg,1220,True,27,24,3,RGB,203.71011352539065,234.8013916015625,62.50337219238281,0.0015432098765432,0.412037037037037,8f0cd97f10bf737872502bf9e70407933360278f066908c9fb06e28923f196c5,test_final,A-6e,A-6e,A-30,1027,203.71011352539065
C:\Users\Dell\Desktop\Kacper Błachowiak - praca magisterska - klasyfikacja znaków drogowych\KB_Praca_Magisterska\data\raw\polish_traffic_signs_dataset\test\A-6e\2019_0719_142601_003 0951_mirrored_0.jpg,2019_0719_142601_003 0951_mirrored_0.jpg,A-6e,test_original,.jpg,1312,True,32,25,3,RGB,205.4076385498047,240.96310424804688,66.36233520507812,0.015,0.4775,f923a90aa927585af28f9d0b56d36ea7ae21a53667e24114238da064ead1fdf5,test_final,A-6e,A-6e,A-20,1044,205.4076385498047
C:\Users\Dell\Desktop\Kacper Błachowiak - praca magisterska - klasyfikacja znaków drogowych\KB_Praca_Magisterska\data\raw\polish_traffic_signs_dataset\test\A-6e\2019_0719_142601_003 0951_mirrored_1.jpg,2019_0719_142601_003 0951_mirrored_1.jpg,A-6e,test_original,.jpg,1387,True,29,25,3,RGB,142.06809997558594,124.60140228271484,67.42987060546875,0.0206896551724137,0.0068965517241379,db25ffafbffbbb162462343f7e463af4aed912d667013a9a4a10b24bdec5f56c,test_final,A-6e,A-6e,A-6d,1045,142.06809997558594
C:\Users\Dell\Desktop\Kacper Błachowiak - praca magisterska - klasyfikacja znaków drogowych\KB_Praca_Magisterska\data\raw\polish_traffic_signs_dataset\test\A-6e\2019_0809_155001_003 0788_mirrored_1.jpg,2019_0809_155001_003 0788_mirrored_1.jpg,A-6e,test_original,.jpg,1586,True,41,36,3,RGB,113.5565414428711,149.5883026123047,54.2457389831543,0.0575880758807588,0.0,f5716ac0a73e962b837000fdcb0f26357caca4d6f7715cd51f4bb87a8915e004,test_final,A-6e,A-6e,A-6d,1066,113.5565414428711
C:\Users\Dell\Desktop\Kacper Błachowiak - praca magisterska - klasyfikacja znaków drogowych\KB_Praca_Magisterska\data\raw\polish_traffic_signs_dataset\test\A-6e\2019_0809_155001_003 1054_mirrored_0.jpg,2019_0809_155001_003 1054_mirrored_0.jpg,A-6e,test_original,.jpg,1270,True,41,22,3,RGB,225.6466217041016,247.27850341796875,52.87399291992188,0.0066518847006651,0.5232815964523282,b41de7b1ae38d1e0830f878fb4a947a0ba65c9ece6f9610333e0b49864dfb646,test_final,A-6e,A-6e,A-12a,1068,225.6466217041016
C:\Users\Dell\Desktop\Kacper Błachowiak - praca magisterska - klasyfikacja znaków drogowych\KB_Praca_Magisterska\data\raw\polish_traffic_signs_dataset\test\A-7\2019_0719_142601_003 0169_0.jpg,2019_0719_142601_003 0169_0.jpg,A-7,test_original,.jpg,786,True,14,14,3,RGB,82.12126159667969,73.53500366210938,25.20182037353516,0.0,0.0,5bcf5f130226032f5c1f5b208d2c2157ff77c34fd6b2419bf43d529920186473,test_final,A-7,A-7,A-6d,1080,82.12126159667969
C:\Users\Dell\Desktop\Kacper Błachowiak - praca magisterska - klasyfikacja znaków drogowych\KB_Praca_Magisterska\data\raw\polish_traffic_signs_dataset\test\A-7\2019_0719_142601_003 1316_0.jpg,2019_0719_142601_003 1316_0.jpg,A-7,test_original,.jpg,1078,True,23,23,3,RGB,117.39248657226562,94.3708038330078,54.95973587036133,0.0,0.0,2fee36d1563e4c948d6932c8ba16ac1cc983372169e047a1df3ebdd76d4c6ab8,test_final,A-7,A-7,A-11,1087,117.39248657226562
C:\Users\Dell\Desktop\Kacper Błachowiak - praca magisterska - klasyfikacja znaków drogowych\KB_Praca_Magisterska\data\raw\polish_traffic_signs_dataset\test\A-7\2019_0721_171043_003 0557_0.jpg,2019_0721_171043_003 0557_0.jpg,A-7,test_original,.jpg,1018,True,32,17,3,RGB,61.87837600708008,67.03150177001953,34.19416809082031,0.1011029411764705,0.0,fcf8c83ba1f5c37672495eeb4bf63c1040d3802962782bfb8969677021ae3619,test_final,A-7,A-7,A-11,1109,61.87837600708008
C:\Users\Dell\Desktop\Kacper Błachowiak - praca magisterska - klasyfikacja znaków drogowych\KB_Praca_Magisterska\data\raw\polish_traffic_signs_dataset\test\A-7\2019_0721_171043_003 1408_0.jpg,2019_0721_171043_003 1408_0.jpg,A-7,test_original,.jpg,3686,True,73,77,3,RGB,118.53245544433594,118.08319091796876,55.12953186035156,0.0032022771748799,0.0030243728873865,2beedaeaf8f1ac09ae1f357a0dfeb781140001771d6e17834859ed6d69c3738e,test_final,A-7,A-7,A-11a,1115,118.53245544433594
C:\Users\Dell\Desktop\Kacper Błachowiak - praca magisterska - klasyfikacja znaków drogowych\KB_Praca_Magisterska\data\raw\polish_traffic_signs_dataset\test\A-7\2019_0726_185626_003 947_0.jpg,2019_0726_185626_003 947_0.jpg,A-7,test_original,.jpg,14199,True,245,209,3,RGB,207.911376953125,212.27220153808597,33.06536865234375,9.764671418806757e-05,0.1008299970705985,2143105b49e3b257e35916ac9ee0c2c8f59cb1c0cf4b170379125ba91559d86e,test_final,A-7,A-7,A-32,1140,207.911376953125
C:\Users\Dell\Desktop\Kacper Błachowiak - praca magisterska - klasyfikacja znaków drogowych\KB_Praca_Magisterska\data\raw\polish_traffic_signs_dataset\test\A-7\2019_0809_155001_003 0856_0.jpg,2019_0809_155001_003 0856_0.jpg,A-7,test_original,.jpg,1218,True,33,23,3,RGB,84.28789520263672,40.55239868164063,74.71112060546875,0.0592885375494071,0.0026350461133069,a09f2c74ab9bcfd6ea37398a3f2dffd8545360de7cee2ed75440d07fa603b616,test_final,A-7,A-7,A-6b,1147,84.28789520263672
C:\Users\Dell\Desktop\Kacper Błachowiak - praca magisterska - klasyfikacja znaków drogowych\KB_Praca_Magisterska\data\raw\polish_traffic_signs_dataset\test\A-7\2019_0814_162326_004 1691_0.jpg,2019_0814_162326_004 1691_0.jpg,A-7,test_original,.jpg,1929,True,45,41,3,RGB,146.17837524414062,131.99359130859375,60.23069381713867,0.0010840108401084,0.0005420054200542,e2a6823d0d9b380d28713bbcfdeacb0f3c98dee0110c629c8c170b20d7246223,test_final,A-7,A-7,A-11,1226,146.17837524414062
C:\Users\Dell\Desktop\Kacper Błachowiak - praca magisterska - klasyfikacja znaków drogowych\KB_Praca_Magisterska\data\raw\polish_traffic_signs_dataset\test\A-8\2019_0811_175830_003 0403_0.jpg,2019_0811_175830_003 0403_0.jpg,A-8,test_original,.jpg,6986,True,125,124,3,RGB,213.15599060058597,209.75531005859372,34.19830703735352,0.000258064516129,0.2698709677419355,88348b52ee9992a0f267214afc948f247424f1624345035ce59967726f511c5b,test_final,A-8,A-8,D-1,1251,213.15599060058597
C:\Users\Dell\Desktop\Kacper Błachowiak - praca magisterska - klasyfikacja znaków drogowych\KB_Praca_Magisterska\data\raw\polish_traffic_signs_dataset\test\A-8\2019_0811_175830_003 0533_0.jpg,2019_0811_175830_003 0533_0.jpg,A-8,test_original,.jpg,2771,True,58,59,3,RGB,163.93231201171875,129.96189880371094,86.00370788574219,0.0333138515488018,0.4424313267095266,c449ddd67d34b6e087c6b8201d47285c6c8bec8b21fce62d09e5e59207a5ed25,test_final,A-8,A-8,D-6,1252,163.93231201171875
C:\Users\Dell\Desktop\Kacper Błachowiak - praca magisterska - klasyfikacja znaków drogowych\KB_Praca_Magisterska\data\raw\polish_traffic_signs_dataset\test\A-8\2019_0814_154857_003 0369_0.jpg,2019_0814_154857_003 0369_0.jpg,A-8,test_original,.jpg,2701,True,53,47,3,RGB,114.6566925048828,113.41940307617188,55.81533432006836,0.0128462464873544,0.0020072260136491,776e53382a86f473ac9917b08aaa081afe1ce6de4157688c4e86d9c86e4c77a5,test_final,A-8,A-8,A-6a,1254,114.6566925048828
C:\Users\Dell\Desktop\Kacper Błachowiak - praca magisterska - klasyfikacja znaków drogowych\KB_Praca_Magisterska\data\raw\polish_traffic_signs_dataset\test\A-8\2019_0815_090538_005 1479_0.jpg,2019_0815_090538_005 1479_0.jpg,A-8,test_original,.jpg,2334,True,56,51,3,RGB,143.35321044921875,100.90089416503906,89.73684692382812,0.0413165266106442,0.0525210084033613,969e0bd1a45a800675ac7632fd02ad3f72305763ed8aece49094d7532541d975,test_final,A-8,A-8,A-20,1260,143.35321044921875
C:\Users\Dell\Desktop\Kacper Błachowiak - praca magisterska - klasyfikacja znaków drogowych\KB_Praca_Magisterska\data\raw\polish_traffic_signs_dataset\test\A-8\2019_0830_154511_013 78_1.jpg,2019_0830_154511_013 78_1.jpg,A-8,test_original,.jpg,1636,True,30,34,3,RGB,145.16175842285156,144.4003143310547,59.243988037109375,0.0019607843137254,0.0039215686274509,6529f6104ab8249c92658506e5af82e9513c1df73aee3d2c357d3f408f1780ed,test_final,A-8,A-8,A-2,1264,145.16175842285156
C:\Users\Dell\Desktop\Kacper Błachowiak - praca magisterska - klasyfikacja znaków drogowych\KB_Praca_Magisterska\data\raw\polish_traffic_signs_dataset\test\B-18\2019_0814_162326_004 0922_0.jpg,2019_0814_162326_004 0922_0.jpg,B-18,test_original,.jpg,4998,True,90,71,3,RGB,114.94666290283205,101.12469482421876,76.17692565917969,0.1009389671361502,0.0154929577464788,0702d0a8ff6ed5c138470a3c345973e7034d8dc86069fa5b41d7237556cae918,test_final,B-18,B-18,B-33,1279,114.94666290283205
C:\Users\Dell\Desktop\Kacper Błachowiak - praca magisterska - klasyfikacja znaków drogowych\KB_Praca_Magisterska\data\raw\polish_traffic_signs_dataset\test\B-2\2019_0811_175830_003 0552_0.jpg,2019_0811_175830_003 0552_0.jpg,B-2,test_original,.jpg,2979,True,53,121,3,RGB,212.5613250732422,226.23919677734372,36.740230560302734,0.0006237330422579,0.2097302354592234,b0bf25c0595218910d320c13da7d9eb0ab47cb5c67b2ada084641061fdacd127,test_final,B-2,B-2,B-1,1296,212.5613250732422
C:\Users\Dell\Desktop\Kacper Błachowiak - praca magisterska - klasyfikacja znaków drogowych\KB_Praca_Magisterska\data\raw\polish_traffic_signs_dataset\test\B-2\2019_0811_175830_003 0709_0.jpg,2019_0811_175830_003 0709_0.jpg,B-2,test_original,.jpg,1354,True,29,49,3,RGB,213.9615631103516,225.10919189453125,32.676883697509766,0.0,0.1133004926108374,aca68e50bc7411551d2424cadc5c5c7e47adf719e6ad87004e1b7562ef1dfb7a,test_final,B-2,B-2,B-1,1297,213.9615631103516
C:\Users\Dell\Desktop\Kacper Błachowiak - praca magisterska - klasyfikacja znaków drogowych\KB_Praca_Magisterska\data\raw\polish_traffic_signs_dataset\test\B-20\2019_0811_175830_003 1437_0.jpg,2019_0811_175830_003 1437_0.jpg,B-20,test_original,.jpg,10844,True,149,167,3,RGB,96.29073333740234,74.14080047607422,59.37697219848633,0.0048627577060643,0.084595908853434,562ae6d9297d360a8149ce2d001625b0f575c26b3098a1e0bb974c7394829782,test_final,B-20,B-20,D-51,1342,96.29073333740234
C:\Users\Dell\Desktop\Kacper Błachowiak - praca magisterska - klasyfikacja znaków drogowych\KB_Praca_Magisterska\data\raw\polish_traffic_signs_dataset\test\B-21\2019_0719_150032_004 0594_0.jpg,2019_0719_150032_004 0594_0.jpg,B-21,test_original,.jpg,11658,True,161,169,3,RGB,167.58895874023438,185.3661956787109,71.33628845214844,0.0027196883384174,0.1324929251350656,e16a438e979db0c98c960299f530684f07d87af544da3f1734298f124f8b2970,test_final,B-21,B-21,B-22,1384,167.58895874023438
C:\Users\Dell\Desktop\Kacper Błachowiak - praca magisterska - klasyfikacja znaków drogowych\KB_Praca_Magisterska\data\raw\polish_traffic_signs_dataset\test\B-21\2019_0721_171043_003 0589_0.jpg,2019_0721_171043_003 0589_0.jpg,B-21,test_original,.jpg,3962,True,67,70,3,RGB,93.04285430908205,66.76190185546875,57.59747314453125,0.0232409381663113,0.0023454157782515,5125dba55d09bccce16ab345c58d25f628622320ad918aa996bdb19b8d2eb761,test_final,B-21,B-21,B-22,1385,93.04285430908205
C:\Users\Dell\Desktop\Kacper Błachowiak - praca magisterska - klasyfikacja znaków drogowych\KB_Praca_Magisterska\data\raw\polish_traffic_signs_dataset\test\B-21\2019_0721_171043_003 0590_0.jpg,2019_0721_171043_003 0590_0.jpg,B-21,test_original,.jpg,11397,True,159,181,3,RGB,141.5702667236328,156.67340087890625,67.83354187011719,0.0035442510163661,0.0013899023593592,87f0f8e81c9e287f530c801652593940ddf93ca96e41b863bf9ca37713ebc94a,test_final,B-21,B-21,B-22,1386,141.5702667236328
C:\Users\Dell\Desktop\Kacper Błachowiak - praca magisterska - klasyfikacja znaków drogowych\KB_Praca_Magisterska\data\raw\polish_traffic_signs_dataset\test\B-21\2019_0809_155001_003 0208_0.jpg,2019_0809_155001_003 0208_0.jpg,B-21,test_original,.jpg,1149,True,28,17,3,RGB,155.01988220214844,195.81768798828125,78.56790924072266,0.0588235294117647,0.0399159663865546,2dc9d90b5a1769e9257abd8c5ca1dfc510bbdf76dcac34c55e360047380e7d37,test_final,B-21,B-21,B-22,1387,155.01988220214844
C:\Users\Dell\Desktop\Kacper Błachowiak - praca magisterska - klasyfikacja znaków drogowych\KB_Praca_Magisterska\data\raw\polish_traffic_signs_dataset\test\B-21\2019_0809_155001_003 0209_0.jpg,2019_0809_155001_003 0209_0.jpg,B-21,test_original,.jpg,3005,True,55,51,3,RGB,146.2257843017578,174.32359313964844,79.62667083740234,0.0256684491978609,0.0830659536541889,c5586607e674f12f005fa3ce60364be286059a409627258add8bd6aa90021fc9,test_final,B-21,B-21,B-22,1388,146.2257843017578
C:\Users\Dell\Desktop\Kacper Błachowiak - praca magisterska - klasyfikacja znaków drogowych\KB_Praca_Magisterska\data\raw\polish_traffic_signs_dataset\test\B-21\2019_0809_162432_004 0718_1.jpg,2019_0809_162432_004 0718_1.jpg,B-21,test_original,.jpg,3423,True,69,63,3,RGB,179.8197479248047,214.1289978027344,65.1537857055664,0.0082815734989648,0.026685070163331,fd0189516cd9248876abbe4164983692a011b41ee4ab7facfca14a734a740244,test_final,B-21,B-21,B-22,1390,179.8197479248047
C:\Users\Dell\Desktop\Kacper Błachowiak - praca magisterska - klasyfikacja znaków drogowych\KB_Praca_Magisterska\data\raw\polish_traffic_signs_dataset\test\B-21\2019_0809_162432_004 0890_0.jpg,2019_0809_162432_004 0890_0.jpg,B-21,test_original,.jpg,4059,True,72,68,3,RGB,138.79330444335938,164.3743896484375,63.16666412353516,0.0102124183006535,0.0055147058823529,dd07df16bfee7db2d4765e296fc568eae89135e5c9e9b357f3f1af8509e93432,test_final,B-21,B-21,B-22,1391,138.79330444335938
C:\Users\Dell\Desktop\Kacper Błachowiak - praca magisterska - klasyfikacja znaków drogowych\KB_Praca_Magisterska\data\raw\polish_traffic_signs_dataset\test\B-21\2019_0809_162432_004 0891_0.jpg,2019_0809_162432_004 0891_0.jpg,B-21,test_original,.jpg,1863,True,36,37,3,RGB,139.1524658203125,163.27659606933594,60.39802932739258,0.0277777777777777,0.0,6bc4f59756770fc8d1efee6d2882b3cc1e7e23c830675314298a9ae6a97e67be,test_final,B-21,B-21,B-22,1392,139.1524658203125
C:\Users\Dell\Desktop\Kacper Błachowiak - praca magisterska - klasyfikacja znaków drogowych\KB_Praca_Magisterska\data\raw\polish_traffic_signs_dataset\test\B-21\2019_0811_175830_003 0565_0.jpg,2019_0811_175830_003 0565_0.jpg,B-21,test_original,.jpg,2452,True,55,45,3,RGB,94.75616455078124,75.28279113769531,53.73231887817383,0.023030303030303,0.0,32c0de1e27d772ee735e4ba049858ec815748fc4cffb7829b3580775d7a0e718,test_final,B-21,B-21,B-22,1393,94.75616455078124
C:\Users\Dell\Desktop\Kacper Błachowiak - praca magisterska - klasyfikacja znaków drogowych\KB_Praca_Magisterska\data\raw\polish_traffic_signs_dataset\test\B-21\2019_0814_154857_003 0280_0.jpg,2019_0814_154857_003 0280_0.jpg,B-21,test_original,.jpg,1862,True,36,38,3,RGB,113.94371032714844,99.4477996826172,70.68677520751953,0.0614035087719298,0.0109649122807017,4b85e1454f39a1aa2b3640128ad7382010e786bbd9730e2b48c3cb6a259e3879,test_final,B-21,B-21,B-22,1396,113.94371032714844
C:\Users\Dell\Desktop\Kacper Błachowiak - praca magisterska - klasyfikacja znaków drogowych\KB_Praca_Magisterska\data\raw\polish_traffic_signs_dataset\test\B-21\2019_0815_090538_005 1230_0.jpg,2019_0815_090538_005 1230_0.jpg,B-21,test_original,.jpg,8027,True,129,131,3,RGB,95.14224243164062,73.16959381103516,72.26020050048828,0.0200603586011006,0.0220131368720042,4e962ff95457e07c7b964e1d37ab9e8f30c1a106d8805e92f18b78e09b138f2a,test_final,B-21,B-21,B-22,1401,95.14224243164062
C:\Users\Dell\Desktop\Kacper Błachowiak - praca magisterska - klasyfikacja znaków drogowych\KB_Praca_Magisterska\data\raw\polish_traffic_signs_dataset\test\B-21\2019_0830_154511_013 35_0.jpg,2019_0830_154511_013 35_0.jpg,B-21,test_original,.jpg,3950,True,63,71,3,RGB,175.17495727539062,201.37559509277344,74.11029052734375,0.0051419628884417,0.2926447574334898,83c94cdc7d8ebd8610418649ab87eea321e15b494d2795096be7f0871185cacb,test_final,B-21,B-21,B-22,1404,175.17495727539062
C:\Users\Dell\Desktop\Kacper Błachowiak - praca magisterska - klasyfikacja znaków drogowych\KB_Praca_Magisterska\data\raw\polish_traffic_signs_dataset\test\B-21\2019_0830_154511_013 37_0.jpg,2019_0830_154511_013 37_0.jpg,B-21,test_original,.jpg,10550,True,130,129,3,RGB,168.11351013183594,212.1392059326172,79.56586456298828,0.0078115682766845,0.1329755515802027,27a88b90102bd83c99d36fbb40938c8610f1ffbba7094bb0a45165093c1253d5,test_final,B-21,B-21,B-22,1406,168.11351013183594
C:\Users\Dell\Desktop\Kacper Błachowiak - praca magisterska - klasyfikacja znaków drogowych\KB_Praca_Magisterska\data\raw\polish_traffic_signs_dataset\test\B-21\2019_0830_154511_013 67_0.jpg,2019_0830_154511_013 67_0.jpg,B-21,test_original,.jpg,2445,True,43,51,3,RGB,84.24527740478516,56.5817985534668,65.74612426757812,0.0989512083903328,0.0009119927040583,e7f7448b22b38ff98454eb3c0d1bcac12b910a5a2ddc23c46471000e49b3675b,test_final,B-21,B-21,B-22,1407,84.24527740478516
C:\Users\Dell\Desktop\Kacper Błachowiak - praca magisterska - klasyfikacja znaków drogowych\KB_Praca_Magisterska\data\raw\polish_traffic_signs_dataset\test\B-21\2019_0905_182313_001 0927_0.jpg,2019_0905_182313_001 0927_0.jpg,B-21,test_original,.jpg,2663,True,49,51,3,RGB,131.98777770996094,110.91600036621094,79.0230712890625,0.0144057623049219,0.0848339335734293,abcdfd3517ef12d68bf342b850c23fab8c22ff1afd48f9af2a18ed388bdcb12f,test_final,B-21,B-21,B-22,1411,131.98777770996094
C:\Users\Dell\Desktop\Kacper Błachowiak - praca magisterska - klasyfikacja znaków drogowych\KB_Praca_Magisterska\data\raw\polish_traffic_signs_dataset\test\B-25\2019_0719_142601_003 1100_0.jpg,2019_0719_142601_003 1100_0.jpg,B-25,test_original,.jpg,1162,True,24,25,3,RGB,166.62440490722656,184.09591674804688,71.0916976928711,0.04,0.0716666666666666,ff405c3d3b577151abce638e52bcebe07ec0b16a549b1d807bc39db99b6fb0b1,test_final,B-25,B-25,B-27,1454,166.62440490722656
C:\Users\Dell\Desktop\Kacper Błachowiak - praca magisterska - klasyfikacja znaków drogowych\KB_Praca_Magisterska\data\raw\polish_traffic_signs_dataset\test\B-25\2019_0719_142601_003 1603_0.jpg,2019_0719_142601_003 1603_0.jpg,B-25,test_original,.jpg,1375,True,30,30,3,RGB,187.4994201660156,216.14439392089844,59.554481506347656,0.0088888888888888,0.0333333333333333,3674f9d0c74098659348d96a75aeffc703daccd761df9bbb04e58dcf4326baab,test_final,B-25,B-25,B-8,1470,187.4994201660156
C:\Users\Dell\Desktop\Kacper Błachowiak - praca magisterska - klasyfikacja znaków drogowych\KB_Praca_Magisterska\data\raw\polish_traffic_signs_dataset\test\B-25\2019_0721_171043_003 0793_0.jpg,2019_0721_171043_003 0793_0.jpg,B-25,test_original,.jpg,2314,True,47,43,3,RGB,180.27882385253903,217.00180053710935,73.77497863769531,0.0049480455220188,0.3686293913904008,850202cc9978424d64dc5dff19317ad031e9e98d45d7c672caa268bef2aef755,test_final,B-25,B-25,B-22,1503,180.27882385253903
C:\Users\Dell\Desktop\Kacper Błachowiak - praca magisterska - klasyfikacja znaków drogowych\KB_Praca_Magisterska\data\raw\polish_traffic_signs_dataset\test\B-25\2019_0721_171043_003 0794_0.jpg,2019_0721_171043_003 0794_0.jpg,B-25,test_original,.jpg,14855,True,171,169,3,RGB,154.64163208007812,193.85739135742188,72.05455017089844,0.0102079656735527,0.0127686079103083,c95f2a8ac15eb273b38f4d24e7d0830ce6aad97903341071c826e01aa1056aab,test_final,B-25,B-25,B-26,1504,154.64163208007812
C:\Users\Dell\Desktop\Kacper Błachowiak - praca magisterska - klasyfikacja znaków drogowych\KB_Praca_Magisterska\data\raw\polish_traffic_signs_dataset\test\B-25\2019_0726_185626_003 423_0.jpg,2019_0726_185626_003 423_0.jpg,B-25,test_original,.jpg,11413,True,155,149,3,RGB,178.1005859375,206.8195953369141,75.11612701416016,0.0096990690625676,0.328685862740853,429e69715d26c8fc68dd7c474fae4798a08a0d058d7c36b8d67992c748d7eb99,test_final,B-25,B-25,B-26,1511,178.1005859375
C:\Users\Dell\Desktop\Kacper Błachowiak - praca magisterska - klasyfikacja znaków drogowych\KB_Praca_Magisterska\data\raw\polish_traffic_signs_dataset\test\B-25\2019_0809_155001_003 1351_0.jpg,2019_0809_155001_003 1351_0.jpg,B-25,test_original,.jpg,9976,True,121,174,3,RGB,189.9051513671875,228.6865997314453,63.31535339355469,0.0027548209366391,0.0204711693739906,f316f35e81710d94d1c0fe54d107023e4cc00cc208fa6e5bd61a5ae358231ca2,test_final,B-25,B-25,B-26,1520,189.9051513671875
C:\Users\Dell\Desktop\Kacper Błachowiak - praca magisterska - klasyfikacja znaków drogowych\KB_Praca_Magisterska\data\raw\polish_traffic_signs_dataset\test\B-25\2019_0809_155001_003 1440_0.jpg,2019_0809_155001_003 1440_0.jpg,B-25,test_original,.jpg,4786,True,86,83,3,RGB,188.16033935546875,217.0030059814453,68.57022857666016,0.0040627626786214,0.1358924068366489,60850ccc315bed769802d59b57b9c58ca2d4a086f2591cd3074c6a403fdedbbf,test_final,B-25,B-25,B-26,1521,188.16033935546875
C:\Users\Dell\Desktop\Kacper Błachowiak - praca magisterska - klasyfikacja znaków drogowych\KB_Praca_Magisterska\data\raw\polish_traffic_signs_dataset\test\B-25\2019_0809_155001_003 1847_0.jpg,2019_0809_155001_003 1847_0.jpg,B-25,test_original,.jpg,7181,True,124,124,3,RGB,182.1917266845703,165.92160034179688,52.45407104492188,0.0006503642039542,0.0975546305931321,fc53370121f0e2f633177b4b0a9a8d3c11ecd17469ed2d80d64a086ad0fbf0c0,test_final,B-25,B-25,B-34,1528,182.1917266845703
C:\Users\Dell\Desktop\Kacper Błachowiak - praca magisterska - klasyfikacja znaków drogowych\KB_Praca_Magisterska\data\raw\polish_traffic_signs_dataset\test\B-25\2019_0809_155001_003 1995_0.jpg,2019_0809_155001_003 1995_0.jpg,B-25,test_original,.jpg,3847,True,73,73,3,RGB,195.1575164794922,220.7130126953125,56.2959098815918,0.0001876524676299,0.1189716644773878,47a7c211e590df626077fa19d073e2ea565bd308962a61fa742843cae253c1c9,test_final,B-25,B-25,B-26,1530,195.1575164794922
C:\Users\Dell\Desktop\Kacper Błachowiak - praca magisterska - klasyfikacja znaków drogowych\KB_Praca_Magisterska\data\raw\polish_traffic_signs_dataset\test\B-25\2019_0811_175830_003 0757_0.jpg,2019_0811_175830_003 0757_0.jpg,B-25,test_original,.jpg,17960,True,188,190,3,RGB,160.36936950683594,162.40341186523438,72.79249572753906,0.0047592385218365,0.2126539753639417,b4cbb5c791128b598cd2c0c5c0bd5588fe88ef9c513d680460b6fca67cad2117,test_final,B-25,B-25,B-26,1551,160.36936950683594
C:\Users\Dell\Desktop\Kacper Błachowiak - praca magisterska - klasyfikacja znaków drogowych\KB_Praca_Magisterska\data\raw\polish_traffic_signs_dataset\test\B-25\2019_0811_175830_003 0870_0.jpg,2019_0811_175830_003 0870_0.jpg,B-25,test_original,.jpg,6255,True,114,90,3,RGB,177.56240844726562,180.85308837890625,66.28094482421875,0.0002923976608187,0.2631578947368421,27a6aea5d3014dfdfa3b1b15e0f932d14aefe9f1f335ecf64fb4fc2df2466e3e,test_final,B-25,B-25,C-10,1552,177.56240844726562
C:\Users\Dell\Desktop\Kacper Błachowiak - praca magisterska - klasyfikacja znaków drogowych\KB_Praca_Magisterska\data\raw\polish_traffic_signs_dataset\test\B-25\2019_0811_183255_004 1555_0.jpg,2019_0811_183255_004 1555_0.jpg,B-25,test_original,.jpg,3643,True,90,80,3,RGB,85.64373016357422,55.05780029296875,69.7861557006836,0.0241666666666666,0.0033333333333333,e196177bebc20e6d2c5d7bb06336f1dd0b9aa92a8ee13c213e888a82e36537f8,test_final,B-25,B-25,B-26,1574,85.64373016357422
C:\Users\Dell\Desktop\Kacper Błachowiak - praca magisterska - klasyfikacja znaków drogowych\KB_Praca_Magisterska\data\raw\polish_traffic_signs_dataset\test\B-25\2019_0815_090538_005 0665_0.jpg,2019_0815_090538_005 0665_0.jpg,B-25,test_original,.jpg,1901,True,45,51,3,RGB,88.319091796875,80.73639678955078,56.849422454833984,0.0069716775599128,0.0775599128540305,18a4f9423e370ead04c639f23798f5bb386e692a8f8261d3d7a59176542754ed,test_final,B-25,B-25,B-27,1588,88.319091796875
C:\Users\Dell\Desktop\Kacper Błachowiak - praca magisterska - klasyfikacja znaków drogowych\KB_Praca_Magisterska\data\raw\polish_traffic_signs_dataset\test\B-25\2019_0815_090538_005 1329_0.jpg,2019_0815_090538_005 1329_0.jpg,B-25,test_original,.jpg,1517,True,41,42,3,RGB,65.69983673095703,59.46609878540039,21.059925079345703,0.002903600464576,0.0,60d859a3adafae09c49fbfff373c54a41d36b3cbc591a8bd76b76dd05b065e3f,test_final,B-25,B-25,B-27,1598,65.69983673095703
C:\Users\Dell\Desktop\Kacper Błachowiak - praca magisterska - klasyfikacja znaków drogowych\KB_Praca_Magisterska\data\raw\polish_traffic_signs_dataset\test\B-27\2019_0719_142601_003 1834_0.jpg,2019_0719_142601_003 1834_0.jpg,B-27,test_original,.jpg,2326,True,50,46,3,RGB,112.96147918701172,109.7126007080078,63.64436340332031,0.0469565217391304,0.0,a0365f6b3bc9c84a0b5d3ad9daeeff46a05322cdcd20716b71a1842341b982e4,test_final,B-27,B-27,B-42,1629,112.96147918701172
C:\Users\Dell\Desktop\Kacper Błachowiak - praca magisterska - klasyfikacja znaków drogowych\KB_Praca_Magisterska\data\raw\polish_traffic_signs_dataset\test\B-27\2019_0809_162432_004 0024_0.jpg,2019_0809_162432_004 0024_0.jpg,B-27,test_original,.jpg,1901,True,47,34,3,RGB,133.1784210205078,132.32550048828125,79.44749450683594,0.030037546933667,0.032540675844806,0aef07054ec7c94a81dc7ff55c10c06d94e1e4789a66ff618d9a46e4b54747ea,test_final,B-27,B-27,B-42,1636,133.1784210205078
C:\Users\Dell\Desktop\Kacper Błachowiak - praca magisterska - klasyfikacja znaków drogowych\KB_Praca_Magisterska\data\raw\polish_traffic_signs_dataset\test\B-27\2019_0811_183255_004 0595_0.jpg,2019_0811_183255_004 0595_0.jpg,B-27,test_original,.jpg,4341,True,86,102,3,RGB,123.01171112060548,141.67459106445312,53.533878326416016,0.0,0.0,fd2acfde6e5b3ca1289e83a1b2c5160182ec78620c7059dc65b24442c80ecf18,test_final,B-27,B-27,A-11a,1637,123.01171112060548
C:\Users\Dell\Desktop\Kacper Błachowiak - praca magisterska - klasyfikacja znaków drogowych\KB_Praca_Magisterska\data\raw\polish_traffic_signs_dataset\test\B-27\2019_0901_165821_014 1494_0.jpg,2019_0901_165821_014 1494_0.jpg,B-27,test_original,.jpg,3302,True,70,73,3,RGB,120.53397369384766,108.9238052368164,60.56157684326172,0.010958904109589,0.0,f0d002fe35ba98cedd1bd515ed9bc3d6972ab7a3124b2e183a9bd2452f03c71d,test_final,B-27,B-27,B-42,1650,120.53397369384766
C:\Users\Dell\Desktop\Kacper Błachowiak - praca magisterska - klasyfikacja znaków drogowych\KB_Praca_Magisterska\data\raw\polish_traffic_signs_dataset\test\B-27\2019_0901_165821_014 1815_0.jpg,2019_0901_165821_014 1815_0.jpg,B-27,test_original,.jpg,4089,True,84,83,3,RGB,68.82730102539062,37.79019927978516,81.57923126220703,0.204245553643144,0.1302352266207687,effdf5b8476da5dc502daabd99e8cdf776baed7c870c9c582f33cc98d98cb9bd,test_final,B-27,B-27,B-34,1651,68.82730102539062
C:\Users\Dell\Desktop\Kacper Błachowiak - praca magisterska - klasyfikacja znaków drogowych\KB_Praca_Magisterska\data\raw\polish_traffic_signs_dataset\test\B-27\2019_0905_182313_001 1075_0.jpg,2019_0905_182313_001 1075_0.jpg,B-27,test_original,.jpg,4287,True,83,86,3,RGB,198.92642211914065,212.4263916015625,57.76716613769531,0.0142897170075651,0.1032502101428971,17cbbe7c0da3ea96623965e7ad13b024423e8be4a79862726693239bd90b5571,test_final,B-27,B-27,B-34,1653,198.92642211914065
C:\Users\Dell\Desktop\Kacper Błachowiak - praca magisterska - klasyfikacja znaków drogowych\KB_Praca_Magisterska\data\raw\polish_traffic_signs_dataset\test\B-27\2019_0905_182313_001 1214_0.jpg,2019_0905_182313_001 1214_0.jpg,B-27,test_original,.jpg,2479,True,63,63,3,RGB,211.3822479248047,224.5026092529297,47.58557891845703,0.00100781053162,0.1740992693373645,fc0244b8b8b02faae1ebaf4e5ba4ec4d80427b713c63293c3cd3d30aca46cae2,test_final,B-27,B-27,B-34,1654,211.3822479248047
C:\Users\Dell\Desktop\Kacper Błachowiak - praca magisterska - klasyfikacja znaków drogowych\KB_Praca_Magisterska\data\raw\polish_traffic_signs_dataset\test\B-27\2019_0905_182313_001 1256_0.jpg,2019_0905_182313_001 1256_0.jpg,B-27,test_original,.jpg,3390,True,75,70,3,RGB,200.50433349609372,230.0,60.6657600402832,0.0182857142857142,0.0283809523809523,4aea14dd7ef64190394e1679db816e462b64e1e1580c5e446118f130fba75ab6,test_final,B-27,B-27,B-34,1655,200.50433349609372
C:\Users\Dell\Desktop\Kacper Błachowiak - praca magisterska - klasyfikacja znaków drogowych\KB_Praca_Magisterska\data\raw\polish_traffic_signs_dataset\test\B-33\2019_0714_142630_003 131_1.jpg,2019_0714_142630_003 131_1.jpg,B-33,test_original,.jpg,1297,True,26,30,3,RGB,97.39810943603516,82.38589477539062,61.52976608276367,0.0653846153846153,0.0256410256410256,39ecbd95d977eb958c9aa93f2b4fc08f350d123794f2785e84d3b6c50d2c063a,test_final,B-33,B-33,B-18,1658,97.39810943603516
C:\Users\Dell\Desktop\Kacper Błachowiak - praca magisterska - klasyfikacja znaków drogowych\KB_Praca_Magisterska\data\raw\polish_traffic_signs_dataset\test\B-33\2019_0719_142601_003 0098_1.jpg,2019_0719_142601_003 0098_1.jpg,B-33,test_original,.jpg,1043,True,18,19,3,RGB,151.724365234375,155.77499389648438,56.09844970703125,0.0,0.0789473684210526,014bc0276f306080a5546e0e9cced6b3012f45bdb717262bc11d6fd8bbc25f0e,test_final,B-33,B-33,B-18,1660,151.724365234375
C:\Users\Dell\Desktop\Kacper Błachowiak - praca magisterska - klasyfikacja znaków drogowych\KB_Praca_Magisterska\data\raw\polish_traffic_signs_dataset\test\B-33\2019_0719_142601_003 0099_0.jpg,2019_0719_142601_003 0099_0.jpg,B-33,test_original,.jpg,1218,True,24,26,3,RGB,144.80503845214844,163.83999633789062,63.66548156738281,0.0128205128205128,0.0240384615384615,45a38d94f85ef4d00fb0f95a50e82277909b869e5253b0c11437522d85df07bf,test_final,B-33,B-33,B-8,1661,144.80503845214844
C:\Users\Dell\Desktop\Kacper Błachowiak - praca magisterska - klasyfikacja znaków drogowych\KB_Praca_Magisterska\data\raw\polish_traffic_signs_dataset\test\B-33\2019_0719_142601_003 0119_0.jpg,2019_0719_142601_003 0119_0.jpg,B-33,test_original,.jpg,903,True,18,15,3,RGB,145.61056518554688,140.36129760742188,52.50080108642578,0.0,0.0037037037037037,19180174158a745aefdcc9edb8dfcbf0b9f339230f84004cb4948006e4147928,test_final,B-33,B-33,A-20,1664,145.61056518554688
C:\Users\Dell\Desktop\Kacper Błachowiak - praca magisterska - klasyfikacja znaków drogowych\KB_Praca_Magisterska\data\raw\polish_traffic_signs_dataset\test\B-33\2019_0719_142601_003 0193_0.jpg,2019_0719_142601_003 0193_0.jpg,B-33,test_original,.jpg,1088,True,20,20,3,RGB,144.0167999267578,149.56900024414062,67.19170379638672,0.0075,0.075,304ce3b48deb5fb91fb992ae8123159fcec39e44d52812bae6eb415ed0462d66,test_final,B-33,B-33,B-34,1679,144.0167999267578
C:\Users\Dell\Desktop\Kacper Błachowiak - praca magisterska - klasyfikacja znaków drogowych\KB_Praca_Magisterska\data\raw\polish_traffic_signs_dataset\test\B-33\2019_0719_142601_003 0193_1.jpg,2019_0719_142601_003 0193_1.jpg,B-33,test_original,.jpg,1055,True,18,19,3,RGB,130.6543731689453,130.70999145507812,59.84905624389648,0.0029239766081871,0.0263157894736842,69874d69e2aa5ade13b1f354b7982355517e38880ad2eabc2ca75ab70c6200c9,test_final,B-33,B-33,C-12,1680,130.6543731689453
C:\Users\Dell\Desktop\Kacper Błachowiak - praca magisterska - klasyfikacja znaków drogowych\KB_Praca_Magisterska\data\raw\polish_traffic_signs_dataset\test\B-33\2019_0719_142601_003 0225_0.jpg,2019_0719_142601_003 0225_0.jpg,B-33,test_original,.jpg,1193,True,20,27,3,RGB,115.20915985107422,99.86669921875,54.12955856323242,0.0314814814814814,0.0018518518518518,5f9c26ec750e1bbca3431c5080fedbe42fce7ba578b730708d68f82b7bcb8d67,test_final,B-33,B-33,B-18,1685,115.20915985107422
C:\Users\Dell\Desktop\Kacper Błachowiak - praca magisterska - klasyfikacja znaków drogowych\KB_Praca_Magisterska\data\raw\polish_traffic_signs_dataset\test\B-33\2019_0719_142601_003 0369_0.jpg,2019_0719_142601_003 0369_0.jpg,B-33,test_original,.jpg,1077,True,21,21,3,RGB,95.0549087524414,68.19820404052734,56.48575592041016,0.0,0.0,edb106c23b658c3682d4f916123d2fd6dfa8e3319f50386383dc5c3d9bdd1497,test_final,B-33,B-33,B-18,1692,95.0549087524414
C:\Users\Dell\Desktop\Kacper Błachowiak - praca magisterska - klasyfikacja znaków drogowych\KB_Praca_Magisterska\data\raw\polish_traffic_signs_dataset\test\B-33\2019_0719_142601_003 0369_1.jpg,2019_0719_142601_003 0369_1.jpg,B-33,test_original,.jpg,1022,True,19,22,3,RGB,107.2025146484375,99.02629089355467,43.92084884643555,0.0023923444976076,0.0047846889952153,f9c33d3606407bf38eebb4d216a3b61dea28d8764ffd94d5c1fbdc32f04cc4de,test_final,B-33,B-33,B-18,1693,107.2025146484375
C:\Users\Dell\Desktop\Kacper Błachowiak - praca magisterska - klasyfikacja znaków drogowych\KB_Praca_Magisterska\data\raw\polish_traffic_signs_dataset\test\B-33\2019_0719_142601_003 0370_0.jpg,2019_0719_142601_003 0370_0.jpg,B-33,test_original,.jpg,1633,True,35,34,3,RGB,126.25691986083984,132.4936065673828,63.77807235717773,0.0285714285714285,0.0008403361344537,51c3e3e3c2a649b2cfbaab22de99a114b9205edf9c02216cb2efa43c8d7032b4,test_final,B-33,B-33,B-18,1694,126.25691986083984
C:\Users\Dell\Desktop\Kacper Błachowiak - praca magisterska - klasyfikacja znaków drogowych\KB_Praca_Magisterska\data\raw\polish_traffic_signs_dataset\test\B-33\2019_0719_142601_003 0370_1.jpg,2019_0719_142601_003 0370_1.jpg,B-33,test_original,.jpg,1517,True,39,32,3,RGB,89.7474365234375,61.20600128173828,57.76019287109375,0.0272435897435897,0.0016025641025641,32dd98f9e1b7afc9afa8a26bb6d0ab00761f5e2e095caaf4e137272c6f3eaee8,test_final,B-33,B-33,B-18,1695,89.7474365234375
C:\Users\Dell\Desktop\Kacper Błachowiak - praca magisterska - klasyfikacja znaków drogowych\KB_Praca_Magisterska\data\raw\polish_traffic_signs_dataset\test\B-33\2019_0719_142601_003 0663_0.jpg,2019_0719_142601_003 0663_0.jpg,B-33,test_original,.jpg,1278,True,28,26,3,RGB,190.3809509277344,222.5736083984375,77.29329681396484,0.0343406593406593,0.4354395604395604,c3b854c9e0cd33c7ef719551735a2d5d707504a7b90cab8ed66baada5de62224,test_final,B-33,B-33,B-34,1698,190.3809509277344
C:\Users\Dell\Desktop\Kacper Błachowiak - praca magisterska - klasyfikacja znaków drogowych\KB_Praca_Magisterska\data\raw\polish_traffic_signs_dataset\test\B-33\2019_0719_142601_003 0664_0.jpg,2019_0719_142601_003 0664_0.jpg,B-33,test_original,.jpg,1493,True,30,31,3,RGB,184.7084045410156,215.9658966064453,75.04354095458984,0.0172043010752688,0.2978494623655914,45f0bd36dd894a2b2ba381d2ee7e54762c150f6c773b18b1181179b2495dc87b,test_final,B-33,B-33,B-34,1699,184.7084045410156
C:\Users\Dell\Desktop\Kacper Błachowiak - praca magisterska - klasyfikacja znaków drogowych\KB_Praca_Magisterska\data\raw\polish_traffic_signs_dataset\test\B-33\2019_0719_142601_003 0672_0.jpg,2019_0719_142601_003 0672_0.jpg,B-33,test_original,.jpg,996,True,17,19,3,RGB,161.0709991455078,170.78619384765625,66.36299896240234,0.0,0.0990712074303405,0f47fff6e31fe8eab129c5ef9be7ac9b59d6f768f7a6d1ce39c5e48307850a89,test_final,B-33,B-33,B-18,1701,161.0709991455078
C:\Users\Dell\Desktop\Kacper Błachowiak - praca magisterska - klasyfikacja znaków drogowych\KB_Praca_Magisterska\data\raw\polish_traffic_signs_dataset\test\B-33\2019_0719_142601_003 0673_0.jpg,2019_0719_142601_003 0673_0.jpg,B-33,test_original,.jpg,1308,True,26,25,3,RGB,163.75030517578125,190.78619384765625,81.05442810058594,0.0553846153846153,0.1769230769230769,72b778717cc3feea3a2e990f6f64f8caa466eb846e1ca1615d1df5d16d185a12,test_final,B-33,B-33,B-34,1702,163.75030517578125
C:\Users\Dell\Desktop\Kacper Błachowiak - praca magisterska - klasyfikacja znaków drogowych\KB_Praca_Magisterska\data\raw\polish_traffic_signs_dataset\test\B-33\2019_0719_142601_003 1100_0.jpg,2019_0719_142601_003 1100_0.jpg,B-33,test_original,.jpg,1210,True,24,25,3,RGB,167.57025146484375,204.343994140625,78.33677673339844,0.0533333333333333,0.1066666666666666,09761dd1096b73175d1bdc080d1843f054a61d85449ddde5badfdeffc2084cb7,test_final,B-33,B-33,B-18,1712,167.57025146484375
C:\Users\Dell\Desktop\Kacper Błachowiak - praca magisterska - klasyfikacja znaków drogowych\KB_Praca_Magisterska\data\raw\polish_traffic_signs_dataset\test\B-33\2019_0719_142601_003 1299_0.jpg,2019_0719_142601_003 1299_0.jpg,B-33,test_original,.jpg,1086,True,22,21,3,RGB,126.21648406982422,105.0145034790039,63.2730598449707,0.0,0.0238095238095238,6c464cc2ee526c05479e97ced9a1b86f9c58d3e1ff50fdd1808eee9d8a0458a9,test_final,B-33,B-33,B-18,1717,126.21648406982422
C:\Users\Dell\Desktop\Kacper Błachowiak - praca magisterska - klasyfikacja znaków drogowych\KB_Praca_Magisterska\data\raw\polish_traffic_signs_dataset\test\B-33\2019_0719_142601_003 1300_0.jpg,2019_0719_142601_003 1300_0.jpg,B-33,test_original,.jpg,1147,True,23,21,3,RGB,154.4072265625,168.69439697265625,75.98810577392578,0.0269151138716356,0.0869565217391304,0d036b654ce3279c1e112c767e33e3cd534433ee6046dcc60364ed461c201933,test_final,B-33,B-33,B-34,1718,154.4072265625
C:\Users\Dell\Desktop\Kacper Błachowiak - praca magisterska - klasyfikacja znaków drogowych\KB_Praca_Magisterska\data\raw\polish_traffic_signs_dataset\test\B-33\2019_0719_142601_003 1331_0.jpg,2019_0719_142601_003 1331_0.jpg,B-33,test_original,.jpg,1206,True,24,26,3,RGB,111.3015594482422,73.19100189208984,76.79460906982422,0.0192307692307692,0.0448717948717948,2fb7eed029e941c37f8f9675f0f7b83f8dc861937d5207f15538a8fdb62d2b1f,test_final,B-33,B-33,B-18,1726,111.3015594482422
C:\Users\Dell\Desktop\Kacper Błachowiak - praca magisterska - klasyfikacja znaków drogowych\KB_Praca_Magisterska\data\raw\polish_traffic_signs_dataset\test\B-33\2019_0719_142601_003 1496_0.jpg,2019_0719_142601_003 1496_0.jpg,B-33,test_original,.jpg,1111,True,21,20,3,RGB,114.17288208007812,99.69769287109376,66.04740905761719,0.019047619047619,0.0047619047619047,8863ba3a21f862be46ed1aeeb768e7eb1fefe99be9e6105eae4e011f1ef9e8c2,test_final,B-33,B-33,B-18,1732,114.17288208007812
C:\Users\Dell\Desktop\Kacper Błachowiak - praca magisterska - klasyfikacja znaków drogowych\KB_Praca_Magisterska\data\raw\polish_traffic_signs_dataset\test\B-33\2019_0719_142601_003 1603_0.jpg,2019_0719_142601_003 1603_0.jpg,B-33,test_original,.jpg,1446,True,29,31,3,RGB,176.35369873046875,208.9318084716797,69.03746032714844,0.0155728587319243,0.0589543937708565,63235db8ff796afcfd026c77c20d5f0d2c2d7f60f99f9ba61e7343f3e53204e4,test_final,B-33,B-33,B-9,1734,176.35369873046875
C:\Users\Dell\Desktop\Kacper Błachowiak - praca magisterska - klasyfikacja znaków drogowych\KB_Praca_Magisterska\data\raw\polish_traffic_signs_dataset\test\B-33\2019_0719_142601_003 1766_0.jpg,2019_0719_142601_003 1766_0.jpg,B-33,test_original,.jpg,1065,True,21,19,3,RGB,118.33406066894533,82.11439514160156,73.96172332763672,0.0025062656641604,0.0526315789473684,951ff1ea997d0b8b02251428bd1ab8ae21b70db1a58c8aaa4a269c8134cad14f,test_final,B-33,B-33,B-18,1745,118.33406066894533
C:\Users\Dell\Desktop\Kacper Błachowiak - praca magisterska - klasyfikacja znaków drogowych\KB_Praca_Magisterska\data\raw\polish_traffic_signs_dataset\test\B-33\2019_0719_142601_003 1798_0.jpg,2019_0719_142601_003 1798_0.jpg,B-33,test_original,.jpg,1890,True,34,34,3,RGB,177.36358642578125,224.0727996826172,81.8194580078125,0.046712802768166,0.1920415224913494,15ff6eaaffe79eac73781a67481755af8130f17d0cf74723d42514637a67e946,test_final,B-33,B-33,B-9,1748,177.36358642578125
C:\Users\Dell\Desktop\Kacper Błachowiak - praca magisterska - klasyfikacja znaków drogowych\KB_Praca_Magisterska\data\raw\polish_traffic_signs_dataset\test\B-33\2019_0719_150032_004 1202_1.jpg,2019_0719_150032_004 1202_1.jpg,B-33,test_original,.jpg,1366,True,27,29,3,RGB,132.6762237548828,123.12359619140624,76.22991943359375,0.0549169859514687,0.0242656449553001,76b9245eeecf7a1e54eaa6c91f75f0330bf3a50ac1975c50f005e8fb77dcf1ab,test_final,B-33,B-33,B-18,1776,132.6762237548828
C:\Users\Dell\Desktop\Kacper Błachowiak - praca magisterska - klasyfikacja znaków drogowych\KB_Praca_Magisterska\data\raw\polish_traffic_signs_dataset\test\B-33\2019_0721_171043_003 0812_0.jpg,2019_0721_171043_003 0812_0.jpg,B-33,test_original,.jpg,2090,True,47,49,3,RGB,183.40216064453125,186.4871826171875,45.77294158935547,0.0052105948762483,0.1237516283108988,015327adb9418d040ca7208595d6adce80ac45ef7d3971224da7c637b919abb4,test_final,B-33,B-33,B-18,1787,183.40216064453125
C:\Users\Dell\Desktop\Kacper Błachowiak - praca magisterska - klasyfikacja znaków drogowych\KB_Praca_Magisterska\data\raw\polish_traffic_signs_dataset\test\B-33\2019_0721_171043_003 0920_0.jpg,2019_0721_171043_003 0920_0.jpg,B-33,test_original,.jpg,4739,True,84,90,3,RGB,148.51583862304688,164.94439697265625,65.1747055053711,0.0326719576719576,0.1236772486772486,87591e5b4e1c56d5f2847d41b3b4bd7ecefc54fab2de14d7ba2aa8b5a02588fa,test_final,B-33,B-33,B-34,1790,148.51583862304688
C:\Users\Dell\Desktop\Kacper Błachowiak - praca magisterska - klasyfikacja znaków drogowych\KB_Praca_Magisterska\data\raw\polish_traffic_signs_dataset\test\B-33\2019_0809_155001_003 1378_0.jpg,2019_0809_155001_003 1378_0.jpg,B-33,test_original,.jpg,2972,True,49,55,3,RGB,171.03224182128906,222.5538024902344,82.18309783935547,0.0467532467532467,0.1313543599257885,d921a4eb618d20ced1d56f26fbb5372eb555dafcedb8a549e4fc2e753c5c8c02,test_final,B-33,B-33,B-22,1871,171.03224182128906
C:\Users\Dell\Desktop\Kacper Błachowiak - praca magisterska - klasyfikacja znaków drogowych\KB_Praca_Magisterska\data\raw\polish_traffic_signs_dataset\test\B-33\2019_0809_155001_003 1524_0.jpg,2019_0809_155001_003 1524_0.jpg,B-33,test_original,.jpg,1763,True,38,26,3,RGB,159.93138122558594,162.80551147460938,79.4206314086914,0.0425101214574898,0.2327935222672064,4e9f37c44f23a2c7406a25892e3044c61cc9e10d021af4992f1c28ab2ce580d8,test_final,B-33,B-33,B-22,1874,159.93138122558594
C:\Users\Dell\Desktop\Kacper Błachowiak - praca magisterska - klasyfikacja znaków drogowych\KB_Praca_Magisterska\data\raw\polish_traffic_signs_dataset\test\B-33\2019_0809_155001_003 1994_0.jpg,2019_0809_155001_003 1994_0.jpg,B-33,test_original,.jpg,2145,True,43,35,3,RGB,138.33262634277344,122.68180084228516,91.0068588256836,0.0611295681063122,0.2538205980066445,8b58af84eae42fa7166f17487664315ad54b8604c2b86e98e5a0de8db8797ec1,test_final,B-33,B-33,B-18,1886,138.33262634277344
C:\Users\Dell\Desktop\Kacper Błachowiak - praca magisterska - klasyfikacja znaków drogowych\KB_Praca_Magisterska\data\raw\polish_traffic_signs_dataset\test\B-33\2019_0811_183255_004 0966_0.jpg,2019_0811_183255_004 0966_0.jpg,B-33,test_original,.jpg,3103,True,94,94,3,RGB,15.978341102600098,11.931800842285156,20.26727104187012,0.5935943866002716,0.0,ace145458d316887ff13ba50d7af0a7fe381ecad8f0980483f3c2654484029fc,test_final,B-33,B-33,B-34,1951,15.978341102600098
C:\Users\Dell\Desktop\Kacper Błachowiak - praca magisterska - klasyfikacja znaków drogowych\KB_Praca_Magisterska\data\raw\polish_traffic_signs_dataset\test\B-33\2019_0811_183255_004 1623_0.jpg,2019_0811_183255_004 1623_0.jpg,B-33,test_original,.jpg,2965,True,65,78,3,RGB,78.74658966064453,44.64579772949219,69.28704071044922,0.1339250493096647,0.0,795d81b847a9f6f4b58b82ecd6deb30357769b3b6da129e0a32f668536ba9b15,test_final,B-33,B-33,B-34,1963,78.74658966064453
C:\Users\Dell\Desktop\Kacper Błachowiak - praca magisterska - klasyfikacja znaków drogowych\KB_Praca_Magisterska\data\raw\polish_traffic_signs_dataset\test\B-33\2019_0811_190715_005 451_0.jpg,2019_0811_190715_005 451_0.jpg,B-33,test_original,.jpg,1480,True,26,36,3,RGB,102.91735076904295,76.7384033203125,74.23912811279297,0.110042735042735,0.0032051282051282,3bf5e89ca12b3988e71ffb98344f9be6249486b934d5073df0c6e0c7fd385415,test_final,B-33,B-33,B-18,1977,102.91735076904295
C:\Users\Dell\Desktop\Kacper Błachowiak - praca magisterska - klasyfikacja znaków drogowych\KB_Praca_Magisterska\data\raw\polish_traffic_signs_dataset\test\B-34\2019_0811_175830_003 0872_0.jpg,2019_0811_175830_003 0872_0.jpg,B-34,test_original,.jpg,9324,True,135,140,3,RGB,164.98690795898438,192.6039886474609,75.26091003417969,0.0025396825396825,0.104021164021164,c46ec9299d0a9355017463257283849c52f34e1b91ae290c7cf717204e8a0402,test_final,B-34,B-34,B-42,2001,164.98690795898438
C:\Users\Dell\Desktop\Kacper Błachowiak - praca magisterska - klasyfikacja znaków drogowych\KB_Praca_Magisterska\data\raw\polish_traffic_signs_dataset\test\B-34\2019_0814_154857_003 1074_0.jpg,2019_0814_154857_003 1074_0.jpg,B-34,test_original,.jpg,3874,True,82,80,3,RGB,183.73760986328125,197.3560028076172,45.3467025756836,0.0,0.0027439024390243,dbbc1dc4ab5b7bc8b049dc5ef5b912e8bf91af443c73087f36d75d9872f565a3,test_final,B-34,B-34,D-2,2004,183.73760986328125
C:\Users\Dell\Desktop\Kacper Błachowiak - praca magisterska - klasyfikacja znaków drogowych\KB_Praca_Magisterska\data\raw\polish_traffic_signs_dataset\test\B-36\2019_0719_142601_003 0132_0.jpg,2019_0719_142601_003 0132_0.jpg,B-36,test_original,.jpg,1080,True,25,22,3,RGB,103.7676010131836,104.79420471191406,18.178911209106445,0.0,0.0,d1f2d8b55c08f141ba1b6c52c23344399223e4dc800620f31fb6783961b26ef8,test_final,B-36,B-36,A-4,2011,103.7676010131836
C:\Users\Dell\Desktop\Kacper Błachowiak - praca magisterska - klasyfikacja znaków drogowych\KB_Praca_Magisterska\data\raw\polish_traffic_signs_dataset\test\B-36\2019_0814_154857_003 0114_0.jpg,2019_0814_154857_003 0114_0.jpg,B-36,test_original,.jpg,3534,True,43,106,3,RGB,105.22196197509766,98.56400299072266,46.55268096923828,0.0015357612988152,0.0004387889425186,29d00dfd0307bb0f363f5f257d85a52d94b501c035b69743d7a7cf38a1625ba5,test_final,B-36,B-36,B-34,2110,105.22196197509766
C:\Users\Dell\Desktop\Kacper Błachowiak - praca magisterska - klasyfikacja znaków drogowych\KB_Praca_Magisterska\data\raw\polish_traffic_signs_dataset\test\B-41\2019_0719_142601_003 1540_0.jpg,2019_0719_142601_003 1540_0.jpg,B-41,test_original,.jpg,9974,True,129,189,3,RGB,174.94544982910156,208.3163909912109,52.65394973754883,0.0011484352569623,0.0008203108978302,1c4a1f44bfdabdb9500d9129b8167781fafd17013e2bbaf68634fa1c0f92bf4d,test_final,B-41,B-41,B-22,2156,174.94544982910156
C:\Users\Dell\Desktop\Kacper Błachowiak - praca magisterska - klasyfikacja znaków drogowych\KB_Praca_Magisterska\data\raw\polish_traffic_signs_dataset\test\B-41\2019_0809_155001_003 1790_0.jpg,2019_0809_155001_003 1790_0.jpg,B-41,test_original,.jpg,4742,True,92,90,3,RGB,191.56594848632807,203.4584045410156,54.89896774291992,0.0031400966183574,0.2054347826086956,41c508d1bd85c9860d8f53ed66c24d87c61b081f44641cd02c8d97664a7c5bcb,test_final,B-41,B-41,B-34,2158,191.56594848632807
C:\Users\Dell\Desktop\Kacper Błachowiak - praca magisterska - klasyfikacja znaków drogowych\KB_Praca_Magisterska\data\raw\polish_traffic_signs_dataset\test\B-42\2019_0719_142601_003 0993_0.jpg,2019_0719_142601_003 0993_0.jpg,B-42,test_original,.jpg,1534,True,37,41,3,RGB,191.8150177001953,196.93179321289065,55.336551666259766,0.025708635464733,0.017139090309822,fac7c6134ab8c5dc8a882b772b2e4040a5e29d0d7b4a03c66f4efc9f7f95c6a5,test_final,B-42,B-42,B-34,2159,191.8150177001953
C:\Users\Dell\Desktop\Kacper Błachowiak - praca magisterska - klasyfikacja znaków drogowych\KB_Praca_Magisterska\data\raw\polish_traffic_signs_dataset\test\B-42\2019_0815_090538_005 0549_0.jpg,2019_0815_090538_005 0549_0.jpg,B-42,test_original,.jpg,6797,True,140,155,3,RGB,93.27967071533205,56.60799789428711,74.0338363647461,0.0206451612903225,0.0035483870967741,64e0cd5c3b571b70e042758039550148c3c0229bbc93da1dbb1d69105b6253ae,test_final,B-42,B-42,B-27,2168,93.27967071533205
C:\Users\Dell\Desktop\Kacper Błachowiak - praca magisterska - klasyfikacja znaków drogowych\KB_Praca_Magisterska\data\raw\polish_traffic_signs_dataset\test\B-42\2019_0816_172034_007 0070_0.jpg,2019_0816_172034_007 0070_0.jpg,B-42,test_original,.jpg,8217,True,151,161,3,RGB,156.23912048339844,158.50259399414062,60.60989761352539,0.0059643782649829,0.0977746699025132,111975a1b1e65fed532d7f363239498aed32b8f292acddb2667532691e00b9bd,test_final,B-42,B-42,B-27,2171,156.23912048339844
C:\Users\Dell\Desktop\Kacper Błachowiak - praca magisterska - klasyfikacja znaków drogowych\KB_Praca_Magisterska\data\raw\polish_traffic_signs_dataset\test\B-43\2019_0726_185626_003 043_0.jpg,2019_0726_185626_003 043_0.jpg,B-43,test_original,.jpg,1892,True,53,57,3,RGB,144.46510314941406,150.21380615234375,18.483417510986328,0.0,0.0,e250eb666af3656a60cfd13fea3ec4ab56ac51bf6bc2fcb0e8af9ac31cbe1837,test_final,B-43,B-43,B-34,2177,144.46510314941406
C:\Users\Dell\Desktop\Kacper Błachowiak - praca magisterska - klasyfikacja znaków drogowych\KB_Praca_Magisterska\data\raw\polish_traffic_signs_dataset\test\B-43\2019_1223_114427_004 1297_0.jpg,2019_1223_114427_004 1297_0.jpg,B-43,test_original,.jpg,1345,True,31,31,3,RGB,150.67510986328125,169.7404022216797,54.1917610168457,0.0,0.0020811654526534,5327c70f8d47045b855e99f900f25ed8712f76084302390834e1511920508370,test_final,B-43,B-43,B-18,2203,150.67510986328125
C:\Users\Dell\Desktop\Kacper Błachowiak - praca magisterska - klasyfikacja znaków drogowych\KB_Praca_Magisterska\data\raw\polish_traffic_signs_dataset\test\B-43\2019_1223_114427_004 1298_0.jpg,2019_1223_114427_004 1298_0.jpg,B-43,test_original,.jpg,1359,True,31,32,3,RGB,166.88523864746094,188.5950927734375,48.27091598510742,0.0,0.0,218ce158882bb3e420629df37a4e413565eee90a680db228cd962a60f377ab45,test_final,B-43,B-43,B-18,2204,166.88523864746094
C:\Users\Dell\Desktop\Kacper Błachowiak - praca magisterska - klasyfikacja znaków drogowych\KB_Praca_Magisterska\data\raw\polish_traffic_signs_dataset\test\B-44\2019_0811_175830_003 0088_0.jpg,2019_0811_175830_003 0088_0.jpg,B-44,test_original,.jpg,4088,True,80,81,3,RGB,200.0074005126953,225.79299926757807,59.51068878173828,0.0211419753086419,0.0399691358024691,619443de279f9bcadfb99da6bf7a8a0f70d50fcd44247d3a619fbde7762e1b6b,test_final,B-44,B-44,D-28,2207,200.0074005126953
C:\Users\Dell\Desktop\Kacper Błachowiak - praca magisterska - klasyfikacja znaków drogowych\KB_Praca_Magisterska\data\raw\polish_traffic_signs_dataset\test\B-44\2019_0811_175830_003 0089_0.jpg,2019_0811_175830_003 0089_0.jpg,B-44,test_original,.jpg,7747,True,131,127,3,RGB,188.0587158203125,218.1696014404297,62.27408981323242,0.0186331670373264,0.0166496363527078,d73a2d623d56e5af7b049d71bd5a63e6812c9436b2caf33fc7a87c2692b45e87,test_final,B-44,B-44,D-43,2208,188.0587158203125
C:\Users\Dell\Desktop\Kacper Błachowiak - praca magisterska - klasyfikacja znaków drogowych\KB_Praca_Magisterska\data\raw\polish_traffic_signs_dataset\test\B-44\2019_0811_175830_003 0090_0.jpg,2019_0811_175830_003 0090_0.jpg,B-44,test_original,.jpg,17828,True,220,252,3,RGB,155.77008056640625,162.62200927734375,55.12260818481445,0.0244227994227994,0.0014610389610389,8d764b0a15de04845ae0dde482bb09b96c61923006012eb5fc94ddb543f29f67,test_final,B-44,B-44,D-43,2209,155.77008056640625
C:\Users\Dell\Desktop\Kacper Błachowiak - praca magisterska - klasyfikacja znaków drogowych\KB_Praca_Magisterska\data\raw\polish_traffic_signs_dataset\test\B-44\2019_0901_165821_014 0088_0.jpg,2019_0901_165821_014 0088_0.jpg,B-44,test_original,.jpg,2301,True,49,53,3,RGB,177.01773071289062,198.351806640625,52.39166259765625,0.0034655371582595,0.0296495956873315,4cff8fe15a452973b7c4e794de717a0be739ca25d152d35f94b293c8c7eab85c,test_final,B-44,B-44,B-27,2210,177.01773071289062
C:\Users\Dell\Desktop\Kacper Błachowiak - praca magisterska - klasyfikacja znaków drogowych\KB_Praca_Magisterska\data\raw\polish_traffic_signs_dataset\test\B-44\2019_0901_165821_014 0089_0.jpg,2019_0901_165821_014 0089_0.jpg,B-44,test_original,.jpg,2914,True,69,60,3,RGB,167.41554260253906,187.4036865234375,53.31877517700195,0.0111111111111111,0.0507246376811594,63d49286a1721a1599320b668192eb6bdb7ae152361d87374196239d2e9d73e8,test_final,B-44,B-44,B-34,2211,167.41554260253906
C:\Users\Dell\Desktop\Kacper Błachowiak - praca magisterska - klasyfikacja znaków drogowych\KB_Praca_Magisterska\data\raw\polish_traffic_signs_dataset\test\B-44\2020_0410_162215_007 0105_0.jpg,2020_0410_162215_007 0105_0.jpg,B-44,test_original,.jpg,4081,True,92,86,3,RGB,202.6895446777344,227.94378662109372,54.52106857299805,0.0044236602628918,0.0323559150657229,e96d51c176edbfbdbb51cc8da431db9593388c1e3a3f0eea73e08f75c7f116cf,test_final,B-44,B-44,G-3,2220,202.6895446777344
C:\Users\Dell\Desktop\Kacper Błachowiak - praca magisterska - klasyfikacja znaków drogowych\KB_Praca_Magisterska\data\raw\polish_traffic_signs_dataset\test\B-5\2019_0815_090538_005 1499_0.jpg,2019_0815_090538_005 1499_0.jpg,B-5,test_original,.jpg,1210,True,35,47,3,RGB,30.179920196533203,24.723201751708984,11.73569107055664,0.1185410334346504,0.0,f22e3d1a3b977754e7aebea1f697f63f1dbfc07b757e4239c5e4a1b6d997497f,test_final,B-5,B-5,C-16,2237,30.179920196533203
C:\Users\Dell\Desktop\Kacper Błachowiak - praca magisterska - klasyfikacja znaków drogowych\KB_Praca_Magisterska\data\raw\polish_traffic_signs_dataset\test\B-5\2019_0920_164444_043 0703_0.jpg,2019_0920_164444_043 0703_0.jpg,B-5,test_original,.jpg,4157,True,70,67,3,RGB,81.17625427246094,53.80999755859375,68.446533203125,0.1763326226012793,0.0345415778251599,dfbd327e9d7481c3896fb4d0475d619788152d96b78d27a41bffd65031a86c9e,test_final,B-5,B-5,B-8,2240,81.17625427246094
C:\Users\Dell\Desktop\Kacper Błachowiak - praca magisterska - klasyfikacja znaków drogowych\KB_Praca_Magisterska\data\raw\polish_traffic_signs_dataset\test\B-9\2019_0719_142601_003 1538_0.jpg,2019_0719_142601_003 1538_0.jpg,B-9,test_original,.jpg,2346,True,48,49,3,RGB,198.3231658935547,222.8208923339844,54.77886199951172,0.0008503401360544,0.175595238095238,fb7ca3966733693d1976f269c64c76bdd4bfd76f6b89b719ea9d76bb62c5efbd,test_final,B-9,B-9,B-18,2267,198.3231658935547
C:\Users\Dell\Desktop\Kacper Błachowiak - praca magisterska - klasyfikacja znaków drogowych\KB_Praca_Magisterska\data\raw\polish_traffic_signs_dataset\test\B-9\2019_0809_155001_003 1789_0.jpg,2019_0809_155001_003 1789_0.jpg,B-9,test_original,.jpg,2076,True,43,43,3,RGB,200.939208984375,213.07920837402344,46.419654846191406,0.0,0.2233639805300162,5aad59959a56679499c21b5317f99cf8c783304ba5cd80814ae547e7ef1b0b3b,test_final,B-9,B-9,B-1,2270,200.939208984375
C:\Users\Dell\Desktop\Kacper Błachowiak - praca magisterska - klasyfikacja znaków drogowych\KB_Praca_Magisterska\data\raw\polish_traffic_signs_dataset\test\B-9\2019_0809_155001_003 1790_0.jpg,2019_0809_155001_003 1790_0.jpg,B-9,test_original,.jpg,4252,True,84,70,3,RGB,200.9608917236328,202.55490112304688,50.13392639160156,0.0,0.3596938775510204,73b6e4942a9b0f05e4c67e1708373777428ebfab8ea001b0f62509baec6cea27,test_final,B-9,B-9,B-22,2271,200.9608917236328
C:\Users\Dell\Desktop\Kacper Błachowiak - praca magisterska - klasyfikacja znaków drogowych\KB_Praca_Magisterska\data\raw\polish_traffic_signs_dataset\test\B-9\2019_0818_131042_009 0862_0.jpg,2019_0818_131042_009 0862_0.jpg,B-9,test_original,.jpg,2546,True,51,53,3,RGB,171.84658813476562,194.80960083007807,56.87797927856445,0.001479837217906,0.0196078431372549,24d381096f1596dbd8fd9a376f36288b2e82e11ef17933b614ab8e8fac9f091e,test_final,B-9,B-9,B-18,2276,171.84658813476562
C:\Users\Dell\Desktop\Kacper Błachowiak - praca magisterska - klasyfikacja znaków drogowych\KB_Praca_Magisterska\data\raw\polish_traffic_signs_dataset\test\B-9\2019_0905_182313_001 0082_0.jpg,2019_0905_182313_001 0082_0.jpg,B-9,test_original,.jpg,4091,True,73,78,3,RGB,186.9710693359375,193.52749633789065,61.0068588256836,0.0,0.3145416227608008,7b689cf43f8b42ee2f2cabb23c1aa148b504ebb69948471e161221f9d9ac7054,test_final,B-9,B-9,B-1,2282,186.9710693359375
C:\Users\Dell\Desktop\Kacper Błachowiak - praca magisterska - klasyfikacja znaków drogowych\KB_Praca_Magisterska\data\raw\polish_traffic_signs_dataset\test\B-9\2019_0905_182313_001 0083_0.jpg,2019_0905_182313_001 0083_0.jpg,B-9,test_original,.jpg,7800,True,113,137,3,RGB,181.82827758789065,191.33599853515625,73.87265014648438,0.0007105484141851,0.3614753568890898,6901d038c925fc7000fe993ab8b2409aff4f033d08ce73cdb3652162c35758a2,test_final,B-9,B-9,B-1,2283,181.82827758789065
C:\Users\Dell\Desktop\Kacper Błachowiak - praca magisterska - klasyfikacja znaków drogowych\KB_Praca_Magisterska\data\raw\polish_traffic_signs_dataset\test\C-10\2019_0719_142601_003 1236_mirrored_0.jpg,2019_0719_142601_003 1236_mirrored_0.jpg,C-10,test_original,.jpg,1535,True,29,31,3,RGB,147.62269592285156,132.39439392089844,62.57381057739258,0.0011123470522803,0.1368186874304783,1f3fbb6949260a8739ed19ae37aa5836c8e9057fc9adc9f2ed943fe594da11eb,test_final,C-10,C-10,C-4,2296,147.62269592285156
C:\Users\Dell\Desktop\Kacper Błachowiak - praca magisterska - klasyfikacja znaków drogowych\KB_Praca_Magisterska\data\raw\polish_traffic_signs_dataset\test\C-10\2019_0719_142601_003 1237_mirrored_0.jpg,2019_0719_142601_003 1237_mirrored_0.jpg,C-10,test_original,.jpg,3566,True,65,69,3,RGB,80.55059814453125,65.04080200195312,35.14333724975586,0.0040133779264214,0.0,a7c1087c44925694ea464f26d482d6551ef4c725cf234f221767546cbbc14a83,test_final,C-10,C-10,C-9,2297,80.55059814453125
C:\Users\Dell\Desktop\Kacper Błachowiak - praca magisterska - klasyfikacja znaków drogowych\KB_Praca_Magisterska\data\raw\polish_traffic_signs_dataset\test\C-10\2019_0719_142601_003 1612_mirrored_0.jpg,2019_0719_142601_003 1612_mirrored_0.jpg,C-10,test_original,.jpg,1180,True,28,25,3,RGB,61.71637344360352,54.05680084228516,28.15768241882324,0.0042857142857142,0.0,53a2ba31a9bab5958771ab87937bd06231fcd9def2400c22764cbaaa6452ec95,test_final,C-10,C-10,C-4,2321,61.71637344360352
C:\Users\Dell\Desktop\Kacper Błachowiak - praca magisterska - klasyfikacja znaków drogowych\KB_Praca_Magisterska\data\raw\polish_traffic_signs_dataset\test\C-10\2019_0719_142601_003 1799_mirrored_0.jpg,2019_0719_142601_003 1799_mirrored_0.jpg,C-10,test_original,.jpg,1582,True,35,30,3,RGB,108.3837432861328,94.59510803222656,52.04122161865234,0.0038095238095238,0.0552380952380952,eda5a05ee5a0eebb223404f543e7429db9d532c53ab4be3163819e15a0fd968f,test_final,C-10,C-10,C-4,2331,108.3837432861328
C:\Users\Dell\Desktop\Kacper Błachowiak - praca magisterska - klasyfikacja znaków drogowych\KB_Praca_Magisterska\data\raw\polish_traffic_signs_dataset\test\C-10\2019_0719_142601_003 2048_mirrored_0.jpg,2019_0719_142601_003 2048_mirrored_0.jpg,C-10,test_original,.jpg,1624,True,42,29,3,RGB,103.6012725830078,85.16989135742188,55.05973815917969,0.0,0.0328407224958949,4fb8b40b194bbda772d6f4e1af61d0f243217e19bf9e905bb9377048d595a0c5,test_final,C-10,C-10,C-4,2344,103.6012725830078
C:\Users\Dell\Desktop\Kacper Błachowiak - praca magisterska - klasyfikacja znaków drogowych\KB_Praca_Magisterska\data\raw\polish_traffic_signs_dataset\test\C-10\2019_0721_171043_003 0671_mirrored_0.jpg,2019_0721_171043_003 0671_mirrored_0.jpg,C-10,test_original,.jpg,1629,True,27,34,3,RGB,186.24383544921875,191.0126037597656,53.96136093139648,0.0,0.2047930283224401,6579b71930c52911b2b5df22668504451bd967e6f977e4dec7d47fbf107e1ff7,test_final,C-10,C-10,C-4,2372,186.24383544921875
C:\Users\Dell\Desktop\Kacper Błachowiak - praca magisterska - klasyfikacja znaków drogowych\KB_Praca_Magisterska\data\raw\polish_traffic_signs_dataset\test\C-10\2019_0721_171043_003 0674_mirrored_0.jpg,2019_0721_171043_003 0674_mirrored_0.jpg,C-10,test_original,.jpg,5160,True,100,102,3,RGB,77.82453155517578,60.37179946899414,34.66727828979492,0.0213725490196078,0.0,814a2bed532985c50d78110e836fc6bea2581fab76248a3e1cf006e97f7c86e2,test_final,C-10,C-10,C-9,2376,77.82453155517578
C:\Users\Dell\Desktop\Kacper Błachowiak - praca magisterska - klasyfikacja znaków drogowych\KB_Praca_Magisterska\data\raw\polish_traffic_signs_dataset\test\C-10\2019_0726_185626_003 620_mirrored_0.jpg,2019_0726_185626_003 620_mirrored_0.jpg,C-10,test_original,.jpg,3219,True,76,65,3,RGB,48.00948715209961,38.50440216064453,25.83254814147949,0.0242914979757085,0.0,a00fbbc4991d28aaa12bfa9a42268cc439ea15b48391d56002b973f7e10a4df0,test_final,C-10,C-10,C-9,2386,48.00948715209961
C:\Users\Dell\Desktop\Kacper Błachowiak - praca magisterska - klasyfikacja znaków drogowych\KB_Praca_Magisterska\data\raw\polish_traffic_signs_dataset\test\C-10\2019_0809_155001_003 1518_0.jpg,2019_0809_155001_003 1518_0.jpg,C-10,test_original,.jpg,17618,True,180,170,3,RGB,139.2958984375,110.93260192871094,61.188079833984375,0.007875816993464,0.1432026143790849,33b9f0c8d912d2eb510649573d88336989909d50e74a8de7e3ed8ef52a338591,test_final,C-10,C-10,C-9,2403,139.2958984375
C:\Users\Dell\Desktop\Kacper Błachowiak - praca magisterska - klasyfikacja znaków drogowych\KB_Praca_Magisterska\data\raw\polish_traffic_signs_dataset\test\C-10\2019_0809_162432_004 1529_mirrored_0.jpg,2019_0809_162432_004 1529_mirrored_0.jpg,C-10,test_original,.jpg,2304,True,51,51,3,RGB,94.41407012939452,60.8114013671875,72.5865478515625,0.0330642060745867,0.1195693963860053,e71c4c2b1d773b8678bcd292b2685f1222f3b73d18ed8076f5cdacfc7535462a,test_final,C-10,C-10,C-9,2450,94.41407012939452
C:\Users\Dell\Desktop\Kacper Błachowiak - praca magisterska - klasyfikacja znaków drogowych\KB_Praca_Magisterska\data\raw\polish_traffic_signs_dataset\test\C-10\2019_0811_175830_003 0643_mirrored_0.jpg,2019_0811_175830_003 0643_mirrored_0.jpg,C-10,test_original,.jpg,4114,True,69,71,3,RGB,196.54623413085935,189.18899536132807,60.040283203125,0.012043274137579,0.3804858134313125,978821f06f2fc8705ae4e7da0bc67e95f2edd7557fe53702862f9d2b0a3927d4,test_final,C-10,C-10,C-9,2459,196.54623413085935
C:\Users\Dell\Desktop\Kacper Błachowiak - praca magisterska - klasyfikacja znaków drogowych\KB_Praca_Magisterska\data\raw\polish_traffic_signs_dataset\test\C-10\2019_0814_154857_003 0178_mirrored_0.jpg,2019_0814_154857_003 0178_mirrored_0.jpg,C-10,test_original,.jpg,1544,True,41,35,3,RGB,43.399688720703125,38.85099792480469,29.020177841186523,0.229965156794425,0.0,74ed335d1653b41d44fc7190f6e76f76e29a17398745b4c273f7bcd47f9ab20e,test_final,C-10,C-10,C-9,2488,43.399688720703125
C:\Users\Dell\Desktop\Kacper Błachowiak - praca magisterska - klasyfikacja znaków drogowych\KB_Praca_Magisterska\data\raw\polish_traffic_signs_dataset\test\C-10\2020_0313_172757_002 1152_0.jpg,2020_0313_172757_002 1152_0.jpg,C-10,test_original,.jpg,9392,True,135,149,3,RGB,81.3781967163086,51.13059997558594,49.7379035949707,0.0024359930400198,0.0,7dcf06e86b278b3818bc468687b24342cf7fc81076f764293ecf69682d187989,test_final,C-10,C-10,C-9,2534,81.3781967163086
C:\Users\Dell\Desktop\Kacper Błachowiak - praca magisterska - klasyfikacja znaków drogowych\KB_Praca_Magisterska\data\raw\polish_traffic_signs_dataset\test\C-10\2020_0321_094429_005 1259_0.jpg,2020_0321_094429_005 1259_0.jpg,C-10,test_original,.jpg,15215,True,173,194,3,RGB,86.84259033203125,54.82740020751953,68.83478546142578,0.0090876586615815,0.0391216256480543,f72f8c4324c09832cda1ca253abb940e055755e80d577dd65a5e018a7280becf,test_final,C-10,C-10,C-6,2536,86.84259033203125
C:\Users\Dell\Desktop\Kacper Błachowiak - praca magisterska - klasyfikacja znaków drogowych\KB_Praca_Magisterska\data\raw\polish_traffic_signs_dataset\test\C-12\2019_0721_181936_005 703_0.jpg,2019_0721_181936_005 703_0.jpg,C-12,test_original,.jpg,2169,True,59,59,3,RGB,70.68695831298828,50.86759948730469,57.91094970703125,0.0040218328066647,0.0235564492961792,a9959a0b3c1f08f44d36a50e0a32f99b4a8121575eeea23eb8236c0df1c5f99d,test_final,C-12,C-12,C-10,2562,70.68695831298828
C:\Users\Dell\Desktop\Kacper Błachowiak - praca magisterska - klasyfikacja znaków drogowych\KB_Praca_Magisterska\data\raw\polish_traffic_signs_dataset\test\C-12\2019_0726_185626_003 103_0.jpg,2019_0726_185626_003 103_0.jpg,C-12,test_original,.jpg,1923,True,43,40,3,RGB,190.33506774902344,195.6371154785156,52.18986511230469,0.0,0.1860465116279069,07f6249c43adce2f2b65ffc5bbd47677cabdff837f5011ed1b0a64129c7f92b3,test_final,C-12,C-12,D-14,2563,190.33506774902344
C:\Users\Dell\Desktop\Kacper Błachowiak - praca magisterska - klasyfikacja znaków drogowych\KB_Praca_Magisterska\data\raw\polish_traffic_signs_dataset\test\C-12\2019_0809_155001_003 0225_0.jpg,2019_0809_155001_003 0225_0.jpg,C-12,test_original,.jpg,1939,True,37,40,3,RGB,167.13580322265625,160.818603515625,65.34748077392578,0.0,0.1668918918918918,12a47040c2e778ceb6f349821d2529fd57cabb88bd8ea814835ed32684ef4e9a,test_final,C-12,C-12,C-9,2567,167.13580322265625
C:\Users\Dell\Desktop\Kacper Błachowiak - praca magisterska - klasyfikacja znaków drogowych\KB_Praca_Magisterska\data\raw\polish_traffic_signs_dataset\test\C-12\2019_0811_175830_003 0412_0.jpg,2019_0811_175830_003 0412_0.jpg,C-12,test_original,.jpg,8854,True,139,125,3,RGB,210.4818420410156,208.1671905517578,33.710411071777344,0.0,0.2966330935251798,a312080cb9360b592b3fd599a00a0b203fba1c03a4a9221b5c4468bb360ef021,test_final,C-12,C-12,C-10,2592,210.4818420410156
C:\Users\Dell\Desktop\Kacper Błachowiak - praca magisterska - klasyfikacja znaków drogowych\KB_Praca_Magisterska\data\raw\polish_traffic_signs_dataset\test\C-12\2019_0905_182313_001 0037_0.jpg,2019_0905_182313_001 0037_0.jpg,C-12,test_original,.jpg,2151,True,45,41,3,RGB,167.24864196777344,154.3184051513672,52.48598861694336,0.0,0.1463414634146341,1da9cfc0e6f28c88a89b6a769df7f6cc57f787bb59fb93095229ef65d4bf946c,test_final,C-12,C-12,A-17,2655,167.24864196777344
C:\Users\Dell\Desktop\Kacper Błachowiak - praca magisterska - klasyfikacja znaków drogowych\KB_Praca_Magisterska\data\raw\polish_traffic_signs_dataset\test\C-12\2019_0905_182313_001 0038_0.jpg,2019_0905_182313_001 0038_0.jpg,C-12,test_original,.jpg,3732,True,70,66,3,RGB,182.33030700683597,175.30459594726562,45.74832534790039,0.0004329004329004,0.1283549783549783,2c47776c55aa28ae7e6cf4540ca06c1efc84bb77cd615b5cd673c3ad2e66c48f,test_final,C-12,C-12,B-36,2656,182.33030700683597
C:\Users\Dell\Desktop\Kacper Błachowiak - praca magisterska - klasyfikacja znaków drogowych\KB_Praca_Magisterska\data\raw\polish_traffic_signs_dataset\test\C-13a\2019_0721_171043_003 0691_0.jpg,2019_0721_171043_003 0691_0.jpg,C-13a,test_original,.jpg,6079,True,100,110,3,RGB,96.93247985839844,53.17580032348633,69.07369995117188,0.0043636363636363,0.0029090909090909,7f572462682a4e9e12b9e596a7dc1e14f49e945576513474e3c02c25431bf37d,test_final,C-13a,C-13a,C-13-C-16,2686,96.93247985839844
C:\Users\Dell\Desktop\Kacper Błachowiak - praca magisterska - klasyfikacja znaków drogowych\KB_Praca_Magisterska\data\raw\polish_traffic_signs_dataset\test\C-13a\2019_0815_090538_005 1527_0.jpg,2019_0815_090538_005 1527_0.jpg,C-13a,test_original,.jpg,3744,True,64,65,3,RGB,67.03592681884766,51.82219696044922,49.38014602661133,0.0754807692307692,0.0050480769230769,9e77dba7e7c7cf7cf5f6206fecdc59258daf5db4a4c810cd24ffdd09514f64ef,test_final,C-13a,C-13a,C-13a-C-16a,2689,67.03592681884766
C:\Users\Dell\Desktop\Kacper Błachowiak - praca magisterska - klasyfikacja znaków drogowych\KB_Praca_Magisterska\data\raw\polish_traffic_signs_dataset\test\C-13a\2019_0815_090538_005 1528_0.jpg,2019_0815_090538_005 1528_0.jpg,C-13a,test_original,.jpg,9535,True,118,120,3,RGB,71.03140258789062,57.04280090332031,45.074031829833984,0.0221751412429378,7.062146892655367e-05,4648e4932bf98512f52ad2950b3496ba12b0dbcc286e633a8488d66035a009f5,test_final,C-13a,C-13a,C-13-C-16,2690,71.03140258789062
C:\Users\Dell\Desktop\Kacper Błachowiak - praca magisterska - klasyfikacja znaków drogowych\KB_Praca_Magisterska\data\raw\polish_traffic_signs_dataset\test\C-16\2019_0815_090538_005 0648_0.jpg,2019_0815_090538_005 0648_0.jpg,C-16,test_original,.jpg,1653,True,43,40,3,RGB,67.1009750366211,56.34510040283203,32.04581069946289,0.0011627906976744,0.005813953488372,6c8549be8a1ad5a75ec4aed5a6ead7812026655e66598d12e9e1a2022a385441,test_final,C-16,C-16,C-6,2705,67.1009750366211
C:\Users\Dell\Desktop\Kacper Błachowiak - praca magisterska - klasyfikacja znaków drogowych\KB_Praca_Magisterska\data\raw\polish_traffic_signs_dataset\test\C-2\2019_0809_155001_003 0123_0.jpg,2019_0809_155001_003 0123_0.jpg,C-2,test_original,.jpg,1670,True,30,39,3,RGB,115.0940170288086,96.13899993896484,58.20482635498047,0.0008547008547008,0.0179487179487179,817bebbe22181ce63fd59111b45484d7bb9578bcf00119056dc752d222db078b,test_final,C-2,C-2,C-4,2712,115.0940170288086
C:\Users\Dell\Desktop\Kacper Błachowiak - praca magisterska - klasyfikacja znaków drogowych\KB_Praca_Magisterska\data\raw\polish_traffic_signs_dataset\test\C-2\2019_0809_155001_003 0124_0.jpg,2019_0809_155001_003 0124_0.jpg,C-2,test_original,.jpg,2135,True,47,45,3,RGB,95.3209228515625,72.5409927368164,51.28118896484375,0.0023640661938534,0.0004728132387706,ce897a752a38507f7f7a47cf3d85519477e74f6b9a34bfd38268b645f99b6e61,test_final,C-2,C-2,C-4,2713,95.3209228515625
C:\Users\Dell\Desktop\Kacper Błachowiak - praca magisterska - klasyfikacja znaków drogowych\KB_Praca_Magisterska\data\raw\polish_traffic_signs_dataset\test\C-2\2019_0920_161014_042 0089_0.jpg,2019_0920_161014_042 0089_0.jpg,C-2,test_original,.jpg,2265,True,45,51,3,RGB,59.08259963989258,44.59600067138672,35.806941986083984,0.0335511982570806,0.0,537cc128e6531429a34e22fe7550ddf06493402f0e0526008cf3a66904074091,test_final,C-2,C-2,C-4,2720,59.08259963989258
C:\Users\Dell\Desktop\Kacper Błachowiak - praca magisterska - klasyfikacja znaków drogowych\KB_Praca_Magisterska\data\raw\polish_traffic_signs_dataset\test\C-7\2019_1223_110958_003 0066_0.jpg,2019_1223_110958_003 0066_0.jpg,C-7,test_original,.jpg,4763,True,82,84,3,RGB,149.3717803955078,162.33319091796875,57.94772720336914,0.0,0.000725900116144,5c8024732f25d32a55f73f83ba89741dc425345c5828bc50e7b22aae73665371,test_final,C-7,C-7,C-6,2777,149.3717803955078
C:\Users\Dell\Desktop\Kacper Błachowiak - praca magisterska - klasyfikacja znaków drogowych\KB_Praca_Magisterska\data\raw\polish_traffic_signs_dataset\test\C-9\2019_0719_142601_003 1109_0.jpg,2019_0719_142601_003 1109_0.jpg,C-9,test_original,.jpg,1689,True,29,39,3,RGB,147.3689727783203,169.9066162109375,72.24464416503906,0.0061892130857648,0.0406719717064544,1218af4435b55acef2153ae4289539a5b0bcac35cc0424cfc38ea85239a6338a,test_final,C-9,C-9,C-10,2784,147.3689727783203
C:\Users\Dell\Desktop\Kacper Błachowiak - praca magisterska - klasyfikacja znaków drogowych\KB_Praca_Magisterska\data\raw\polish_traffic_signs_dataset\test\C-9\2019_0719_142601_003 1167_0.jpg,2019_0719_142601_003 1167_0.jpg,C-9,test_original,.jpg,1620,True,36,35,3,RGB,159.63754272460938,165.69200134277344,48.41964340209961,0.0,0.0,a0d24b42f7ee087a1e1370d969e614b533ee9cf0d329d5a79650315bd5ba4c07,test_final,C-9,C-9,C-10,2788,159.63754272460938
C:\Users\Dell\Desktop\Kacper Błachowiak - praca magisterska - klasyfikacja znaków drogowych\KB_Praca_Magisterska\data\raw\polish_traffic_signs_dataset\test\C-9\2019_0719_142601_003 1331_0.jpg,2019_0719_142601_003 1331_0.jpg,C-9,test_original,.jpg,6327,True,82,183,3,RGB,142.12632751464844,176.6077880859375,70.49996185302734,0.0005331200852992,0.0010662401705984,7c14cf5eb4c96a67b4e03435ca7e0cdf2eec48875998aa958cfb317009b64cd2,test_final,C-9,C-9,C-10,2800,142.12632751464844
C:\Users\Dell\Desktop\Kacper Błachowiak - praca magisterska - klasyfikacja znaków drogowych\KB_Praca_Magisterska\data\raw\polish_traffic_signs_dataset\test\C-9\2019_0719_142601_003 1331_1.jpg,2019_0719_142601_003 1331_1.jpg,C-9,test_original,.jpg,1837,True,40,38,3,RGB,137.7882537841797,114.2418975830078,65.27517700195312,0.0006578947368421,0.0032894736842105,85c8f15dec2750a01131b349db720dae03d33f2ff2eef5fbc7f9165721b2767f,test_final,C-9,C-9,C-10,2801,137.7882537841797
C:\Users\Dell\Desktop\Kacper Błachowiak - praca magisterska - klasyfikacja znaków drogowych\KB_Praca_Magisterska\data\raw\polish_traffic_signs_dataset\test\C-9\2019_0719_142601_003 1356_0.jpg,2019_0719_142601_003 1356_0.jpg,C-9,test_original,.jpg,4176,True,75,84,3,RGB,140.142333984375,111.83560180664062,74.8257064819336,0.0015873015873015,0.0055555555555555,8afa7864acbcc94b241add16ad9bf2f5997d39a76c0a5486b9f2069bc8dc4c8e,test_final,C-9,C-9,C-10,2804,140.142333984375
C:\Users\Dell\Desktop\Kacper Błachowiak - praca magisterska - klasyfikacja znaków drogowych\KB_Praca_Magisterska\data\raw\polish_traffic_signs_dataset\test\C-9\2019_0719_142601_003 1531_0.jpg,2019_0719_142601_003 1531_0.jpg,C-9,test_original,.jpg,1640,True,31,42,3,RGB,89.0560531616211,73.79600524902344,47.39495849609375,0.0153609831029185,0.0,da9a99c2881731bf278c95b755b59bd8b03378970c5054ab686e68d367067f8a,test_final,C-9,C-9,C-10,2809,89.0560531616211
C:\Users\Dell\Desktop\Kacper Błachowiak - praca magisterska - klasyfikacja znaków drogowych\KB_Praca_Magisterska\data\raw\polish_traffic_signs_dataset\test\C-9\2019_0719_142601_003 1549_0.jpg,2019_0719_142601_003 1549_0.jpg,C-9,test_original,.jpg,6820,True,100,125,3,RGB,142.9245147705078,114.69280242919922,72.98052215576172,8e-05,0.00752,385a5bbb64c4e21e41d7779121fed92df2051f9140f843c39b7ed10b14f088cb,test_final,C-9,C-9,C-10,2811,142.9245147705078
C:\Users\Dell\Desktop\Kacper Błachowiak - praca magisterska - klasyfikacja znaków drogowych\KB_Praca_Magisterska\data\raw\polish_traffic_signs_dataset\test\C-9\2019_0719_142601_003 1612_0.jpg,2019_0719_142601_003 1612_0.jpg,C-9,test_original,.jpg,1262,True,28,25,3,RGB,87.46342468261719,75.63119506835938,39.6589241027832,0.0,0.0,88f87d93ab01835968b0846ac4b316fe73111dcbfead68d1f4845aed53a3b608,test_final,C-9,C-9,C-4,2812,87.46342468261719
C:\Users\Dell\Desktop\Kacper Błachowiak - praca magisterska - klasyfikacja znaków drogowych\KB_Praca_Magisterska\data\raw\polish_traffic_signs_dataset\test\C-9\2019_0719_142601_003 1676_0.jpg,2019_0719_142601_003 1676_0.jpg,C-9,test_original,.jpg,1781,True,33,38,3,RGB,123.852294921875,95.7314910888672,69.75763702392578,0.018341307814992,0.062200956937799,299fca9aa7e33455365719e05a9d7a7d965a651e2333d1ca986665e7712e58f5,test_final,C-9,C-9,C-10,2816,123.852294921875
C:\Users\Dell\Desktop\Kacper Błachowiak - praca magisterska - klasyfikacja znaków drogowych\KB_Praca_Magisterska\data\raw\polish_traffic_signs_dataset\test\C-9\2019_0719_142601_003 1683_0.jpg,2019_0719_142601_003 1683_0.jpg,C-9,test_original,.jpg,5244,True,98,113,3,RGB,116.5791473388672,120.20260620117188,63.76356887817383,0.0009933176810547,9.030160736861116e-05,9c35c4c75c127a094b2eb978d78c51a859c780eebfa5a44dac499860d1749bef,test_final,C-9,C-9,C-10,2819,116.5791473388672
C:\Users\Dell\Desktop\Kacper Błachowiak - praca magisterska - klasyfikacja znaków drogowych\KB_Praca_Magisterska\data\raw\polish_traffic_signs_dataset\test\C-9\2019_0719_142601_003 1792_0.jpg,2019_0719_142601_003 1792_0.jpg,C-9,test_original,.jpg,1879,True,40,36,3,RGB,123.00108337402344,100.72149658203124,53.53491973876953,0.0,0.0138888888888888,77a85fcf30da37684d2cf3ae3f2d2055ae6f04b6e8ba6680d103b4509aa63a6c,test_final,C-9,C-9,C-10,2820,123.00108337402344
C:\Users\Dell\Desktop\Kacper Błachowiak - praca magisterska - klasyfikacja znaków drogowych\KB_Praca_Magisterska\data\raw\polish_traffic_signs_dataset\test\C-9\2019_0719_142601_003 1800_0.jpg,2019_0719_142601_003 1800_0.jpg,C-9,test_original,.jpg,1874,True,37,38,3,RGB,141.45216369628906,113.74299621582033,72.98114013671875,0.0064011379800853,0.0241820768136557,61881e773050427ab293b1592f63bd44d5eb5c98d5dd6b2b24819aeeaac8f0bb,test_final,C-9,C-9,C-10,2823,141.45216369628906
C:\Users\Dell\Desktop\Kacper Błachowiak - praca magisterska - klasyfikacja znaków drogowych\KB_Praca_Magisterska\data\raw\polish_traffic_signs_dataset\test\C-9\2019_0719_142601_003 1863_0.jpg,2019_0719_142601_003 1863_0.jpg,C-9,test_original,.jpg,2598,True,51,56,3,RGB,97.20561981201172,84.71969604492188,40.51961517333984,0.0010504201680672,0.0,8ca1510a6c8ad2e08177d8082a81a30e0b48210f940ddc1c522a642d8584b2a8,test_final,C-9,C-9,C-10,2830,97.20561981201172
C:\Users\Dell\Desktop\Kacper Błachowiak - praca magisterska - klasyfikacja znaków drogowych\KB_Praca_Magisterska\data\raw\polish_traffic_signs_dataset\test\C-9\2019_0719_150032_004 0499_0.jpg,2019_0719_150032_004 0499_0.jpg,C-9,test_original,.jpg,2498,True,56,51,3,RGB,110.47621154785156,85.85389709472656,57.12382125854492,0.0,0.0252100840336134,e5bf2c6e65df1c281f8103aa70fd4f4a1201fd96adeae27327510eb5706bfca4,test_final,C-9,C-9,C-10,2842,110.47621154785156
C:\Users\Dell\Desktop\Kacper Błachowiak - praca magisterska - klasyfikacja znaków drogowych\KB_Praca_Magisterska\data\raw\polish_traffic_signs_dataset\test\C-9\2019_0719_150032_004 0652_0.jpg,2019_0719_150032_004 0652_0.jpg,C-9,test_original,.jpg,1663,True,36,37,3,RGB,103.82852172851562,135.0883026123047,61.24387741088867,0.0608108108108108,0.0,d1f02635665396e29337216c304a47ea4233692d443e1ea9c89ff9d335ff7116,test_final,C-9,C-9,C-10,2847,103.82852172851562
C:\Users\Dell\Desktop\Kacper Błachowiak - praca magisterska - klasyfikacja znaków drogowych\KB_Praca_Magisterska\data\raw\polish_traffic_signs_dataset\test\C-9\2019_0719_150032_004 1210_0.jpg,2019_0719_150032_004 1210_0.jpg,C-9,test_original,.jpg,2339,True,52,48,3,RGB,150.7067413330078,198.6147003173828,76.3071060180664,0.0088141025641025,0.0076121794871794,49292fe1eaa02c525f74ca1f1eac1d71a5d2cef6b9c4aaeb955c8f9de8d09651,test_final,C-9,C-9,C-10,2849,150.7067413330078
C:\Users\Dell\Desktop\Kacper Błachowiak - praca magisterska - klasyfikacja znaków drogowych\KB_Praca_Magisterska\data\raw\polish_traffic_signs_dataset\test\C-9\2019_0719_150032_004 1555_0.jpg,2019_0719_150032_004 1555_0.jpg,C-9,test_original,.jpg,2842,True,59,62,3,RGB,79.05741119384766,66.44970703125,29.770753860473636,0.0002733734281027,0.0005467468562055,5897f019ab6bbf2a5ff85e2505a75cd00ea54367d68779e668082668d223e694,test_final,C-9,C-9,C-10,2851,79.05741119384766
C:\Users\Dell\Desktop\Kacper Błachowiak - praca magisterska - klasyfikacja znaków drogowych\KB_Praca_Magisterska\data\raw\polish_traffic_signs_dataset\test\C-9\2019_0721_171043_003 0671_0.jpg,2019_0721_171043_003 0671_0.jpg,C-9,test_original,.jpg,3396,True,63,59,3,RGB,122.94525146484376,93.53880310058594,64.25021362304688,0.0051116491794457,0.0231369383911756,8c0025a97fd472b5d5e7023d8724164e21970f592fe8275753d7eaa39bcbc9f3,test_final,C-9,C-9,C-10,2863,122.94525146484376
C:\Users\Dell\Desktop\Kacper Błachowiak - praca magisterska - klasyfikacja znaków drogowych\KB_Praca_Magisterska\data\raw\polish_traffic_signs_dataset\test\C-9\2019_0721_171043_003 0673_0.jpg,2019_0721_171043_003 0673_0.jpg,C-9,test_original,.jpg,2409,True,45,49,3,RGB,149.58169555664062,118.2654037475586,58.08124923706055,0.0,0.0521541950113378,0c5c88d307dc0a51a70eb0f34df897c5412df9fbcf461cd7e163601926d34076,test_final,C-9,C-9,C-10,2866,149.58169555664062
C:\Users\Dell\Desktop\Kacper Błachowiak - praca magisterska - klasyfikacja znaków drogowych\KB_Praca_Magisterska\data\raw\polish_traffic_signs_dataset\test\C-9\2019_0721_171043_003 0680_0.jpg,2019_0721_171043_003 0680_0.jpg,C-9,test_original,.jpg,2108,True,39,43,3,RGB,145.85362243652344,126.99840545654295,60.95758056640625,0.0,0.0876565295169946,59c8138d4a1c933006ece30be104aae7531010989691731ae759ea1cf370b149,test_final,C-9,C-9,C-10,2868,145.85362243652344
C:\Users\Dell\Desktop\Kacper Błachowiak - praca magisterska - klasyfikacja znaków drogowych\KB_Praca_Magisterska\data\raw\polish_traffic_signs_dataset\test\C-9\2019_0721_171043_003 0681_0.jpg,2019_0721_171043_003 0681_0.jpg,C-9,test_original,.jpg,2068,True,45,35,3,RGB,158.3904571533203,120.06900024414062,68.05184936523438,0.0,0.1777777777777777,74d14fef5ff6a830df29be74a206db4685ffb017aaf925fd489cff8e3cf8914a,test_final,C-9,C-9,C-10,2869,158.3904571533203
C:\Users\Dell\Desktop\Kacper Błachowiak - praca magisterska - klasyfikacja znaków drogowych\KB_Praca_Magisterska\data\raw\polish_traffic_signs_dataset\test\C-9\2019_0721_171043_003 0682_0.jpg,2019_0721_171043_003 0682_0.jpg,C-9,test_original,.jpg,3358,True,75,55,3,RGB,166.4584503173828,192.4493865966797,66.55082702636719,0.0,0.1401212121212121,7638332815330ab061a890058f6c5d90b342a8388c8d59a6c0d9a94fd538d82f,test_final,C-9,C-9,C-10,2871,166.4584503173828
C:\Users\Dell\Desktop\Kacper Błachowiak - praca magisterska - klasyfikacja znaków drogowych\KB_Praca_Magisterska\data\raw\polish_traffic_signs_dataset\test\C-9\2019_0721_171043_003 0683_0.jpg,2019_0721_171043_003 0683_0.jpg,C-9,test_original,.jpg,3648,True,65,69,3,RGB,157.65866088867188,135.09120178222656,66.35746765136719,0.0,0.1295429208472686,7bfacc563b1b1fc9dcca2f7f030587ab7ebc7785e7bc44131ca24264b1658c22,test_final,C-9,C-9,C-10,2872,157.65866088867188
C:\Users\Dell\Desktop\Kacper Błachowiak - praca magisterska - klasyfikacja znaków drogowych\KB_Praca_Magisterska\data\raw\polish_traffic_signs_dataset\test\C-9\2019_0721_171043_003 0688_0.jpg,2019_0721_171043_003 0688_0.jpg,C-9,test_original,.jpg,5737,True,83,98,3,RGB,127.07307434082033,87.9708023071289,62.84651565551758,0.0006147037128104,0.0070076223260388,1cba30b9e0032444814ab3d8fcdbe47e42ad8c6b5cbf0226d8cbac182bc6b9d7,test_final,C-9,C-9,C-10,2873,127.07307434082033
C:\Users\Dell\Desktop\Kacper Błachowiak - praca magisterska - klasyfikacja znaków drogowych\KB_Praca_Magisterska\data\raw\polish_traffic_signs_dataset\test\C-9\2019_0726_185626_003 102_0.jpg,2019_0726_185626_003 102_0.jpg,C-9,test_original,.jpg,2575,True,53,45,3,RGB,148.81907653808594,129.13079833984375,64.26175689697266,0.0,0.0993710691823899,1995a100234e2c99bf808ca17bedc410525a92bac5832fb28ca8fa57ed578be7,test_final,C-9,C-9,C-10,2874,148.81907653808594
C:\Users\Dell\Desktop\Kacper Błachowiak - praca magisterska - klasyfikacja znaków drogowych\KB_Praca_Magisterska\data\raw\polish_traffic_signs_dataset\test\C-9\2019_0809_155001_003 0072_0.jpg,2019_0809_155001_003 0072_0.jpg,C-9,test_original,.jpg,2012,True,45,39,3,RGB,89.65299987792969,82.54840087890625,55.38969421386719,0.0501424501424501,0.0045584045584045,6c13f455cf5c8f898599682c7374605cb8288efdbf7d40f515d60a115a98d915,test_final,C-9,C-9,C-16,2878,89.65299987792969
C:\Users\Dell\Desktop\Kacper Błachowiak - praca magisterska - klasyfikacja znaków drogowych\KB_Praca_Magisterska\data\raw\polish_traffic_signs_dataset\test\C-9\2019_0809_155001_003 1384_0.jpg,2019_0809_155001_003 1384_0.jpg,C-9,test_original,.jpg,1726,True,43,34,3,RGB,154.75790405273438,197.1791076660156,66.56770324707031,0.0006839945280437,0.0,3205e7dbdb7794ea9492e4e6d4a1b120557ae221e190e7b027cac4f2ebd6e457,test_final,C-9,C-9,C-10,2886,154.75790405273438
C:\Users\Dell\Desktop\Kacper Błachowiak - praca magisterska - klasyfikacja znaków drogowych\KB_Praca_Magisterska\data\raw\polish_traffic_signs_dataset\test\C-9\2019_0809_155001_003 1449_0.jpg,2019_0809_155001_003 1449_0.jpg,C-9,test_original,.jpg,2505,True,49,49,3,RGB,151.19322204589844,128.40980529785156,64.63603973388672,0.0008329862557267,0.0728862973760933,1546a2f192d3cf32d6389f7d87cc8f86df45c295b63ec7b33bb1ae25cc157fa2,test_final,C-9,C-9,C-10,2889,151.19322204589844
C:\Users\Dell\Desktop\Kacper Błachowiak - praca magisterska - klasyfikacja znaków drogowych\KB_Praca_Magisterska\data\raw\polish_traffic_signs_dataset\test\C-9\2019_0809_155001_003 1453_0.jpg,2019_0809_155001_003 1453_0.jpg,C-9,test_original,.jpg,3617,True,64,80,3,RGB,185.8972320556641,217.3782958984375,65.19654083251953,0.0,0.378125,e51c9a4ca6fbb5cd78e444f09519909a9fe28981586ae71571270bba0fc11731,test_final,C-9,C-9,C-10,2891,185.8972320556641
C:\Users\Dell\Desktop\Kacper Błachowiak - praca magisterska - klasyfikacja znaków drogowych\KB_Praca_Magisterska\data\raw\polish_traffic_signs_dataset\test\C-9\2019_0809_155001_003 1519_0.jpg,2019_0809_155001_003 1519_0.jpg,C-9,test_original,.jpg,2949,True,63,61,3,RGB,160.67762756347656,139.5800018310547,57.043006896972656,0.0,0.1118917512360135,b8f5831ea66e892e589f4bcaf43275adf737c38858b28a22d7741821d01a1880,test_final,C-9,C-9,C-10,2894,160.67762756347656
C:\Users\Dell\Desktop\Kacper Błachowiak - praca magisterska - klasyfikacja znaków drogowych\KB_Praca_Magisterska\data\raw\polish_traffic_signs_dataset\test\C-9\2019_0809_155001_003 1532_0.jpg,2019_0809_155001_003 1532_0.jpg,C-9,test_original,.jpg,3835,True,79,75,3,RGB,170.58392333984375,207.4333953857422,60.01953125,0.0,0.1154430379746835,68868cf3b76905fe5214503310c3ab12cd2b674e98bcb521bc64225f9c716d54,test_final,C-9,C-9,C-10,2895,170.58392333984375
C:\Users\Dell\Desktop\Kacper Błachowiak - praca magisterska - klasyfikacja znaków drogowych\KB_Praca_Magisterska\data\raw\polish_traffic_signs_dataset\test\C-9\2019_0809_155001_003 1539_0.jpg,2019_0809_155001_003 1539_0.jpg,C-9,test_original,.jpg,1414,True,24,35,3,RGB,153.26956176757812,144.24249267578125,64.51878356933594,0.0,0.1071428571428571,e7f142d4926eecdafca9e3e437dd270271e8072b16d8d83ebe6b5103777a2ddf,test_final,C-9,C-9,C-10,2896,153.26956176757812
C:\Users\Dell\Desktop\Kacper Błachowiak - praca magisterska - klasyfikacja znaków drogowych\KB_Praca_Magisterska\data\raw\polish_traffic_signs_dataset\test\C-9\2019_0809_155001_003 1539_1.jpg,2019_0809_155001_003 1539_1.jpg,C-9,test_original,.jpg,4003,True,73,79,3,RGB,161.51646423339844,203.29299926757807,66.68592834472656,0.0,0.117565458644009,d8c04c2d956987aecc68137e48e05e9d8387591031e7e122ebd4c6f77dba4301,test_final,C-9,C-9,C-10,2897,161.51646423339844
C:\Users\Dell\Desktop\Kacper Błachowiak - praca magisterska - klasyfikacja znaków drogowych\KB_Praca_Magisterska\data\raw\polish_traffic_signs_dataset\test\C-9\2019_0809_155001_003 1540_0.jpg,2019_0809_155001_003 1540_0.jpg,C-9,test_original,.jpg,2089,True,41,47,3,RGB,155.1839141845703,113.7292022705078,66.09133911132812,0.0,0.1473793461338868,930dfef46575874566de566d42a8427606e8025f7c2d44f7c054945f64bcefef,test_final,C-9,C-9,C-10,2898,155.1839141845703
C:\Users\Dell\Desktop\Kacper Błachowiak - praca magisterska - klasyfikacja znaków drogowych\KB_Praca_Magisterska\data\raw\polish_traffic_signs_dataset\test\C-9\2019_0809_155001_003 1541_0.jpg,2019_0809_155001_003 1541_0.jpg,C-9,test_original,.jpg,6873,True,100,136,3,RGB,132.52389526367188,90.48570251464844,65.94402313232422,0.0005882352941176,0.0127205882352941,75766bb3a5f5ed19ed2c93771cbc1c6412b22e80503ee72cbaad1a75afdc193e,test_final,C-9,C-9,C-10,2899,132.52389526367188
C:\Users\Dell\Desktop\Kacper Błachowiak - praca magisterska - klasyfikacja znaków drogowych\KB_Praca_Magisterska\data\raw\polish_traffic_signs_dataset\test\C-9\2019_0809_155001_003 1559_0.jpg,2019_0809_155001_003 1559_0.jpg,C-9,test_original,.jpg,2430,True,47,53,3,RGB,172.6726837158203,208.05799865722656,57.16590881347656,0.0,0.0594138900040144,1cb7f7cf45c9530e00292a173022963c46ac953716ff419d89770cd54baf849a,test_final,C-9,C-9,C-10,2900,172.6726837158203
C:\Users\Dell\Desktop\Kacper Błachowiak - praca magisterska - klasyfikacja znaków drogowych\KB_Praca_Magisterska\data\raw\polish_traffic_signs_dataset\test\C-9\2019_0809_155001_003 1566_0.jpg,2019_0809_155001_003 1566_0.jpg,C-9,test_original,.jpg,1943,True,35,41,3,RGB,150.49876403808594,141.02059936523438,64.31777954101562,0.0,0.0759581881533101,b2d3e34dc53558d66a0fe547bc8b391128e214c03df2505f640e4bd9c6163d24,test_final,C-9,C-9,C-10,2901,150.49876403808594
C:\Users\Dell\Desktop\Kacper Błachowiak - praca magisterska - klasyfikacja znaków drogowych\KB_Praca_Magisterska\data\raw\polish_traffic_signs_dataset\test\C-9\2019_0809_155001_003 1660_0.jpg,2019_0809_155001_003 1660_0.jpg,C-9,test_original,.jpg,2917,True,51,57,3,RGB,101.88390350341795,87.3904037475586,50.64253234863281,0.0058479532163742,0.001031991744066,05a91ff6350fc465ef9538d2979ee18f7e03ea692162167f3593c4c2c05fe176,test_final,C-9,C-9,C-10,2902,101.88390350341795
C:\Users\Dell\Desktop\Kacper Błachowiak - praca magisterska - klasyfikacja znaków drogowych\KB_Praca_Magisterska\data\raw\polish_traffic_signs_dataset\test\C-9\2019_0809_155001_003 1710_0.jpg,2019_0809_155001_003 1710_0.jpg,C-9,test_original,.jpg,1543,True,39,32,3,RGB,152.7162322998047,164.61810302734375,60.66604232788086,0.0,0.000801282051282,29d3093625f60c1b0f9dfd51df9325a7882fc8fe7ad93dbac0d08c2f55d5d7c9,test_final,C-9,C-9,C-10,2904,152.7162322998047
C:\Users\Dell\Desktop\Kacper Błachowiak - praca magisterska - klasyfikacja znaków drogowych\KB_Praca_Magisterska\data\raw\polish_traffic_signs_dataset\test\C-9\2019_0809_155001_003 1711_0.jpg,2019_0809_155001_003 1711_0.jpg,C-9,test_original,.jpg,2647,True,57,62,3,RGB,159.13002014160156,160.66510009765625,57.58110427856445,0.0,0.0011318619128466,bf964c443538f06cf200bb9d7be8b61478e77f4eac28f8dd4127d71997a076c4,test_final,C-9,C-9,C-10,2905,159.13002014160156
C:\Users\Dell\Desktop\Kacper Błachowiak - praca magisterska - klasyfikacja znaków drogowych\KB_Praca_Magisterska\data\raw\polish_traffic_signs_dataset\test\C-9\2019_0809_155001_003 2031_0.jpg,2019_0809_155001_003 2031_0.jpg,C-9,test_original,.jpg,2107,True,47,41,3,RGB,175.92999267578125,189.24940490722656,62.8369140625,0.0,0.1458225220550077,674cc429eb9ca3eac5750f580e47c3da94cbda794110059ab41d68a46724b540,test_final,C-9,C-9,C-10,2912,175.92999267578125
C:\Users\Dell\Desktop\Kacper Błachowiak - praca magisterska - klasyfikacja znaków drogowych\KB_Praca_Magisterska\data\raw\polish_traffic_signs_dataset\test\C-9\2019_0809_155001_003 2037_0.jpg,2019_0809_155001_003 2037_0.jpg,C-9,test_original,.jpg,2016,True,39,45,3,RGB,153.621826171875,142.73460388183594,66.36511993408203,0.0,0.094017094017094,071296d2f1eb929d66fc304452e9c35080efde4f2662ea4b5daecb34523bc643,test_final,C-9,C-9,C-10,2914,153.621826171875
C:\Users\Dell\Desktop\Kacper Błachowiak - praca magisterska - klasyfikacja znaków drogowych\KB_Praca_Magisterska\data\raw\polish_traffic_signs_dataset\test\C-9\2019_0809_162432_004 0008_0.jpg,2019_0809_162432_004 0008_0.jpg,C-9,test_original,.jpg,2677,True,53,49,3,RGB,142.30812072753906,129.67520141601562,49.39668655395508,0.0007701193685021,0.0142472083172891,000322088875b14068a592f282bd8681a058eac49bab9985009a6bac05351fa6,test_final,C-9,C-9,C-10,2916,142.30812072753906
C:\Users\Dell\Desktop\Kacper Błachowiak - praca magisterska - klasyfikacja znaków drogowych\KB_Praca_Magisterska\data\raw\polish_traffic_signs_dataset\test\C-9\2019_0809_162432_004 0118_0.jpg,2019_0809_162432_004 0118_0.jpg,C-9,test_original,.jpg,1935,True,33,45,3,RGB,135.61016845703125,96.05860137939452,63.494625091552734,0.0006734006734006,0.0154882154882154,f88571a89d18f516b58f718344f393f63db64c60628adfee2c3ccbc86765e329,test_final,C-9,C-9,C-10,2919,135.61016845703125
C:\Users\Dell\Desktop\Kacper Błachowiak - praca magisterska - klasyfikacja znaków drogowych\KB_Praca_Magisterska\data\raw\polish_traffic_signs_dataset\test\C-9\2019_0809_162432_004 0428_0.jpg,2019_0809_162432_004 0428_0.jpg,C-9,test_original,.jpg,2864,True,53,67,3,RGB,83.47715759277344,46.39139938354492,67.152587890625,0.0315404111517882,0.0008448324415657,bc8a9436dee464ebc5624c35c6bf77e57917dfbd2eb92f6071fc5cd9996b911d,test_final,C-9,C-9,C-10,2925,83.47715759277344
C:\Users\Dell\Desktop\Kacper Błachowiak - praca magisterska - klasyfikacja znaków drogowych\KB_Praca_Magisterska\data\raw\polish_traffic_signs_dataset\test\C-9\2019_0809_162432_004 0478_0.jpg,2019_0809_162432_004 0478_0.jpg,C-9,test_original,.jpg,4511,True,88,94,3,RGB,76.1912612915039,35.71820068359375,65.36600494384766,0.0305851063829787,0.0015715667311411,dd7664601a9081f6c2df943f547516b5d3586598994fe47f33c48c41ddced219,test_final,C-9,C-9,C-10,2927,76.1912612915039
C:\Users\Dell\Desktop\Kacper Błachowiak - praca magisterska - klasyfikacja znaków drogowych\KB_Praca_Magisterska\data\raw\polish_traffic_signs_dataset\test\C-9\2019_0809_162432_004 1244_0.jpg,2019_0809_162432_004 1244_0.jpg,C-9,test_original,.jpg,1371,True,29,25,3,RGB,150.24293518066406,192.9167938232422,78.19036102294922,0.0193103448275862,0.0275862068965517,a0ee38b07267793521759f43f21ef8662a94bdaa6290e1e86a52017bf3c0ff50,test_final,C-9,C-9,C-10,2936,150.24293518066406
C:\Users\Dell\Desktop\Kacper Błachowiak - praca magisterska - klasyfikacja znaków drogowych\KB_Praca_Magisterska\data\raw\polish_traffic_signs_dataset\test\C-9\2019_0809_162432_004 1245_0.jpg,2019_0809_162432_004 1245_0.jpg,C-9,test_original,.jpg,2725,True,63,55,3,RGB,160.8585662841797,211.8413848876953,75.41426086425781,0.0017316017316017,0.0129870129870129,651d70884e7fe56dddb078c09ea70a03650edfed9f9a5385873b97f57ffeb0f1,test_final,C-9,C-9,C-10,2937,160.8585662841797
C:\Users\Dell\Desktop\Kacper Błachowiak - praca magisterska - klasyfikacja znaków drogowych\KB_Praca_Magisterska\data\raw\polish_traffic_signs_dataset\test\C-9\2019_0811_175830_003 0641_0.jpg,2019_0811_175830_003 0641_0.jpg,C-9,test_original,.jpg,6029,True,92,86,3,RGB,115.978515625,111.92440795898438,71.81790161132812,0.0530839231547017,0.1172901921132457,c0937c4a4880312ff05dab2d43395653b43de5bcead5bdfda515744e82c06c6d,test_final,C-9,C-9,C-10,2947,115.978515625
C:\Users\Dell\Desktop\Kacper Błachowiak - praca magisterska - klasyfikacja znaków drogowych\KB_Praca_Magisterska\data\raw\polish_traffic_signs_dataset\test\C-9\2019_0811_175830_003 0656_0.jpg,2019_0811_175830_003 0656_0.jpg,C-9,test_original,.jpg,7924,True,111,102,3,RGB,130.5684356689453,112.3051986694336,58.15052795410156,0.0034446210916799,0.1169404698816463,3849b7a64ccaf7e9cd4da2bd62100e4ca9e82f83f97a150168536372e2fde643,test_final,C-9,C-9,C-10,2950,130.5684356689453
C:\Users\Dell\Desktop\Kacper Błachowiak - praca magisterska - klasyfikacja znaków drogowych\KB_Praca_Magisterska\data\raw\polish_traffic_signs_dataset\test\C-9\2019_0811_183255_004 0345_0.jpg,2019_0811_183255_004 0345_0.jpg,C-9,test_original,.jpg,2717,True,57,61,3,RGB,61.39473724365234,48.57760238647461,43.68220138549805,0.0209951107276387,0.0069025021570319,5323a38f8eb16cad6a6fbc74b92fd8731954ecac8151c29f4fae4ffafa94ae44,test_final,C-9,C-9,C-10,2952,61.39473724365234
C:\Users\Dell\Desktop\Kacper Błachowiak - praca magisterska - klasyfikacja znaków drogowych\KB_Praca_Magisterska\data\raw\polish_traffic_signs_dataset\test\C-9\2019_0811_183255_004 0483_0.jpg,2019_0811_183255_004 0483_0.jpg,C-9,test_original,.jpg,2258,True,55,53,3,RGB,61.363040924072266,42.170196533203125,32.71574020385742,0.0061749571183533,0.0,80ed46fc9404e87d3037a47a062f6bb7888b60fb6f170f840b9b9fe750824404,test_final,C-9,C-9,C-10,2954,61.363040924072266
C:\Users\Dell\Desktop\Kacper Błachowiak - praca magisterska - klasyfikacja znaków drogowych\KB_Praca_Magisterska\data\raw\polish_traffic_signs_dataset\test\C-9\2019_0811_183255_004 0493_0.jpg,2019_0811_183255_004 0493_0.jpg,C-9,test_original,.jpg,5637,True,102,110,3,RGB,72.95899963378906,45.90019989013672,57.3939323425293,0.0108734402852049,0.0049910873440285,ef7d20f03771624c2c1de2f226d477907b06d15c9721a5d2bd5162c81cf20e39,test_final,C-9,C-9,C-10,2955,72.95899963378906
C:\Users\Dell\Desktop\Kacper Błachowiak - praca magisterska - klasyfikacja znaków drogowych\KB_Praca_Magisterska\data\raw\polish_traffic_signs_dataset\test\C-9\2019_0811_183255_004 0681_0.jpg,2019_0811_183255_004 0681_0.jpg,C-9,test_original,.jpg,3587,True,61,63,3,RGB,65.51016998291016,45.38999938964844,48.74464797973633,0.0686963309914129,0.0067655477491543,0938683d1f2c3b6535a65700ee6459a6da750668561544498a942efc8c5d1f5a,test_final,C-9,C-9,C-10,2956,65.51016998291016
C:\Users\Dell\Desktop\Kacper Błachowiak - praca magisterska - klasyfikacja znaków drogowych\KB_Praca_Magisterska\data\raw\polish_traffic_signs_dataset\test\C-9\2019_0811_183255_004 0694_0.jpg,2019_0811_183255_004 0694_0.jpg,C-9,test_original,.jpg,3888,True,69,78,3,RGB,94.13638305664062,48.39240264892578,73.96295928955078,0.018580453363062,0.0568561872909698,77aba021ef3dcc00163036489e671baae71f0715ea6181bccf556aebcf5e7ee7,test_final,C-9,C-9,C-10,2957,94.13638305664062
C:\Users\Dell\Desktop\Kacper Błachowiak - praca magisterska - klasyfikacja znaków drogowych\KB_Praca_Magisterska\data\raw\polish_traffic_signs_dataset\test\C-9\2019_0811_183255_004 0874_0.jpg,2019_0811_183255_004 0874_0.jpg,C-9,test_original,.jpg,4684,True,117,135,3,RGB,31.937448501586918,30.64120101928711,17.370864868164062,0.246343779677113,6.331117442228554e-05,67ade4198362ae55d238ab45fe868e19ef66194dbb5b80fdf6ec03d3770512a4,test_final,C-9,C-9,C-10,2964,31.937448501586918
C:\Users\Dell\Desktop\Kacper Błachowiak - praca magisterska - klasyfikacja znaków drogowych\KB_Praca_Magisterska\data\raw\polish_traffic_signs_dataset\test\C-9\2019_0811_183255_004 1455_0.jpg,2019_0811_183255_004 1455_0.jpg,C-9,test_original,.jpg,5027,True,106,130,3,RGB,76.9819564819336,42.651397705078125,60.73888397216797,0.0186502177068214,0.0,6e12d42ef6e836e6f1ad63fa895cd751667e7ea2ebb87c5e41ee3c947d02afe9,test_final,C-9,C-9,C-10,2970,76.9819564819336
C:\Users\Dell\Desktop\Kacper Błachowiak - praca magisterska - klasyfikacja znaków drogowych\KB_Praca_Magisterska\data\raw\polish_traffic_signs_dataset\test\C-9\2019_0811_183255_004 1483_0.jpg,2019_0811_183255_004 1483_0.jpg,C-9,test_original,.jpg,6761,True,123,147,3,RGB,47.05439376831055,16.589599609375,51.4658088684082,0.5474254742547425,0.0,0572f5626ea74ee600b301e5887847daf6d980c4e1f09a6350a5a01fe369ab7e,test_final,C-9,C-9,C-10,2972,47.05439376831055
C:\Users\Dell\Desktop\Kacper Błachowiak - praca magisterska - klasyfikacja znaków drogowych\KB_Praca_Magisterska\data\raw\polish_traffic_signs_dataset\test\C-9\2019_0814_162326_004 0041_0.jpg,2019_0814_162326_004 0041_0.jpg,C-9,test_original,.jpg,1831,True,33,43,3,RGB,104.74163055419922,59.01860046386719,74.79383850097656,0.0690627202255109,0.0007047216349541,b6c566544c82a74f83acbaf13ceeeb3b96567ff5dc2adba24d3ddb8485ba1dc3,test_final,C-9,C-9,C-10,2979,104.74163055419922
C:\Users\Dell\Desktop\Kacper Błachowiak - praca magisterska - klasyfikacja znaków drogowych\KB_Praca_Magisterska\data\raw\polish_traffic_signs_dataset\test\C-9\2019_0814_162326_004 0757_0.jpg,2019_0814_162326_004 0757_0.jpg,C-9,test_original,.jpg,1641,True,33,41,3,RGB,44.551666259765625,33.54359817504883,35.06645202636719,0.1566888396156688,0.0,ec386a09dd192102a3e669a8a99148713cee5ec0875c6ed94cd3dfdd65d7c669,test_final,C-9,C-9,C-10,2983,44.551666259765625
C:\Users\Dell\Desktop\Kacper Błachowiak - praca magisterska - klasyfikacja znaków drogowych\KB_Praca_Magisterska\data\raw\polish_traffic_signs_dataset\test\C-9\2019_0814_162326_004 1601_0.jpg,2019_0814_162326_004 1601_0.jpg,C-9,test_original,.jpg,1628,True,31,35,3,RGB,129.83282470703125,110.80081176757812,61.62883758544922,0.0009216589861751,0.0682027649769585,16a0b77167c42bba71fdb26e48884e09db729f6d21c935a4c5eabcf06875346e,test_final,C-9,C-9,C-10,3001,129.83282470703125
C:\Users\Dell\Desktop\Kacper Błachowiak - praca magisterska - klasyfikacja znaków drogowych\KB_Praca_Magisterska\data\raw\polish_traffic_signs_dataset\test\C-9\2019_0814_162326_004 1603_0.jpg,2019_0814_162326_004 1603_0.jpg,C-9,test_original,.jpg,2870,True,49,53,3,RGB,139.13864135742188,116.24939727783205,61.8462142944336,0.0050057758952637,0.0997304582210242,2a717f72329395b96f732d2d3809a1b87f7cc5af43e49bf804a6605d86112083,test_final,C-9,C-9,C-10,3002,139.13864135742188
C:\Users\Dell\Desktop\Kacper Błachowiak - praca magisterska - klasyfikacja znaków drogowych\KB_Praca_Magisterska\data\raw\polish_traffic_signs_dataset\test\C-9\2019_0814_162326_004 1604_0.jpg,2019_0814_162326_004 1604_0.jpg,C-9,test_original,.jpg,2663,True,49,55,3,RGB,160.62844848632812,133.55079650878906,63.15989303588867,0.0,0.1376623376623376,671ac1c38d4899c0de97bac098e76032e0b3f3e42d52780793af85b2e2bf21b7,test_final,C-9,C-9,C-10,3003,160.62844848632812
C:\Users\Dell\Desktop\Kacper Błachowiak - praca magisterska - klasyfikacja znaków drogowych\KB_Praca_Magisterska\data\raw\polish_traffic_signs_dataset\test\C-9\2019_0814_162326_004 1606_0.jpg,2019_0814_162326_004 1606_0.jpg,C-9,test_original,.jpg,8175,True,108,164,3,RGB,130.44383239746094,116.80250549316406,66.95936584472656,0.0005081300813008,0.0954155374887082,ff137f03d71ab032659e8a69af873f05c4674fd2e4b54210e002b889ea27b95f,test_final,C-9,C-9,C-10,3005,130.44383239746094
C:\Users\Dell\Desktop\Kacper Błachowiak - praca magisterska - klasyfikacja znaków drogowych\KB_Praca_Magisterska\data\raw\polish_traffic_signs_dataset\test\C-9\2019_0814_162326_004 1636_0.jpg,2019_0814_162326_004 1636_0.jpg,C-9,test_original,.jpg,2553,True,43,57,3,RGB,155.66207885742188,119.5132064819336,56.59004211425781,0.0008159934720522,0.0771113831089351,ff44cefdc5b8b87308edff2735128227230cc8d03460b53cbb5c07050d17d126,test_final,C-9,C-9,C-10,3006,155.66207885742188
C:\Users\Dell\Desktop\Kacper Błachowiak - praca magisterska - klasyfikacja znaków drogowych\KB_Praca_Magisterska\data\raw\polish_traffic_signs_dataset\test\C-9\2019_0814_162326_004 1653_0.jpg,2019_0814_162326_004 1653_0.jpg,C-9,test_original,.jpg,1583,True,32,33,3,RGB,111.61366271972656,83.7366943359375,60.44716644287109,0.0047348484848484,0.0142045454545454,de84f394ecbff94d9828a9258215ad8e592a7ebca07f2461cfd22e76ba3e7674,test_final,C-9,C-9,C-10,3008,111.61366271972656
C:\Users\Dell\Desktop\Kacper Błachowiak - praca magisterska - klasyfikacja znaków drogowych\KB_Praca_Magisterska\data\raw\polish_traffic_signs_dataset\test\C-9\2019_0814_162326_004 1654_0.jpg,2019_0814_162326_004 1654_0.jpg,C-9,test_original,.jpg,3551,True,65,55,3,RGB,142.4933624267578,106.985595703125,77.87921905517578,0.0039160839160839,0.1622377622377622,236e74868edad13ac766ef177fc2f2a24f9d4202102a5c2b007290ee24dd4b21,test_final,C-9,C-9,C-10,3009,142.4933624267578
C:\Users\Dell\Desktop\Kacper Błachowiak - praca magisterska - klasyfikacja znaków drogowych\KB_Praca_Magisterska\data\raw\polish_traffic_signs_dataset\test\C-9\2019_0814_162326_004 1666_0.jpg,2019_0814_162326_004 1666_0.jpg,C-9,test_original,.jpg,3822,True,57,67,3,RGB,136.66136169433594,107.0758056640625,66.6853256225586,0.0062843676355066,0.1309243257397224,23a60c6d0c6b1b9c988e215a333bb2b3b292e7d690c4a83807f06ccb24c36622,test_final,C-9,C-9,C-10,3010,136.66136169433594
C:\Users\Dell\Desktop\Kacper Błachowiak - praca magisterska - klasyfikacja znaków drogowych\KB_Praca_Magisterska\data\raw\polish_traffic_signs_dataset\test\C-9\2019_0815_090538_005 0638_0.jpg,2019_0815_090538_005 0638_0.jpg,C-9,test_original,.jpg,4538,True,92,130,3,RGB,76.34634399414062,34.69300079345703,68.91619110107422,0.0625418060200668,0.0,f449092e761d1b2f71f13efd42fa0a92bc8c0e48a1dd1f96060f3e1bcc2174e2,test_final,C-9,C-9,C-10,3021,76.34634399414062
C:\Users\Dell\Desktop\Kacper Błachowiak - praca magisterska - klasyfikacja znaków drogowych\KB_Praca_Magisterska\data\raw\polish_traffic_signs_dataset\test\C-9\2019_0815_090538_005 0647_0.jpg,2019_0815_090538_005 0647_0.jpg,C-9,test_original,.jpg,1393,True,32,37,3,RGB,87.8800277709961,60.0359992980957,67.26850128173828,0.0287162162162162,0.0515202702702702,3fc31de301afb96160e516fd4f5cc73857ae32311c69f82ba3f20b788f1ca836,test_final,C-9,C-9,C-10,3022,87.8800277709961
C:\Users\Dell\Desktop\Kacper Błachowiak - praca magisterska - klasyfikacja znaków drogowych\KB_Praca_Magisterska\data\raw\polish_traffic_signs_dataset\test\C-9\2019_0815_090538_005 0654_0.jpg,2019_0815_090538_005 0654_0.jpg,C-9,test_original,.jpg,4870,True,100,104,3,RGB,68.67060089111328,28.65730094909668,68.37847137451172,0.1821153846153846,0.0001923076923076,1eeb815a7341f4c15ab74bee159fc7e8847f45da9077feac450db9a6b75c25db,test_final,C-9,C-9,C-10,3024,68.67060089111328
C:\Users\Dell\Desktop\Kacper Błachowiak - praca magisterska - klasyfikacja znaków drogowych\KB_Praca_Magisterska\data\raw\polish_traffic_signs_dataset\test\C-9\2019_0815_090538_005 0660_0.jpg,2019_0815_090538_005 0660_0.jpg,C-9,test_original,.jpg,5626,True,106,120,3,RGB,83.38957977294922,42.12399673461914,70.85224914550781,0.0605345911949685,7.861635220125786e-05,c7095bf3e1c31635a42e9b6154805dff4ed74183bbe7554d51af6ee003c6f858,test_final,C-9,C-9,C-10,3026,83.38957977294922
C:\Users\Dell\Desktop\Kacper Błachowiak - praca magisterska - klasyfikacja znaków drogowych\KB_Praca_Magisterska\data\raw\polish_traffic_signs_dataset\test\D-1\2019_0719_150032_004 0645_0.jpg,2019_0719_150032_004 0645_0.jpg,D-1,test_original,.jpg,972,True,21,17,3,RGB,135.9901123046875,143.4162139892578,48.888771057128906,0.0056022408963585,0.0,85444b5fca6096b42d74ce3293fe6b62b81ee32bcf108d306b92a2df057029ff,test_final,D-1,D-1,A-7,3039,135.9901123046875
C:\Users\Dell\Desktop\Kacper Błachowiak - praca magisterska - klasyfikacja znaków drogowych\KB_Praca_Magisterska\data\raw\polish_traffic_signs_dataset\test\D-1\2019_0721_171043_003 0656_0.jpg,2019_0721_171043_003 0656_0.jpg,D-1,test_original,.jpg,1730,True,36,40,3,RGB,159.78038024902344,179.31809997558594,69.0544662475586,0.0138888888888888,0.0569444444444444,6ee26f1710c1e0f14cd1ebbc312c2e3043b39848283cbc74c2ae46d93c45c33e,test_final,D-1,D-1,A-1,3074,159.78038024902344
C:\Users\Dell\Desktop\Kacper Błachowiak - praca magisterska - klasyfikacja znaków drogowych\KB_Praca_Magisterska\data\raw\polish_traffic_signs_dataset\test\D-1\2019_0726_185626_003 073_0.jpg,2019_0726_185626_003 073_0.jpg,D-1,test_original,.jpg,1124,True,25,27,3,RGB,225.7153778076172,230.44900512695312,23.04517936706543,0.0,0.1866666666666666,ed897ac9dc219ed124d330df6ecd5d59a00d4601ec273718a0f4efc7b1b43ef5,test_final,D-1,D-1,A-30,3125,225.7153778076172
C:\Users\Dell\Desktop\Kacper Błachowiak - praca magisterska - klasyfikacja znaków drogowych\KB_Praca_Magisterska\data\raw\polish_traffic_signs_dataset\test\D-1\2019_0809_155001_003 0253_1.jpg,2019_0809_155001_003 0253_1.jpg,D-1,test_original,.jpg,1501,True,34,35,3,RGB,197.0257110595703,196.3426971435547,31.7707576751709,0.0,0.0327731092436974,dd677c2c37119fa792dd4004db7b74ce3700b90f4bd1f87187ef1f7b8a74239f,test_final,D-1,D-1,A-7,3140,197.0257110595703
C:\Users\Dell\Desktop\Kacper Błachowiak - praca magisterska - klasyfikacja znaków drogowych\KB_Praca_Magisterska\data\raw\polish_traffic_signs_dataset\test\D-1\2019_0811_175830_003 0114_0.jpg,2019_0811_175830_003 0114_0.jpg,D-1,test_original,.jpg,3620,True,75,75,3,RGB,217.76715087890625,241.8636016845703,56.84411239624024,0.0051555555555555,0.4033777777777778,c9d461f796d33a4f53ca5f77f3ee5db45b32cb67d370548d928baa4d2c7c6946,test_final,D-1,D-1,A-7,3153,217.76715087890625
C:\Users\Dell\Desktop\Kacper Błachowiak - praca magisterska - klasyfikacja znaków drogowych\KB_Praca_Magisterska\data\raw\polish_traffic_signs_dataset\test\D-1\2019_0811_175830_003 0970_0.jpg,2019_0811_175830_003 0970_0.jpg,D-1,test_original,.jpg,8936,True,129,129,3,RGB,199.0714874267578,221.77639770507807,59.2901611328125,0.0186286881797968,0.1277567453878973,c399f9750e715480a4e62f2b11ef11b88a376bd9464a0a36762f22178f02d543,test_final,D-1,D-1,G-1a,3191,199.0714874267578
C:\Users\Dell\Desktop\Kacper Błachowiak - praca magisterska - klasyfikacja znaków drogowych\KB_Praca_Magisterska\data\raw\polish_traffic_signs_dataset\test\D-14\2019_0809_155001_003 1155_0.jpg,2019_0809_155001_003 1155_0.jpg,D-14,test_original,.jpg,1850,True,38,34,3,RGB,76.01628875732422,57.71530151367188,56.85798645019531,0.0874613003095975,0.0092879256965944,1d9b060f520e1a6add4bb89c6facb2546a84461c5bb83eff90e1300f0625f951,test_final,D-14,D-14,D-18,3236,76.01628875732422
C:\Users\Dell\Desktop\Kacper Błachowiak - praca magisterska - klasyfikacja znaków drogowych\KB_Praca_Magisterska\data\raw\polish_traffic_signs_dataset\test\D-14\2019_0809_155001_003 1156_1.jpg,2019_0809_155001_003 1156_1.jpg,D-14,test_original,.jpg,3022,True,53,64,3,RGB,113.79817962646484,76.50870513916016,69.59931945800781,0.0053066037735849,0.0050117924528301,08be7df3440713e8692ea76fc0872ab6fca2ac1303664b938ae87f8930428a32,test_final,D-14,D-14,D-18,3239,113.79817962646484
C:\Users\Dell\Desktop\Kacper Błachowiak - praca magisterska - klasyfikacja znaków drogowych\KB_Praca_Magisterska\data\raw\polish_traffic_signs_dataset\test\D-14\2019_0809_155001_003 1165_0.jpg,2019_0809_155001_003 1165_0.jpg,D-14,test_original,.jpg,2626,True,49,57,3,RGB,114.34844970703124,83.84700012207031,59.52521896362305,0.003938417472252,0.0025062656641604,2cbf62f09ff242c7dc98f26aebb92c399a2de8143210465602733d756801d34e,test_final,D-14,D-14,D-18,3240,114.34844970703124
C:\Users\Dell\Desktop\Kacper Błachowiak - praca magisterska - klasyfikacja znaków drogowych\KB_Praca_Magisterska\data\raw\polish_traffic_signs_dataset\test\D-18\2019_0721_181936_005 698_0.jpg,2019_0721_181936_005 698_0.jpg,D-18,test_original,.jpg,2577,True,57,96,3,RGB,14.311814308166504,8.370200157165527,16.551223754882812,0.7214912280701754,0.0,b7a9ec28ed3d3a303d7e85ad229d4b4175833d741b61a22e95bff9651341a32d,test_final,D-18,D-18,D-51,3378,14.311814308166504
C:\Users\Dell\Desktop\Kacper Błachowiak - praca magisterska - klasyfikacja znaków drogowych\KB_Praca_Magisterska\data\raw\polish_traffic_signs_dataset\test\D-2\2019_0815_094007_006 083_0.jpg,2019_0815_094007_006 083_0.jpg,D-2,test_original,.jpg,1630,True,39,33,3,RGB,164.53433227539062,159.07620239257812,66.94859313964844,0.0124320124320124,0.2385392385392385,596bf2dd07591b257595754ac3c024748ea2566260d92eebab7a8670bbbc6e1d,test_final,D-2,D-2,A-18b,3462,164.53433227539062
C:\Users\Dell\Desktop\Kacper Błachowiak - praca magisterska - klasyfikacja znaków drogowych\KB_Praca_Magisterska\data\raw\polish_traffic_signs_dataset\test\D-21\2019_0719_142601_003 0239_0.jpg,2019_0719_142601_003 0239_0.jpg,D-21,test_original,.jpg,1061,True,24,23,3,RGB,81.58610534667969,74.0614013671875,36.3524055480957,0.0072463768115942,0.0,7c492bb3ea33431a2fe61b972838597be3ebeb7ed16dbdd5e89e01d78eaa90a6,test_final,D-21,D-21,D-8,3479,81.58610534667969
C:\Users\Dell\Desktop\Kacper Błachowiak - praca magisterska - klasyfikacja znaków drogowych\KB_Praca_Magisterska\data\raw\polish_traffic_signs_dataset\test\D-23\2019_0719_142601_003 0122_0.jpg,2019_0719_142601_003 0122_0.jpg,D-23,test_original,.jpg,1272,True,27,27,3,RGB,110.7143783569336,111.89120483398438,46.62346649169922,0.0109739368998628,0.0,a4c3e307d558cec5a0310c017ffaf1a817cee42084f64bd6ca2a2c7c865c4221,test_final,D-23,D-23,D-9,3486,110.7143783569336
C:\Users\Dell\Desktop\Kacper Błachowiak - praca magisterska - klasyfikacja znaków drogowych\KB_Praca_Magisterska\data\raw\polish_traffic_signs_dataset\test\D-23\2019_0719_142601_003 1483_0.jpg,2019_0719_142601_003 1483_0.jpg,D-23,test_original,.jpg,1222,True,26,24,3,RGB,126.93599700927734,132.7324981689453,63.06660842895508,0.0336538461538461,0.0048076923076923,c6c00c06f86a3610c074eab9323f715c9c2a6da0657b417e48db596a8a3a03ea,test_final,D-23,D-23,D-42,3493,126.93599700927734
C:\Users\Dell\Desktop\Kacper Błachowiak - praca magisterska - klasyfikacja znaków drogowych\KB_Praca_Magisterska\data\raw\polish_traffic_signs_dataset\test\D-26\2019_0721_181936_005 158_0.jpg,2019_0721_181936_005 158_0.jpg,D-26,test_original,.jpg,1227,True,28,39,3,RGB,49.9780502319336,42.44519805908203,42.694374084472656,0.1593406593406593,0.0009157509157509,fad2ad491ca72bd5e8a8c825948b18b5fd5d23dcac607d57ac0517e807204ad8,test_final,D-26,D-26,D-23,3554,49.9780502319336
C:\Users\Dell\Desktop\Kacper Błachowiak - praca magisterska - klasyfikacja znaków drogowych\KB_Praca_Magisterska\data\raw\polish_traffic_signs_dataset\test\D-26\2019_0811_190715_005 170_0.jpg,2019_0811_190715_005 170_0.jpg,D-26,test_original,.jpg,1599,True,34,45,3,RGB,78.56455993652344,54.67900085449219,75.4371566772461,0.2718954248366013,0.0052287581699346,2c598dece69d3ed221dc6b05cb0bc497b6278e71c151bfcb13a3ea1bd8f44188,test_final,D-26,D-26,D-26b,3558,78.56455993652344
C:\Users\Dell\Desktop\Kacper Błachowiak - praca magisterska - klasyfikacja znaków drogowych\KB_Praca_Magisterska\data\raw\polish_traffic_signs_dataset\test\D-26c\2019_0814_154857_003 1047_0.jpg,2019_0814_154857_003 1047_0.jpg,D-26c,test_original,.jpg,3315,True,63,61,3,RGB,154.8551483154297,165.09120178222656,77.41844940185547,0.0049440541243819,0.0944574551131928,be10a6e69eca38232e7de99683bb3a697da4c20c55131b53e4cb5e405919ab1e,test_final,D-26c,D-26c,D-23,3583,154.8551483154297
C:\Users\Dell\Desktop\Kacper Błachowiak - praca magisterska - klasyfikacja znaków drogowych\KB_Praca_Magisterska\data\raw\polish_traffic_signs_dataset\test\D-28\2019_0719_142601_003 0258_0.jpg,2019_0719_142601_003 0258_0.jpg,D-28,test_original,.jpg,862,True,16,15,3,RGB,120.04000854492188,115.064697265625,63.176456451416016,0.0458333333333333,0.0,1d4cff777e0e9819a2a5699e9d08079db9f384c84941c7630a06aad9d79aaa23,test_final,D-28,D-28,D-23a,3602,120.04000854492188
C:\Users\Dell\Desktop\Kacper Błachowiak - praca magisterska - klasyfikacja znaków drogowych\KB_Praca_Magisterska\data\raw\polish_traffic_signs_dataset\test\D-3\2019_0809_155001_003 0406_0.jpg,2019_0809_155001_003 0406_0.jpg,D-3,test_original,.jpg,2481,True,39,61,3,RGB,69.61544036865234,48.28459930419922,48.90959167480469,0.044556536359815,0.0046237915090374,29255dd36543f51bfa5348ed932cb22b5b616f5634df17fa4791174e79dc8ee4,test_final,D-3,D-3,D-9,3691,69.61544036865234
C:\Users\Dell\Desktop\Kacper Błachowiak - praca magisterska - klasyfikacja znaków drogowych\KB_Praca_Magisterska\data\raw\polish_traffic_signs_dataset\test\D-3\2019_0809_155001_003 1534_0.jpg,2019_0809_155001_003 1534_0.jpg,D-3,test_original,.jpg,2174,True,39,68,3,RGB,149.20025634765625,156.87060546875,71.59461975097656,0.0,0.0196078431372549,41a2c24544f5a75ba4beb7a0fdef29bf9ce579c6c2f5491e2f3dd1c38c68a5d1,test_final,D-3,D-3,D-9,3693,149.20025634765625
C:\Users\Dell\Desktop\Kacper Błachowiak - praca magisterska - klasyfikacja znaków drogowych\KB_Praca_Magisterska\data\raw\polish_traffic_signs_dataset\test\D-40\2019_0901_173251_015 1530_0.jpg,2019_0901_173251_015 1530_0.jpg,D-40,test_original,.jpg,11914,True,216,161,3,RGB,111.46971893310548,102.64099884033205,31.19346809387207,0.0,0.010380722337244,4b13b52a0a283711a92e35c9825651b3c984b7f4d9ed9054b37674ab0a07b369,test_final,D-40,D-40,D-18,3706,111.46971893310548
C:\Users\Dell\Desktop\Kacper Błachowiak - praca magisterska - klasyfikacja znaków drogowych\KB_Praca_Magisterska\data\raw\polish_traffic_signs_dataset\test\D-40\2020_0215_110207_010 580_0.jpg,2020_0215_110207_010 580_0.jpg,D-40,test_original,.jpg,5373,True,76,96,3,RGB,103.4617691040039,69.84669494628906,53.09328079223633,0.0004111842105263,0.0,37033c18574bd92904521899aa308b5745c902c3ca82001f7f78208f85279916,test_final,D-40,D-40,D-7,3709,103.4617691040039
C:\Users\Dell\Desktop\Kacper Błachowiak - praca magisterska - klasyfikacja znaków drogowych\KB_Praca_Magisterska\data\raw\polish_traffic_signs_dataset\test\D-43\2019_0721_171043_003 2011_0.jpg,2019_0721_171043_003 2011_0.jpg,D-43,test_original,.jpg,1689,True,59,31,3,RGB,114.9419937133789,105.36619567871094,51.860870361328125,0.0,0.0656096227446692,9fa57a0182c88e8dc025c1e8b225b0cc4238f9ce4f0ef164f6285a10e953f84a,test_final,D-43,D-43,D-42,3789,114.9419937133789
C:\Users\Dell\Desktop\Kacper Błachowiak - praca magisterska - klasyfikacja znaków drogowych\KB_Praca_Magisterska\data\raw\polish_traffic_signs_dataset\test\D-53\2019_0830_154511_013 01_0.jpg,2019_0830_154511_013 01_0.jpg,D-53,test_original,.jpg,8122,True,186,84,3,RGB,217.33316040039065,251.5799865722656,55.07154083251953,0.0085125448028673,0.5922939068100358,51fc8b80a3a4ee7bfefe783a90dbf52396fb46486f79c7c8239ffbac0b595364,test_final,D-53,D-53,D-42,3881,217.33316040039065
C:\Users\Dell\Desktop\Kacper Błachowiak - praca magisterska - klasyfikacja znaków drogowych\KB_Praca_Magisterska\data\raw\polish_traffic_signs_dataset\test\D-53\2019_0830_154511_013 02_0.jpg,2019_0830_154511_013 02_0.jpg,D-53,test_original,.jpg,7001,True,180,81,3,RGB,222.55978393554688,251.8699951171875,45.68854904174805,0.0012345679012345,0.5948559670781893,ac12a358f75df8e3d708dd579c6943af0c2f307ee7ed9cab9596b8ef6f517b3f,test_final,D-53,D-53,G-3,3882,222.55978393554688
C:\Users\Dell\Desktop\Kacper Błachowiak - praca magisterska - klasyfikacja znaków drogowych\KB_Praca_Magisterska\data\raw\polish_traffic_signs_dataset\test\D-6\2019_0811_175830_003 0411_0.jpg,2019_0811_175830_003 0411_0.jpg,D-6,test_original,.jpg,9260,True,132,128,3,RGB,181.4841461181641,177.00759887695312,55.04908752441406,0.000591856060606,0.2777580492424242,a3e91050c054664cf74cc8f273d89991b61d55a2a7d3bb4ce03959d58d30c6ba,test_final,D-6,D-6,D-6b,4008,181.4841461181641
C:\Users\Dell\Desktop\Kacper Błachowiak - praca magisterska - klasyfikacja znaków drogowych\KB_Praca_Magisterska\data\raw\polish_traffic_signs_dataset\test\D-6\2019_0811_175830_003 0661_0.jpg,2019_0811_175830_003 0661_0.jpg,D-6,test_original,.jpg,12679,True,155,142,3,RGB,154.15203857421875,143.67640686035156,71.59896850585938,0.0112676056338028,0.1944570649704679,9474aecf89f699ac99d16fdac8734d496ae87a10aba975d62c3b94e95470f0e7,test_final,D-6,D-6,D-6b,4021,154.15203857421875
C:\Users\Dell\Desktop\Kacper Błachowiak - praca magisterska - klasyfikacja znaków drogowych\KB_Praca_Magisterska\data\raw\polish_traffic_signs_dataset\test\D-6b\2019_0726_185626_003 107_0.jpg,2019_0726_185626_003 107_0.jpg,D-6b,test_original,.jpg,2197,True,37,47,3,RGB,154.2509307861328,174.58961486816406,72.39905548095703,0.0023001725129384,0.0816561242093157,0f5229ca64b2935eb6fca13388f0e6685a04a5fdd1778879d823c822fbcb3434,test_final,D-6b,D-6b,D-6,4177,154.2509307861328
C:\Users\Dell\Desktop\Kacper Błachowiak - praca magisterska - klasyfikacja znaków drogowych\KB_Praca_Magisterska\data\raw\polish_traffic_signs_dataset\test\D-6b\2019_0726_185626_003 110_0.jpg,2019_0726_185626_003 110_0.jpg,D-6b,test_original,.jpg,2304,True,43,47,3,RGB,178.85403442382812,198.3661956787109,52.74131774902344,0.003958436417615,0.1063829787234042,45611a203de2fdac1f7e6ac430794ef6db27cc6b173d817015f31db319b718f6,test_final,D-6b,D-6b,A-30,4178,178.85403442382812
C:\Users\Dell\Desktop\Kacper Błachowiak - praca magisterska - klasyfikacja znaków drogowych\KB_Praca_Magisterska\data\raw\polish_traffic_signs_dataset\test\D-7\2019_0809_162432_004 1008_0.jpg,2019_0809_162432_004 1008_0.jpg,D-7,test_original,.jpg,1154,True,20,27,3,RGB,90.21519470214844,65.0698013305664,57.74270248413086,0.0129629629629629,0.0,8bf5b49b6292f5bcb4fe725076162a32bb1b0fca4e09345a2e28af866ca08d8f,test_final,D-7,D-7,D-27,4215,90.21519470214844
C:\Users\Dell\Desktop\Kacper Błachowiak - praca magisterska - klasyfikacja znaków drogowych\KB_Praca_Magisterska\data\raw\polish_traffic_signs_dataset\test\D-7\2019_0809_162432_004 1008_1.jpg,2019_0809_162432_004 1008_1.jpg,D-7,test_original,.jpg,1028,True,22,18,3,RGB,81.58928680419922,53.53340148925781,56.96916198730469,0.0303030303030303,0.005050505050505,a6915b3823b6f528a15cb5422f7f58fbd71d2835260f098f194ec58d1ee1d8aa,test_final,D-7,D-7,D-18,4216,81.58928680419922
C:\Users\Dell\Desktop\Kacper Błachowiak - praca magisterska - klasyfikacja znaków drogowych\KB_Praca_Magisterska\data\raw\polish_traffic_signs_dataset\test\D-7\2019_0811_183255_004 1830_1.jpg,2019_0811_183255_004 1830_1.jpg,D-7,test_original,.jpg,2415,True,51,67,3,RGB,129.6781768798828,102.3043975830078,63.1653938293457,0.0005853087503658,0.1779338601112086,d742d63f7225f3f0ddb877558f3ebbf01add87e0eb3724f198bb7a0b08c2e4c6,test_final,D-7,D-7,D-9,4222,129.6781768798828
C:\Users\Dell\Desktop\Kacper Błachowiak - praca magisterska - klasyfikacja znaków drogowych\KB_Praca_Magisterska\data\raw\polish_traffic_signs_dataset\test\D-8\2019_0809_155001_003 1106_0.jpg,2019_0809_155001_003 1106_0.jpg,D-8,test_original,.jpg,4603,True,64,96,3,RGB,129.0685577392578,94.81820678710938,62.88753128051758,0.0003255208333333,0.0252278645833333,bb7eb7931feee27a5862f803ea06f08c49b38474cc61a24b38581226dd43aee7,test_final,D-8,D-8,D-41,4253,129.0685577392578
