dataset_index,path,true_class,predicted_class,original_brightness
5,C:\Users\Dell\Desktop\Kacper Błachowiak - praca magisterska - klasyfikacja znaków drogowych\KB_Praca_Magisterska\data\raw\polish_traffic_signs_dataset\test\A-1\2019_0721_171043_003 1614_0.jpg,A-1,A-2,79.55204772949219
6,C:\Users\Dell\Desktop\Kacper Błachowiak - praca magisterska - klasyfikacja znaków drogowych\KB_Praca_Magisterska\data\raw\polish_traffic_signs_dataset\test\A-1\2019_0721_171043_003 1641_0.jpg,A-1,A-2,65.5746841430664
12,C:\Users\Dell\Desktop\Kacper Błachowiak - praca magisterska - klasyfikacja znaków drogowych\KB_Praca_Magisterska\data\raw\polish_traffic_signs_dataset\test\A-1\2019_0726_185626_003 584_0.jpg,A-1,A-2,37.9691276550293
16,C:\Users\Dell\Desktop\Kacper Błachowiak - praca magisterska - klasyfikacja znaków drogowych\KB_Praca_Magisterska\data\raw\polish_traffic_signs_dataset\test\A-1\2019_0809_162432_004 1301_0.jpg,A-1,A-2,180.8301239013672
30,C:\Users\Dell\Desktop\Kacper Błachowiak - praca magisterska - klasyfikacja znaków drogowych\KB_Praca_Magisterska\data\raw\polish_traffic_signs_dataset\test\A-1\2019_0816_172034_007 0888_0.jpg,A-1,A-2,106.5311050415039
36,C:\Users\Dell\Desktop\Kacper Błachowiak - praca magisterska - klasyfikacja znaków drogowych\KB_Praca_Magisterska\data\raw\polish_traffic_signs_dataset\test\A-1\2019_0816_175356_008 374_0.jpg,A-1,A-18b,143.493896484375
47,C:\Users\Dell\Desktop\Kacper Błachowiak - praca magisterska - klasyfikacja znaków drogowych\KB_Praca_Magisterska\data\raw\polish_traffic_signs_dataset\test\A-1\2019_0901_165821_014 1860_0.jpg,A-1,A-2,27.25254440307617
49,C:\Users\Dell\Desktop\Kacper Błachowiak - praca magisterska - klasyfikacja znaków drogowych\KB_Praca_Magisterska\data\raw\polish_traffic_signs_dataset\test\A-1\2019_0905_182313_001 0190_0.jpg,A-1,A-2,221.41661071777344
51,C:\Users\Dell\Desktop\Kacper Błachowiak - praca magisterska - klasyfikacja znaków drogowych\KB_Praca_Magisterska\data\raw\polish_traffic_signs_dataset\test\A-11\2019_0719_142601_003 0241_1.jpg,A-11,A-2,151.43682861328125
76,C:\Users\Dell\Desktop\Kacper Błachowiak - praca magisterska - klasyfikacja znaków drogowych\KB_Praca_Magisterska\data\raw\polish_traffic_signs_dataset\test\A-12a\2019_0721_171043_003 1584_0.jpg,A-12a,A-18b,100.61859130859376
82,C:\Users\Dell\Desktop\Kacper Błachowiak - praca magisterska - klasyfikacja znaków drogowych\KB_Praca_Magisterska\data\raw\polish_traffic_signs_dataset\test\A-12a\2019_0814_154857_003 0130_0.jpg,A-12a,A-6b,88.30430603027344
93,C:\Users\Dell\Desktop\Kacper Błachowiak - praca magisterska - klasyfikacja znaków drogowych\KB_Praca_Magisterska\data\raw\polish_traffic_signs_dataset\test\A-14\2019_0719_142601_003 0368_0.jpg,A-14,A-16,80.63018035888672
94,C:\Users\Dell\Desktop\Kacper Błachowiak - praca magisterska - klasyfikacja znaków drogowych\KB_Praca_Magisterska\data\raw\polish_traffic_signs_dataset\test\A-14\2019_0721_171043_003 0915_0.jpg,A-14,A-16,68.38037109375
98,C:\Users\Dell\Desktop\Kacper Błachowiak - praca magisterska - klasyfikacja znaków drogowych\KB_Praca_Magisterska\data\raw\polish_traffic_signs_dataset\test\A-14\2019_0726_185626_003 153_0.jpg,A-14,A-6e,97.6478500366211
99,C:\Users\Dell\Desktop\Kacper Błachowiak - praca magisterska - klasyfikacja znaków drogowych\KB_Praca_Magisterska\data\raw\polish_traffic_signs_dataset\test\A-14\2019_0809_155001_003 0443_0.jpg,A-14,A-16,142.06805419921875
101,C:\Users\Dell\Desktop\Kacper Błachowiak - praca magisterska - klasyfikacja znaków drogowych\KB_Praca_Magisterska\data\raw\polish_traffic_signs_dataset\test\A-14\2019_0814_154857_003 0129_0.jpg,A-14,A-4,82.0584716796875
103,C:\Users\Dell\Desktop\Kacper Błachowiak - praca magisterska - klasyfikacja znaków drogowych\KB_Praca_Magisterska\data\raw\polish_traffic_signs_dataset\test\A-15\2019_0815_090538_005 0909_0.jpg,A-15,C-13,39.73136520385742
105,C:\Users\Dell\Desktop\Kacper Błachowiak - praca magisterska - klasyfikacja znaków drogowych\KB_Praca_Magisterska\data\raw\polish_traffic_signs_dataset\test\A-15\2019_0929_154947_042 088_0.jpg,A-15,A-6c,98.46318817138672
108,C:\Users\Dell\Desktop\Kacper Błachowiak - praca magisterska - klasyfikacja znaków drogowych\KB_Praca_Magisterska\data\raw\polish_traffic_signs_dataset\test\A-16\2019_0714_142630_003 131_0.jpg,A-16,A-20,157.69239807128906
109,C:\Users\Dell\Desktop\Kacper Błachowiak - praca magisterska - klasyfikacja znaków drogowych\KB_Praca_Magisterska\data\raw\polish_traffic_signs_dataset\test\A-16\2019_0714_142630_003 131_1.jpg,A-16,A-17,74.54837036132812
119,C:\Users\Dell\Desktop\Kacper Błachowiak - praca magisterska - klasyfikacja znaków drogowych\KB_Praca_Magisterska\data\raw\polish_traffic_signs_dataset\test\A-16\2019_0719_142601_003 2050_0.jpg,A-16,A-32,70.94839477539062
125,C:\Users\Dell\Desktop\Kacper Błachowiak - praca magisterska - klasyfikacja znaków drogowych\KB_Praca_Magisterska\data\raw\polish_traffic_signs_dataset\test\A-16\2019_0721_171043_003 0534_0.jpg,A-16,A-17,63.358280181884766
129,C:\Users\Dell\Desktop\Kacper Błachowiak - praca magisterska - klasyfikacja znaków drogowych\KB_Praca_Magisterska\data\raw\polish_traffic_signs_dataset\test\A-16\2019_0721_171043_003 0749_0.jpg,A-16,A-4,139.92787170410156
151,C:\Users\Dell\Desktop\Kacper Błachowiak - praca magisterska - klasyfikacja znaków drogowych\KB_Praca_Magisterska\data\raw\polish_traffic_signs_dataset\test\A-16\2019_0811_183255_004 1476_0.jpg,A-16,A-1,63.69866180419922
164,C:\Users\Dell\Desktop\Kacper Błachowiak - praca magisterska - klasyfikacja znaków drogowych\KB_Praca_Magisterska\data\raw\polish_traffic_signs_dataset\test\A-17\2019_0719_142601_003 1132_0.jpg,A-17,A-6d,180.44407653808597
168,C:\Users\Dell\Desktop\Kacper Błachowiak - praca magisterska - klasyfikacja znaków drogowych\KB_Praca_Magisterska\data\raw\polish_traffic_signs_dataset\test\A-17\2019_0719_142601_003 2052_0.jpg,A-17,A-30,66.88863372802734
176,C:\Users\Dell\Desktop\Kacper Błachowiak - praca magisterska - klasyfikacja znaków drogowych\KB_Praca_Magisterska\data\raw\polish_traffic_signs_dataset\test\A-17\2019_0719_150032_004 0739_0.jpg,A-17,A-20,170.18882751464844
200,C:\Users\Dell\Desktop\Kacper Błachowiak - praca magisterska - klasyfikacja znaków drogowych\KB_Praca_Magisterska\data\raw\polish_traffic_signs_dataset\test\A-17\2019_0811_183255_004 0109_0.jpg,A-17,D-6,75.47297668457031
242,C:\Users\Dell\Desktop\Kacper Błachowiak - praca magisterska - klasyfikacja znaków drogowych\KB_Praca_Magisterska\data\raw\polish_traffic_signs_dataset\test\A-18b\2019_0721_181936_005 027_0.jpg,A-18b,A-16,49.79193115234375
283,C:\Users\Dell\Desktop\Kacper Błachowiak - praca magisterska - klasyfikacja znaków drogowych\KB_Praca_Magisterska\data\raw\polish_traffic_signs_dataset\test\A-18b\2019_0811_183255_004 0878_0.jpg,A-18b,A-11,29.67397689819336
284,C:\Users\Dell\Desktop\Kacper Błachowiak - praca magisterska - klasyfikacja znaków drogowych\KB_Praca_Magisterska\data\raw\polish_traffic_signs_dataset\test\A-18b\2019_0811_183255_004 1434_0.jpg,A-18b,A-11,116.43026733398438
285,C:\Users\Dell\Desktop\Kacper Błachowiak - praca magisterska - klasyfikacja znaków drogowych\KB_Praca_Magisterska\data\raw\polish_traffic_signs_dataset\test\A-18b\2019_0811_183255_004 1937_0.jpg,A-18b,A-4,55.227813720703125
287,C:\Users\Dell\Desktop\Kacper Błachowiak - praca magisterska - klasyfikacja znaków drogowych\KB_Praca_Magisterska\data\raw\polish_traffic_signs_dataset\test\A-18b\2019_0811_190715_005 028_0.jpg,A-18b,A-3,27.357585906982425
326,C:\Users\Dell\Desktop\Kacper Błachowiak - praca magisterska - klasyfikacja znaków drogowych\KB_Praca_Magisterska\data\raw\polish_traffic_signs_dataset\test\A-2\2019_0719_142601_003 1209_0.jpg,A-2,A-1,182.77479553222656
329,C:\Users\Dell\Desktop\Kacper Błachowiak - praca magisterska - klasyfikacja znaków drogowych\KB_Praca_Magisterska\data\raw\polish_traffic_signs_dataset\test\A-2\2019_0721_171043_003 1523_0.jpg,A-2,A-1,42.00796508789063
330,C:\Users\Dell\Desktop\Kacper Błachowiak - praca magisterska - klasyfikacja znaków drogowych\KB_Praca_Magisterska\data\raw\polish_traffic_signs_dataset\test\A-2\2019_0721_171043_003 1524_0.jpg,A-2,A-1,113.77465057373048
331,C:\Users\Dell\Desktop\Kacper Błachowiak - praca magisterska - klasyfikacja znaków drogowych\KB_Praca_Magisterska\data\raw\polish_traffic_signs_dataset\test\A-2\2019_0721_171043_003 1553_0.jpg,A-2,A-1,92.02337646484376
332,C:\Users\Dell\Desktop\Kacper Błachowiak - praca magisterska - klasyfikacja znaków drogowych\KB_Praca_Magisterska\data\raw\polish_traffic_signs_dataset\test\A-2\2019_0721_171043_003 1554_0.jpg,A-2,A-1,80.91597747802734
333,C:\Users\Dell\Desktop\Kacper Błachowiak - praca magisterska - klasyfikacja znaków drogowych\KB_Praca_Magisterska\data\raw\polish_traffic_signs_dataset\test\A-2\2019_0721_171043_003 1787_0.jpg,A-2,A-1,75.79511260986328
334,C:\Users\Dell\Desktop\Kacper Błachowiak - praca magisterska - klasyfikacja znaków drogowych\KB_Praca_Magisterska\data\raw\polish_traffic_signs_dataset\test\A-2\2019_0721_171043_003 1788_0.jpg,A-2,A-1,102.43988037109376
335,C:\Users\Dell\Desktop\Kacper Błachowiak - praca magisterska - klasyfikacja znaków drogowych\KB_Praca_Magisterska\data\raw\polish_traffic_signs_dataset\test\A-2\2019_0726_185626_003 195_0.jpg,A-2,A-1,93.76904296875
337,C:\Users\Dell\Desktop\Kacper Błachowiak - praca magisterska - klasyfikacja znaków drogowych\KB_Praca_Magisterska\data\raw\polish_traffic_signs_dataset\test\A-2\2019_0726_185626_003 409_0.jpg,A-2,A-1,105.7553482055664
339,C:\Users\Dell\Desktop\Kacper Błachowiak - praca magisterska - klasyfikacja znaków drogowych\KB_Praca_Magisterska\data\raw\polish_traffic_signs_dataset\test\A-2\2019_0726_185626_003 442_0.jpg,A-2,A-1,77.64794921875
340,C:\Users\Dell\Desktop\Kacper Błachowiak - praca magisterska - klasyfikacja znaków drogowych\KB_Praca_Magisterska\data\raw\polish_traffic_signs_dataset\test\A-2\2019_0726_185626_003 443_0.jpg,A-2,A-1,158.98431396484375
345,C:\Users\Dell\Desktop\Kacper Błachowiak - praca magisterska - klasyfikacja znaków drogowych\KB_Praca_Magisterska\data\raw\polish_traffic_signs_dataset\test\A-2\2019_0811_175830_003 1542_0.jpg,A-2,A-1,47.706504821777344
346,C:\Users\Dell\Desktop\Kacper Błachowiak - praca magisterska - klasyfikacja znaków drogowych\KB_Praca_Magisterska\data\raw\polish_traffic_signs_dataset\test\A-2\2019_0811_175830_003 1543_0.jpg,A-2,A-1,79.078369140625
347,C:\Users\Dell\Desktop\Kacper Błachowiak - praca magisterska - klasyfikacja znaków drogowych\KB_Praca_Magisterska\data\raw\polish_traffic_signs_dataset\test\A-2\2019_0811_175830_003 1572_0.jpg,A-2,A-1,66.8159408569336
348,C:\Users\Dell\Desktop\Kacper Błachowiak - praca magisterska - klasyfikacja znaków drogowych\KB_Praca_Magisterska\data\raw\polish_traffic_signs_dataset\test\A-2\2019_0811_175830_003 1797_0.jpg,A-2,A-1,74.97899627685547
349,C:\Users\Dell\Desktop\Kacper Błachowiak - praca magisterska - klasyfikacja znaków drogowych\KB_Praca_Magisterska\data\raw\polish_traffic_signs_dataset\test\A-2\2019_0811_183255_004 0741_0.jpg,A-2,A-1,51.60939407348633
351,C:\Users\Dell\Desktop\Kacper Błachowiak - praca magisterska - klasyfikacja znaków drogowych\KB_Praca_Magisterska\data\raw\polish_traffic_signs_dataset\test\A-2\2019_0815_090538_005 0954_0.jpg,A-2,A-3,37.55370330810547
353,C:\Users\Dell\Desktop\Kacper Błachowiak - praca magisterska - klasyfikacja znaków drogowych\KB_Praca_Magisterska\data\raw\polish_traffic_signs_dataset\test\A-2\2019_0815_090538_005 1934_0.jpg,A-2,A-1,153.19952392578125
354,C:\Users\Dell\Desktop\Kacper Błachowiak - praca magisterska - klasyfikacja znaków drogowych\KB_Praca_Magisterska\data\raw\polish_traffic_signs_dataset\test\A-2\2019_0815_090538_005 1962_0.jpg,A-2,A-1,79.87057495117188
355,C:\Users\Dell\Desktop\Kacper Błachowiak - praca magisterska - klasyfikacja znaków drogowych\KB_Praca_Magisterska\data\raw\polish_traffic_signs_dataset\test\A-2\2019_0815_090538_005 1963_0.jpg,A-2,A-1,144.97012329101562
358,C:\Users\Dell\Desktop\Kacper Błachowiak - praca magisterska - klasyfikacja znaków drogowych\KB_Praca_Magisterska\data\raw\polish_traffic_signs_dataset\test\A-2\2019_0816_172034_007 1006_0.jpg,A-2,A-1,67.52578735351562
359,C:\Users\Dell\Desktop\Kacper Błachowiak - praca magisterska - klasyfikacja znaków drogowych\KB_Praca_Magisterska\data\raw\polish_traffic_signs_dataset\test\A-2\2019_0818_131042_009 0079_0.jpg,A-2,A-1,31.072683334350582
360,C:\Users\Dell\Desktop\Kacper Błachowiak - praca magisterska - klasyfikacja znaków drogowych\KB_Praca_Magisterska\data\raw\polish_traffic_signs_dataset\test\A-2\2019_0818_131042_009 0359_0.jpg,A-2,A-1,107.85519409179688
361,C:\Users\Dell\Desktop\Kacper Błachowiak - praca magisterska - klasyfikacja znaków drogowych\KB_Praca_Magisterska\data\raw\polish_traffic_signs_dataset\test\A-2\2019_0818_131042_009 0397_0.jpg,A-2,A-1,98.92420959472656
364,C:\Users\Dell\Desktop\Kacper Błachowiak - praca magisterska - klasyfikacja znaków drogowych\KB_Praca_Magisterska\data\raw\polish_traffic_signs_dataset\test\A-2\2019_0818_131042_009 0966_0.jpg,A-2,A-1,78.70457458496094
366,C:\Users\Dell\Desktop\Kacper Błachowiak - praca magisterska - klasyfikacja znaków drogowych\KB_Praca_Magisterska\data\raw\polish_traffic_signs_dataset\test\A-2\2019_0901_165821_014 0333_0.jpg,A-2,A-1,96.17205047607422
368,C:\Users\Dell\Desktop\Kacper Błachowiak - praca magisterska - klasyfikacja znaków drogowych\KB_Praca_Magisterska\data\raw\polish_traffic_signs_dataset\test\A-2\2019_0901_165821_014 0431_0.jpg,A-2,A-1,114.42269897460938
373,C:\Users\Dell\Desktop\Kacper Błachowiak - praca magisterska - klasyfikacja znaków drogowych\KB_Praca_Magisterska\data\raw\polish_traffic_signs_dataset\test\A-2\2019_0905_182313_001 1405_0.jpg,A-2,A-1,80.62835693359375
382,C:\Users\Dell\Desktop\Kacper Błachowiak - praca magisterska - klasyfikacja znaków drogowych\KB_Praca_Magisterska\data\raw\polish_traffic_signs_dataset\test\A-20\2019_0809_155001_003 1159_1.jpg,A-20,A-12a,175.2388458251953
385,C:\Users\Dell\Desktop\Kacper Błachowiak - praca magisterska - klasyfikacja znaków drogowych\KB_Praca_Magisterska\data\raw\polish_traffic_signs_dataset\test\A-20\2019_0811_190715_005 192_0.jpg,A-20,A-6e,85.6490249633789
395,C:\Users\Dell\Desktop\Kacper Błachowiak - praca magisterska - klasyfikacja znaków drogowych\KB_Praca_Magisterska\data\raw\polish_traffic_signs_dataset\test\A-24\2019_0818_131042_009 0268_0.jpg,A-24,A-17,147.68695068359375
396,C:\Users\Dell\Desktop\Kacper Błachowiak - praca magisterska - klasyfikacja znaków drogowych\KB_Praca_Magisterska\data\raw\polish_traffic_signs_dataset\test\A-24\2019_0920_161014_042 0175_0.jpg,A-24,A-16,165.88392639160156
461,C:\Users\Dell\Desktop\Kacper Błachowiak - praca magisterska - klasyfikacja znaków drogowych\KB_Praca_Magisterska\data\raw\polish_traffic_signs_dataset\test\A-3\2019_0721_171043_003 0787_0.jpg,A-3,A-4,111.82996368408205
462,C:\Users\Dell\Desktop\Kacper Błachowiak - praca magisterska - klasyfikacja znaków drogowych\KB_Praca_Magisterska\data\raw\polish_traffic_signs_dataset\test\A-3\2019_0721_171043_003 0788_0.jpg,A-3,A-4,160.23141479492188
463,C:\Users\Dell\Desktop\Kacper Błachowiak - praca magisterska - klasyfikacja znaków drogowych\KB_Praca_Magisterska\data\raw\polish_traffic_signs_dataset\test\A-3\2019_0721_171043_003 0838_0.jpg,A-3,A-4,95.95484161376952
464,C:\Users\Dell\Desktop\Kacper Błachowiak - praca magisterska - klasyfikacja znaków drogowych\KB_Praca_Magisterska\data\raw\polish_traffic_signs_dataset\test\A-3\2019_0721_171043_003 0839_0.jpg,A-3,A-4,88.49559783935547
466,C:\Users\Dell\Desktop\Kacper Błachowiak - praca magisterska - klasyfikacja znaków drogowych\KB_Praca_Magisterska\data\raw\polish_traffic_signs_dataset\test\A-3\2019_0721_171043_003 0867_0.jpg,A-3,A-4,160.91258239746094
468,C:\Users\Dell\Desktop\Kacper Błachowiak - praca magisterska - klasyfikacja znaków drogowych\KB_Praca_Magisterska\data\raw\polish_traffic_signs_dataset\test\A-3\2019_0721_171043_003 0942_0.jpg,A-3,A-4,173.8433837890625
469,C:\Users\Dell\Desktop\Kacper Błachowiak - praca magisterska - klasyfikacja znaków drogowych\KB_Praca_Magisterska\data\raw\polish_traffic_signs_dataset\test\A-3\2019_0721_171043_003 1742_0.jpg,A-3,A-4,106.39016723632812
471,C:\Users\Dell\Desktop\Kacper Błachowiak - praca magisterska - klasyfikacja znaków drogowych\KB_Praca_Magisterska\data\raw\polish_traffic_signs_dataset\test\A-3\2019_0726_185626_003 959_0.jpg,A-3,A-4,191.68194580078125
473,C:\Users\Dell\Desktop\Kacper Błachowiak - praca magisterska - klasyfikacja znaków drogowych\KB_Praca_Magisterska\data\raw\polish_traffic_signs_dataset\test\A-3\2019_0811_175830_003 0751_0.jpg,A-3,A-4,206.37533569335935
474,C:\Users\Dell\Desktop\Kacper Błachowiak - praca magisterska - klasyfikacja znaków drogowych\KB_Praca_Magisterska\data\raw\polish_traffic_signs_dataset\test\A-3\2019_0811_175830_003 0820_0.jpg,A-3,A-4,137.48509216308594
475,C:\Users\Dell\Desktop\Kacper Błachowiak - praca magisterska - klasyfikacja znaków drogowych\KB_Praca_Magisterska\data\raw\polish_traffic_signs_dataset\test\A-3\2019_0811_175830_003 0821_0.jpg,A-3,A-4,128.2395782470703
476,C:\Users\Dell\Desktop\Kacper Błachowiak - praca magisterska - klasyfikacja znaków drogowych\KB_Praca_Magisterska\data\raw\polish_traffic_signs_dataset\test\A-3\2019_0811_175830_003 0822_0.jpg,A-3,A-4,177.39869689941406
477,C:\Users\Dell\Desktop\Kacper Błachowiak - praca magisterska - klasyfikacja znaków drogowych\KB_Praca_Magisterska\data\raw\polish_traffic_signs_dataset\test\A-3\2019_0811_175830_003 0854_0.jpg,A-3,A-4,200.0588836669922
478,C:\Users\Dell\Desktop\Kacper Błachowiak - praca magisterska - klasyfikacja znaków drogowych\KB_Praca_Magisterska\data\raw\polish_traffic_signs_dataset\test\A-3\2019_0811_175830_003 0935_0.jpg,A-3,A-4,188.7956695556641
479,C:\Users\Dell\Desktop\Kacper Błachowiak - praca magisterska - klasyfikacja znaków drogowych\KB_Praca_Magisterska\data\raw\polish_traffic_signs_dataset\test\A-3\2019_0811_175830_003 0936_0.jpg,A-3,A-4,182.6444854736328
480,C:\Users\Dell\Desktop\Kacper Błachowiak - praca magisterska - klasyfikacja znaków drogowych\KB_Praca_Magisterska\data\raw\polish_traffic_signs_dataset\test\A-3\2019_0811_175830_003 1754_0.jpg,A-3,A-4,107.93081665039062
481,C:\Users\Dell\Desktop\Kacper Błachowiak - praca magisterska - klasyfikacja znaków drogowych\KB_Praca_Magisterska\data\raw\polish_traffic_signs_dataset\test\A-3\2019_0815_090538_005 0982_0.jpg,A-3,A-4,50.64942932128906
483,C:\Users\Dell\Desktop\Kacper Błachowiak - praca magisterska - klasyfikacja znaków drogowych\KB_Praca_Magisterska\data\raw\polish_traffic_signs_dataset\test\A-3\2019_0815_094007_006 428_0.jpg,A-3,A-4,133.63035583496094
484,C:\Users\Dell\Desktop\Kacper Błachowiak - praca magisterska - klasyfikacja znaków drogowych\KB_Praca_Magisterska\data\raw\polish_traffic_signs_dataset\test\A-3\2019_0815_094007_006 429_0.jpg,A-3,A-4,141.96011352539062
488,C:\Users\Dell\Desktop\Kacper Błachowiak - praca magisterska - klasyfikacja znaków drogowych\KB_Praca_Magisterska\data\raw\polish_traffic_signs_dataset\test\A-3\2019_0816_172034_007 0733_0.jpg,A-3,A-4,99.13502502441406
489,C:\Users\Dell\Desktop\Kacper Błachowiak - praca magisterska - klasyfikacja znaków drogowych\KB_Praca_Magisterska\data\raw\polish_traffic_signs_dataset\test\A-3\2019_0816_172034_007 0734_0.jpg,A-3,A-4,77.10630798339844
492,C:\Users\Dell\Desktop\Kacper Błachowiak - praca magisterska - klasyfikacja znaków drogowych\KB_Praca_Magisterska\data\raw\polish_traffic_signs_dataset\test\A-3\2019_0905_182313_001 1330_0.jpg,A-3,A-4,91.23532104492188
497,C:\Users\Dell\Desktop\Kacper Błachowiak - praca magisterska - klasyfikacja znaków drogowych\KB_Praca_Magisterska\data\raw\polish_traffic_signs_dataset\test\A-30\2019_0714_142630_003 123_1.jpg,A-30,A-18b,59.43988037109375
499,C:\Users\Dell\Desktop\Kacper Błachowiak - praca magisterska - klasyfikacja znaków drogowych\KB_Praca_Magisterska\data\raw\polish_traffic_signs_dataset\test\A-30\2019_0714_142630_003 127_1.jpg,A-30,A-20,160.5487518310547
501,C:\Users\Dell\Desktop\Kacper Błachowiak - praca magisterska - klasyfikacja znaków drogowych\KB_Praca_Magisterska\data\raw\polish_traffic_signs_dataset\test\A-30\2019_0719_142601_003 0222_0.jpg,A-30,A-6b,110.9136962890625
502,C:\Users\Dell\Desktop\Kacper Błachowiak - praca magisterska - klasyfikacja znaków drogowych\KB_Praca_Magisterska\data\raw\polish_traffic_signs_dataset\test\A-30\2019_0719_142601_003 0223_0.jpg,A-30,A-12a,148.34249877929688
512,C:\Users\Dell\Desktop\Kacper Błachowiak - praca magisterska - klasyfikacja znaków drogowych\KB_Praca_Magisterska\data\raw\polish_traffic_signs_dataset\test\A-30\2019_0719_142601_003 1297_0.jpg,A-30,A-12a,181.12266540527344
521,C:\Users\Dell\Desktop\Kacper Błachowiak - praca magisterska - klasyfikacja znaków drogowych\KB_Praca_Magisterska\data\raw\polish_traffic_signs_dataset\test\A-30\2019_0719_142601_003 1662_0.jpg,A-30,A-6b,90.11219787597656
525,C:\Users\Dell\Desktop\Kacper Błachowiak - praca magisterska - klasyfikacja znaków drogowych\KB_Praca_Magisterska\data\raw\polish_traffic_signs_dataset\test\A-30\2019_0719_142601_003 1839_0.jpg,A-30,A-6c,114.0543975830078
587,C:\Users\Dell\Desktop\Kacper Błachowiak - praca magisterska - klasyfikacja znaków drogowych\KB_Praca_Magisterska\data\raw\polish_traffic_signs_dataset\test\A-30\2019_0809_162432_004 1419_0.jpg,A-30,A-6c,126.7948226928711
639,C:\Users\Dell\Desktop\Kacper Błachowiak - praca magisterska - klasyfikacja znaków drogowych\KB_Praca_Magisterska\data\raw\polish_traffic_signs_dataset\test\A-32\2019_0721_181936_005 534_1.jpg,A-32,D-1,135.82908630371094
663,C:\Users\Dell\Desktop\Kacper Błachowiak - praca magisterska - klasyfikacja znaków drogowych\KB_Praca_Magisterska\data\raw\polish_traffic_signs_dataset\test\A-32\2019_0814_154857_003 0766_0.jpg,A-32,A-30,151.30799865722656
678,C:\Users\Dell\Desktop\Kacper Błachowiak - praca magisterska - klasyfikacja znaków drogowych\KB_Praca_Magisterska\data\raw\polish_traffic_signs_dataset\test\A-32\2019_0816_172034_007 0523_0.jpg,A-32,A-17,68.58885192871094
682,C:\Users\Dell\Desktop\Kacper Błachowiak - praca magisterska - klasyfikacja znaków drogowych\KB_Praca_Magisterska\data\raw\polish_traffic_signs_dataset\test\A-4\2019_0719_150032_004 0408_0.jpg,A-4,A-3,73.84083557128906
683,C:\Users\Dell\Desktop\Kacper Błachowiak - praca magisterska - klasyfikacja znaków drogowych\KB_Praca_Magisterska\data\raw\polish_traffic_signs_dataset\test\A-4\2019_0719_150032_004 0409_0.jpg,A-4,A-3,71.18599700927734
684,C:\Users\Dell\Desktop\Kacper Błachowiak - praca magisterska - klasyfikacja znaków drogowych\KB_Praca_Magisterska\data\raw\polish_traffic_signs_dataset\test\A-4\2019_0721_171043_003 1027_0.jpg,A-4,A-3,50.87739562988281
685,C:\Users\Dell\Desktop\Kacper Błachowiak - praca magisterska - klasyfikacja znaków drogowych\KB_Praca_Magisterska\data\raw\polish_traffic_signs_dataset\test\A-4\2019_0721_171043_003 1028_0.jpg,A-4,A-3,47.6489486694336
686,C:\Users\Dell\Desktop\Kacper Błachowiak - praca magisterska - klasyfikacja znaków drogowych\KB_Praca_Magisterska\data\raw\polish_traffic_signs_dataset\test\A-4\2019_0721_171043_003 1341_0.jpg,A-4,A-3,28.260215759277344
691,C:\Users\Dell\Desktop\Kacper Błachowiak - praca magisterska - klasyfikacja znaków drogowych\KB_Praca_Magisterska\data\raw\polish_traffic_signs_dataset\test\A-4\2019_0811_175830_003 1704_0.jpg,A-4,D-42,98.05628967285156
692,C:\Users\Dell\Desktop\Kacper Błachowiak - praca magisterska - klasyfikacja znaków drogowych\KB_Praca_Magisterska\data\raw\polish_traffic_signs_dataset\test\A-4\2019_0811_183255_004 0404_0.jpg,A-4,A-3,57.13188171386719
693,C:\Users\Dell\Desktop\Kacper Błachowiak - praca magisterska - klasyfikacja znaków drogowych\KB_Praca_Magisterska\data\raw\polish_traffic_signs_dataset\test\A-4\2019_0816_172034_007 0437_0.jpg,A-4,A-3,39.65398406982422
694,C:\Users\Dell\Desktop\Kacper Błachowiak - praca magisterska - klasyfikacja znaków drogowych\KB_Praca_Magisterska\data\raw\polish_traffic_signs_dataset\test\A-4\2019_0816_172034_007 0438_0.jpg,A-4,A-3,57.95256805419922
697,C:\Users\Dell\Desktop\Kacper Błachowiak - praca magisterska - klasyfikacja znaków drogowych\KB_Praca_Magisterska\data\raw\polish_traffic_signs_dataset\test\A-4\2019_0816_172034_007 0806_0.jpg,A-4,A-3,74.69154357910156
698,C:\Users\Dell\Desktop\Kacper Błachowiak - praca magisterska - klasyfikacja znaków drogowych\KB_Praca_Magisterska\data\raw\polish_traffic_signs_dataset\test\A-4\2019_0901_165821_014 1238_0.jpg,A-4,A-3,19.664875030517575
703,C:\Users\Dell\Desktop\Kacper Błachowiak - praca magisterska - klasyfikacja znaków drogowych\KB_Praca_Magisterska\data\raw\polish_traffic_signs_dataset\test\A-4\2019_0927_161359_043 0997_0.jpg,A-4,A-3,72.33975219726562
705,C:\Users\Dell\Desktop\Kacper Błachowiak - praca magisterska - klasyfikacja znaków drogowych\KB_Praca_Magisterska\data\raw\polish_traffic_signs_dataset\test\A-4\2019_0929_143436_042 1090_0.jpg,A-4,A-3,53.62324905395508
706,C:\Users\Dell\Desktop\Kacper Błachowiak - praca magisterska - klasyfikacja znaków drogowych\KB_Praca_Magisterska\data\raw\polish_traffic_signs_dataset\test\A-4\2019_1030_165838_043 0549_0.jpg,A-4,A-3,76.30192565917969
707,C:\Users\Dell\Desktop\Kacper Błachowiak - praca magisterska - klasyfikacja znaków drogowych\KB_Praca_Magisterska\data\raw\polish_traffic_signs_dataset\test\A-4\2019_1223_092421_001 0935_0.jpg,A-4,A-3,171.83042907714844
708,C:\Users\Dell\Desktop\Kacper Błachowiak - praca magisterska - klasyfikacja znaków drogowych\KB_Praca_Magisterska\data\raw\polish_traffic_signs_dataset\test\A-4\2019_1223_092421_001 0989_0.jpg,A-4,A-1,148.68177795410156
710,C:\Users\Dell\Desktop\Kacper Błachowiak - praca magisterska - klasyfikacja znaków drogowych\KB_Praca_Magisterska\data\raw\polish_traffic_signs_dataset\test\A-4\2019_1223_110958_003 1099_0.jpg,A-4,A-3,188.2369842529297
711,C:\Users\Dell\Desktop\Kacper Błachowiak - praca magisterska - klasyfikacja znaków drogowych\KB_Praca_Magisterska\data\raw\polish_traffic_signs_dataset\test\A-4\2019_1223_110958_003 1165_0.jpg,A-4,A-3,111.4322280883789
713,C:\Users\Dell\Desktop\Kacper Błachowiak - praca magisterska - klasyfikacja znaków drogowych\KB_Praca_Magisterska\data\raw\polish_traffic_signs_dataset\test\A-4\2019_1223_114427_004 0157_0.jpg,A-4,A-3,166.20767211914062
720,C:\Users\Dell\Desktop\Kacper Błachowiak - praca magisterska - klasyfikacja znaków drogowych\KB_Praca_Magisterska\data\raw\polish_traffic_signs_dataset\test\A-6a\2019_0719_142601_003 1233_0.jpg,A-6a,A-6b,93.78868865966795
727,C:\Users\Dell\Desktop\Kacper Błachowiak - praca magisterska - klasyfikacja znaków drogowych\KB_Praca_Magisterska\data\raw\polish_traffic_signs_dataset\test\A-6a\2019_0719_142601_003 1742_0.jpg,A-6a,A-6b,138.00929260253906
730,C:\Users\Dell\Desktop\Kacper Błachowiak - praca magisterska - klasyfikacja znaków drogowych\KB_Praca_Magisterska\data\raw\polish_traffic_signs_dataset\test\A-6a\2019_0719_142601_003 2019_0.jpg,A-6a,A-6b,141.24522399902344
756,C:\Users\Dell\Desktop\Kacper Błachowiak - praca magisterska - klasyfikacja znaków drogowych\KB_Praca_Magisterska\data\raw\polish_traffic_signs_dataset\test\A-6a\2019_0809_162432_004 0618_0.jpg,A-6a,A-6b,48.9370346069336
758,C:\Users\Dell\Desktop\Kacper Błachowiak - praca magisterska - klasyfikacja znaków drogowych\KB_Praca_Magisterska\data\raw\polish_traffic_signs_dataset\test\A-6a\2019_0809_162432_004 0643_0.jpg,A-6a,A-6c,100.43038940429688
767,C:\Users\Dell\Desktop\Kacper Błachowiak - praca magisterska - klasyfikacja znaków drogowych\KB_Praca_Magisterska\data\raw\polish_traffic_signs_dataset\test\A-6a\2019_0811_183255_004 0700_0.jpg,A-6a,A-6c,66.54718017578125
770,C:\Users\Dell\Desktop\Kacper Błachowiak - praca magisterska - klasyfikacja znaków drogowych\KB_Praca_Magisterska\data\raw\polish_traffic_signs_dataset\test\A-6a\2019_0811_183255_004 1490_0.jpg,A-6a,A-6e,129.94703674316406
790,C:\Users\Dell\Desktop\Kacper Błachowiak - praca magisterska - klasyfikacja znaków drogowych\KB_Praca_Magisterska\data\raw\polish_traffic_signs_dataset\test\A-6b\2019_0719_142601_003 0658_0.jpg,A-6b,A-6c,79.73088836669922
792,C:\Users\Dell\Desktop\Kacper Błachowiak - praca magisterska - klasyfikacja znaków drogowych\KB_Praca_Magisterska\data\raw\polish_traffic_signs_dataset\test\A-6b\2019_0719_142601_003 0660_0.jpg,A-6b,A-6c,74.71238708496094
794,C:\Users\Dell\Desktop\Kacper Błachowiak - praca magisterska - klasyfikacja znaków drogowych\KB_Praca_Magisterska\data\raw\polish_traffic_signs_dataset\test\A-6b\2019_0719_142601_003 1100_0.jpg,A-6b,A-6c,166.00369262695312
802,C:\Users\Dell\Desktop\Kacper Błachowiak - praca magisterska - klasyfikacja znaków drogowych\KB_Praca_Magisterska\data\raw\polish_traffic_signs_dataset\test\A-6b\2019_0721_171043_003 1604_0.jpg,A-6b,A-6c,89.56661987304688
803,C:\Users\Dell\Desktop\Kacper Błachowiak - praca magisterska - klasyfikacja znaków drogowych\KB_Praca_Magisterska\data\raw\polish_traffic_signs_dataset\test\A-6b\2019_0721_181936_005 025_0.jpg,A-6b,A-21,55.64860916137695
804,C:\Users\Dell\Desktop\Kacper Błachowiak - praca magisterska - klasyfikacja znaków drogowych\KB_Praca_Magisterska\data\raw\polish_traffic_signs_dataset\test\A-6b\2019_0721_181936_005 025_1.jpg,A-6b,A-6c,30.622167587280277
805,C:\Users\Dell\Desktop\Kacper Błachowiak - praca magisterska - klasyfikacja znaków drogowych\KB_Praca_Magisterska\data\raw\polish_traffic_signs_dataset\test\A-6b\2019_0726_185626_003 409_0.jpg,A-6b,A-6c,112.25611114501952
806,C:\Users\Dell\Desktop\Kacper Błachowiak - praca magisterska - klasyfikacja znaków drogowych\KB_Praca_Magisterska\data\raw\polish_traffic_signs_dataset\test\A-6b\2019_0726_185626_003 410_0.jpg,A-6b,A-6c,193.6890106201172
809,C:\Users\Dell\Desktop\Kacper Błachowiak - praca magisterska - klasyfikacja znaków drogowych\KB_Praca_Magisterska\data\raw\polish_traffic_signs_dataset\test\A-6b\2019_0809_155001_003 0513_0.jpg,A-6b,A-6c,74.56291198730469
810,C:\Users\Dell\Desktop\Kacper Błachowiak - praca magisterska - klasyfikacja znaków drogowych\KB_Praca_Magisterska\data\raw\polish_traffic_signs_dataset\test\A-6b\2019_0809_155001_003 0844_0.jpg,A-6b,A-6c,61.43701171875
815,C:\Users\Dell\Desktop\Kacper Błachowiak - praca magisterska - klasyfikacja znaków drogowych\KB_Praca_Magisterska\data\raw\polish_traffic_signs_dataset\test\A-6b\2019_0809_155001_003 1649_0.jpg,A-6b,A-12a,109.71935272216795
816,C:\Users\Dell\Desktop\Kacper Błachowiak - praca magisterska - klasyfikacja znaków drogowych\KB_Praca_Magisterska\data\raw\polish_traffic_signs_dataset\test\A-6b\2019_0809_162432_004 0557_0.jpg,A-6b,A-6c,158.06509399414062
817,C:\Users\Dell\Desktop\Kacper Błachowiak - praca magisterska - klasyfikacja znaków drogowych\KB_Praca_Magisterska\data\raw\polish_traffic_signs_dataset\test\A-6b\2019_0809_162432_004 0558_0.jpg,A-6b,A-6c,134.59567260742188
820,C:\Users\Dell\Desktop\Kacper Błachowiak - praca magisterska - klasyfikacja znaków drogowych\KB_Praca_Magisterska\data\raw\polish_traffic_signs_dataset\test\A-6b\2019_0811_183255_004 0750_0.jpg,A-6b,A-6a,149.32493591308594
821,C:\Users\Dell\Desktop\Kacper Błachowiak - praca magisterska - klasyfikacja znaków drogowych\KB_Praca_Magisterska\data\raw\polish_traffic_signs_dataset\test\A-6b\2019_0811_183255_004 1025_0.jpg,A-6b,A-6c,153.79461669921875
822,C:\Users\Dell\Desktop\Kacper Błachowiak - praca magisterska - klasyfikacja znaków drogowych\KB_Praca_Magisterska\data\raw\polish_traffic_signs_dataset\test\A-6b\2019_0811_183255_004 1435_0.jpg,A-6b,A-30,146.146728515625
827,C:\Users\Dell\Desktop\Kacper Błachowiak - praca magisterska - klasyfikacja znaków drogowych\KB_Praca_Magisterska\data\raw\polish_traffic_signs_dataset\test\A-6b\2019_0814_154857_003 0870_0.jpg,A-6b,A-6d,67.06544494628906
828,C:\Users\Dell\Desktop\Kacper Błachowiak - praca magisterska - klasyfikacja znaków drogowych\KB_Praca_Magisterska\data\raw\polish_traffic_signs_dataset\test\A-6b\2019_0815_090538_005 0492_0.jpg,A-6b,A-6d,153.10989379882812
829,C:\Users\Dell\Desktop\Kacper Błachowiak - praca magisterska - klasyfikacja znaków drogowych\KB_Praca_Magisterska\data\raw\polish_traffic_signs_dataset\test\A-6b\2019_0815_090538_005 0768_0.jpg,A-6b,A-6c,141.57858276367188
838,C:\Users\Dell\Desktop\Kacper Błachowiak - praca magisterska - klasyfikacja znaków drogowych\KB_Praca_Magisterska\data\raw\polish_traffic_signs_dataset\test\A-6b\2019_0818_131042_009 1824_0.jpg,A-6b,A-6c,111.93538665771484
839,C:\Users\Dell\Desktop\Kacper Błachowiak - praca magisterska - klasyfikacja znaków drogowych\KB_Praca_Magisterska\data\raw\polish_traffic_signs_dataset\test\A-6b\2019_0901_165821_014 1070_0.jpg,A-6b,A-6a,97.85041046142578
841,C:\Users\Dell\Desktop\Kacper Błachowiak - praca magisterska - klasyfikacja znaków drogowych\KB_Praca_Magisterska\data\raw\polish_traffic_signs_dataset\test\A-6b\2019_0901_165821_014 1936_0.jpg,A-6b,A-6a,114.99410247802734
845,C:\Users\Dell\Desktop\Kacper Błachowiak - praca magisterska - klasyfikacja znaków drogowych\KB_Praca_Magisterska\data\raw\polish_traffic_signs_dataset\test\A-6b\2019_0901_173251_015 0852_1.jpg,A-6b,A-6c,34.4041862487793
848,C:\Users\Dell\Desktop\Kacper Błachowiak - praca magisterska - klasyfikacja znaków drogowych\KB_Praca_Magisterska\data\raw\polish_traffic_signs_dataset\test\A-6b\2019_0905_182313_001 0864_0.jpg,A-6b,A-6c,93.14541625976562
854,C:\Users\Dell\Desktop\Kacper Błachowiak - praca magisterska - klasyfikacja znaków drogowych\KB_Praca_Magisterska\data\raw\polish_traffic_signs_dataset\test\A-6b\2019_0905_182313_001 2070_0.jpg,A-6b,A-21,15.515708923339844
855,C:\Users\Dell\Desktop\Kacper Błachowiak - praca magisterska - klasyfikacja znaków drogowych\KB_Praca_Magisterska\data\raw\polish_traffic_signs_dataset\test\A-6b\2019_0920_161014_042 0534_0.jpg,A-6b,A-3,37.04265594482422
856,C:\Users\Dell\Desktop\Kacper Błachowiak - praca magisterska - klasyfikacja znaków drogowych\KB_Praca_Magisterska\data\raw\polish_traffic_signs_dataset\test\A-6b\2019_0922_153729_042 0899_0.jpg,A-6b,A-6a,41.60774612426758
857,C:\Users\Dell\Desktop\Kacper Błachowiak - praca magisterska - klasyfikacja znaków drogowych\KB_Praca_Magisterska\data\raw\polish_traffic_signs_dataset\test\A-6b\2019_0927_153929_042 0576_0.jpg,A-6b,A-3,42.72345733642578
859,C:\Users\Dell\Desktop\Kacper Błachowiak - praca magisterska - klasyfikacja znaków drogowych\KB_Praca_Magisterska\data\raw\polish_traffic_signs_dataset\test\A-6b\2019_0927_153929_042 1400_0.jpg,A-6b,A-6c,145.84677124023438
867,C:\Users\Dell\Desktop\Kacper Błachowiak - praca magisterska - klasyfikacja znaków drogowych\KB_Praca_Magisterska\data\raw\polish_traffic_signs_dataset\test\A-6b\2019_0929_143436_042 0976_0.jpg,A-6b,A-6c,81.4232406616211
873,C:\Users\Dell\Desktop\Kacper Błachowiak - praca magisterska - klasyfikacja znaków drogowych\KB_Praca_Magisterska\data\raw\polish_traffic_signs_dataset\test\A-6b\2019_0929_150907_043 0043_0.jpg,A-6b,A-6c,149.1068572998047
874,C:\Users\Dell\Desktop\Kacper Błachowiak - praca magisterska - klasyfikacja znaków drogowych\KB_Praca_Magisterska\data\raw\polish_traffic_signs_dataset\test\A-6c\2019_0719_142601_003 1132_0.jpg,A-6c,A-6b,192.87240600585935
877,C:\Users\Dell\Desktop\Kacper Błachowiak - praca magisterska - klasyfikacja znaków drogowych\KB_Praca_Magisterska\data\raw\polish_traffic_signs_dataset\test\A-6c\2019_0719_142601_003 1612_0.jpg,A-6c,A-6b,174.32577514648438
879,C:\Users\Dell\Desktop\Kacper Błachowiak - praca magisterska - klasyfikacja znaków drogowych\KB_Praca_Magisterska\data\raw\polish_traffic_signs_dataset\test\A-6c\2019_0719_142601_003 1667_0.jpg,A-6c,A-6b,152.90762329101562
881,C:\Users\Dell\Desktop\Kacper Błachowiak - praca magisterska - klasyfikacja znaków drogowych\KB_Praca_Magisterska\data\raw\polish_traffic_signs_dataset\test\A-6c\2019_0719_142601_003 1966_0.jpg,A-6c,A-6b,112.76644897460938
887,C:\Users\Dell\Desktop\Kacper Błachowiak - praca magisterska - klasyfikacja znaków drogowych\KB_Praca_Magisterska\data\raw\polish_traffic_signs_dataset\test\A-6c\2019_0726_185626_003 976_0.jpg,A-6c,A-6b,230.69749450683597
888,C:\Users\Dell\Desktop\Kacper Błachowiak - praca magisterska - klasyfikacja znaków drogowych\KB_Praca_Magisterska\data\raw\polish_traffic_signs_dataset\test\A-6c\2019_0809_155001_003 1343_0.jpg,A-6c,A-6b,192.0492401123047
890,C:\Users\Dell\Desktop\Kacper Błachowiak - praca magisterska - klasyfikacja znaków drogowych\KB_Praca_Magisterska\data\raw\polish_traffic_signs_dataset\test\A-6c\2019_0809_155001_003 1855_0.jpg,A-6c,A-6b,167.08609008789062
894,C:\Users\Dell\Desktop\Kacper Błachowiak - praca magisterska - klasyfikacja znaków drogowych\KB_Praca_Magisterska\data\raw\polish_traffic_signs_dataset\test\A-6c\2019_0809_162432_004 0657_0.jpg,A-6c,A-6b,131.40390014648438
899,C:\Users\Dell\Desktop\Kacper Błachowiak - praca magisterska - klasyfikacja znaków drogowych\KB_Praca_Magisterska\data\raw\polish_traffic_signs_dataset\test\A-6c\2019_0811_183255_004 1345_0.jpg,A-6c,A-6b,24.31689453125
900,C:\Users\Dell\Desktop\Kacper Błachowiak - praca magisterska - klasyfikacja znaków drogowych\KB_Praca_Magisterska\data\raw\polish_traffic_signs_dataset\test\A-6c\2019_0811_183255_004 1663_0.jpg,A-6c,A-1,73.11103820800781
905,C:\Users\Dell\Desktop\Kacper Błachowiak - praca magisterska - klasyfikacja znaków drogowych\KB_Praca_Magisterska\data\raw\polish_traffic_signs_dataset\test\A-6c\2019_0815_090538_005 0945_0.jpg,A-6c,A-3,62.81832504272461
906,C:\Users\Dell\Desktop\Kacper Błachowiak - praca magisterska - klasyfikacja znaków drogowych\KB_Praca_Magisterska\data\raw\polish_traffic_signs_dataset\test\A-6c\2019_0815_090538_005 0946_0.jpg,A-6c,A-6b,26.299108505249023
909,C:\Users\Dell\Desktop\Kacper Błachowiak - praca magisterska - klasyfikacja znaków drogowych\KB_Praca_Magisterska\data\raw\polish_traffic_signs_dataset\test\A-6c\2019_0816_172034_007 0574_0.jpg,A-6c,A-6b,77.26529693603516
910,C:\Users\Dell\Desktop\Kacper Błachowiak - praca magisterska - klasyfikacja znaków drogowych\KB_Praca_Magisterska\data\raw\polish_traffic_signs_dataset\test\A-6c\2019_0816_172034_007 0575_0.jpg,A-6c,A-6a,39.66796875
919,C:\Users\Dell\Desktop\Kacper Błachowiak - praca magisterska - klasyfikacja znaków drogowych\KB_Praca_Magisterska\data\raw\polish_traffic_signs_dataset\test\A-6c\2019_0818_131042_009 1509_0.jpg,A-6c,A-6b,135.57508850097656
920,C:\Users\Dell\Desktop\Kacper Błachowiak - praca magisterska - klasyfikacja znaków drogowych\KB_Praca_Magisterska\data\raw\polish_traffic_signs_dataset\test\A-6c\2019_0818_131042_009 1664_0.jpg,A-6c,A-6b,143.00823974609375
925,C:\Users\Dell\Desktop\Kacper Błachowiak - praca magisterska - klasyfikacja znaków drogowych\KB_Praca_Magisterska\data\raw\polish_traffic_signs_dataset\test\A-6c\2019_0901_173251_015 0423_0.jpg,A-6c,A-6b,108.0212173461914
926,C:\Users\Dell\Desktop\Kacper Błachowiak - praca magisterska - klasyfikacja znaków drogowych\KB_Praca_Magisterska\data\raw\polish_traffic_signs_dataset\test\A-6c\2019_0901_173251_015 0444_0.jpg,A-6c,A-6e,88.16263580322266
927,C:\Users\Dell\Desktop\Kacper Błachowiak - praca magisterska - klasyfikacja znaków drogowych\KB_Praca_Magisterska\data\raw\polish_traffic_signs_dataset\test\A-6c\2019_0905_182313_001 0222_0.jpg,A-6c,A-6b,204.4808654785156
928,C:\Users\Dell\Desktop\Kacper Błachowiak - praca magisterska - klasyfikacja znaków drogowych\KB_Praca_Magisterska\data\raw\polish_traffic_signs_dataset\test\A-6c\2019_0905_182313_001 0921_0.jpg,A-6c,A-6b,213.5800628662109
929,C:\Users\Dell\Desktop\Kacper Błachowiak - praca magisterska - klasyfikacja znaków drogowych\KB_Praca_Magisterska\data\raw\polish_traffic_signs_dataset\test\A-6c\2019_0905_182313_001 0945_0.jpg,A-6c,A-6b,112.70218658447266
932,C:\Users\Dell\Desktop\Kacper Błachowiak - praca magisterska - klasyfikacja znaków drogowych\KB_Praca_Magisterska\data\raw\polish_traffic_signs_dataset\test\A-6c\2019_0905_182313_001 1647_0.jpg,A-6c,A-6b,150.720458984375
933,C:\Users\Dell\Desktop\Kacper Błachowiak - praca magisterska - klasyfikacja znaków drogowych\KB_Praca_Magisterska\data\raw\polish_traffic_signs_dataset\test\A-6c\2019_0905_182313_001 1802_0.jpg,A-6c,A-6b,97.5712890625
934,C:\Users\Dell\Desktop\Kacper Błachowiak - praca magisterska - klasyfikacja znaków drogowych\KB_Praca_Magisterska\data\raw\polish_traffic_signs_dataset\test\A-6c\2019_0905_182313_001 1803_0.jpg,A-6c,A-6b,164.48069763183594
935,C:\Users\Dell\Desktop\Kacper Błachowiak - praca magisterska - klasyfikacja znaków drogowych\KB_Praca_Magisterska\data\raw\polish_traffic_signs_dataset\test\A-6c\2019_0905_182313_001 1935_0.jpg,A-6c,A-6b,114.64098358154295
940,C:\Users\Dell\Desktop\Kacper Błachowiak - praca magisterska - klasyfikacja znaków drogowych\KB_Praca_Magisterska\data\raw\polish_traffic_signs_dataset\test\A-6c\2019_0920_164444_043 0516_1.jpg,A-6c,A-6b,103.54019165039062
941,C:\Users\Dell\Desktop\Kacper Błachowiak - praca magisterska - klasyfikacja znaków drogowych\KB_Praca_Magisterska\data\raw\polish_traffic_signs_dataset\test\A-6c\2019_0927_153929_042 1438_0.jpg,A-6c,A-6b,160.1069793701172
942,C:\Users\Dell\Desktop\Kacper Błachowiak - praca magisterska - klasyfikacja znaków drogowych\KB_Praca_Magisterska\data\raw\polish_traffic_signs_dataset\test\A-6c\2019_0927_153929_042 1660_0.jpg,A-6c,A-6b,64.74830627441406
943,C:\Users\Dell\Desktop\Kacper Błachowiak - praca magisterska - klasyfikacja znaków drogowych\KB_Praca_Magisterska\data\raw\polish_traffic_signs_dataset\test\A-6c\2019_0927_161359_043 0083_0.jpg,A-6c,A-6b,135.8372802734375
946,C:\Users\Dell\Desktop\Kacper Błachowiak - praca magisterska - klasyfikacja znaków drogowych\KB_Praca_Magisterska\data\raw\polish_traffic_signs_dataset\test\A-6c\2019_0927_161359_043 0500_0.jpg,A-6c,A-6b,125.03530883789062
950,C:\Users\Dell\Desktop\Kacper Błachowiak - praca magisterska - klasyfikacja znaków drogowych\KB_Praca_Magisterska\data\raw\polish_traffic_signs_dataset\test\A-6c\2019_0929_143436_042 1087_0.jpg,A-6c,A-3,51.40842819213867
951,C:\Users\Dell\Desktop\Kacper Błachowiak - praca magisterska - klasyfikacja znaków drogowych\KB_Praca_Magisterska\data\raw\polish_traffic_signs_dataset\test\A-6c\2019_0929_143436_042 2016_0.jpg,A-6c,A-6b,92.19448852539062
955,C:\Users\Dell\Desktop\Kacper Błachowiak - praca magisterska - klasyfikacja znaków drogowych\KB_Praca_Magisterska\data\raw\polish_traffic_signs_dataset\test\A-6c\2019_1030_162407_042 1338_0.jpg,A-6c,A-6b,126.13047790527344
957,C:\Users\Dell\Desktop\Kacper Błachowiak - praca magisterska - klasyfikacja znaków drogowych\KB_Praca_Magisterska\data\raw\polish_traffic_signs_dataset\test\A-6c\2019_1030_162407_042 1867_0.jpg,A-6c,A-6b,124.61078643798828
959,C:\Users\Dell\Desktop\Kacper Błachowiak - praca magisterska - klasyfikacja znaków drogowych\KB_Praca_Magisterska\data\raw\polish_traffic_signs_dataset\test\A-6c\2019_1030_165838_043 0130_0.jpg,A-6c,A-6b,103.60592651367188
960,C:\Users\Dell\Desktop\Kacper Błachowiak - praca magisterska - klasyfikacja znaków drogowych\KB_Praca_Magisterska\data\raw\polish_traffic_signs_dataset\test\A-6d\2019_0719_142601_003 0133_0.jpg,A-6d,A-6e,165.1820526123047
962,C:\Users\Dell\Desktop\Kacper Błachowiak - praca magisterska - klasyfikacja znaków drogowych\KB_Praca_Magisterska\data\raw\polish_traffic_signs_dataset\test\A-6d\2019_0719_142601_003 0169_0.jpg,A-6d,A-6e,87.14276885986328
964,C:\Users\Dell\Desktop\Kacper Błachowiak - praca magisterska - klasyfikacja znaków drogowych\KB_Praca_Magisterska\data\raw\polish_traffic_signs_dataset\test\A-6d\2019_0719_142601_003 0183_0.jpg,A-6d,A-6b,83.05328369140625
965,C:\Users\Dell\Desktop\Kacper Błachowiak - praca magisterska - klasyfikacja znaków drogowych\KB_Praca_Magisterska\data\raw\polish_traffic_signs_dataset\test\A-6d\2019_0719_142601_003 0184_0.jpg,A-6d,A-6b,85.48929595947266
967,C:\Users\Dell\Desktop\Kacper Błachowiak - praca magisterska - klasyfikacja znaków drogowych\KB_Praca_Magisterska\data\raw\polish_traffic_signs_dataset\test\A-6d\2019_0719_142601_003 0228_0.jpg,A-6d,A-6e,163.00448608398438
970,C:\Users\Dell\Desktop\Kacper Błachowiak - praca magisterska - klasyfikacja znaków drogowych\KB_Praca_Magisterska\data\raw\polish_traffic_signs_dataset\test\A-6d\2019_0719_142601_003 0357_0.jpg,A-6d,A-6e,75.78775787353516
981,C:\Users\Dell\Desktop\Kacper Błachowiak - praca magisterska - klasyfikacja znaków drogowych\KB_Praca_Magisterska\data\raw\polish_traffic_signs_dataset\test\A-6d\2019_0719_142601_003 0866_1.jpg,A-6d,A-6e,97.8235855102539
984,C:\Users\Dell\Desktop\Kacper Błachowiak - praca magisterska - klasyfikacja znaków drogowych\KB_Praca_Magisterska\data\raw\polish_traffic_signs_dataset\test\A-6d\2019_0719_142601_003 0951_0.jpg,A-6d,A-6e,100.93170166015624
985,C:\Users\Dell\Desktop\Kacper Błachowiak - praca magisterska - klasyfikacja znaków drogowych\KB_Praca_Magisterska\data\raw\polish_traffic_signs_dataset\test\A-6d\2019_0719_142601_003 0951_1.jpg,A-6d,A-6e,155.11093139648438
988,C:\Users\Dell\Desktop\Kacper Błachowiak - praca magisterska - klasyfikacja znaków drogowych\KB_Praca_Magisterska\data\raw\polish_traffic_signs_dataset\test\A-6d\2019_0721_181936_005 113_1.jpg,A-6d,A-6e,128.97042846679688
989,C:\Users\Dell\Desktop\Kacper Błachowiak - praca magisterska - klasyfikacja znaków drogowych\KB_Praca_Magisterska\data\raw\polish_traffic_signs_dataset\test\A-6d\2019_0721_181936_005 179_0.jpg,A-6d,A-6e,34.44073867797852
990,C:\Users\Dell\Desktop\Kacper Błachowiak - praca magisterska - klasyfikacja znaków drogowych\KB_Praca_Magisterska\data\raw\polish_traffic_signs_dataset\test\A-6d\2019_0721_181936_005 179_1.jpg,A-6d,A-6e,125.08123016357422
992,C:\Users\Dell\Desktop\Kacper Błachowiak - praca magisterska - klasyfikacja znaków drogowych\KB_Praca_Magisterska\data\raw\polish_traffic_signs_dataset\test\A-6d\2019_0721_181936_005 180_1.jpg,A-6d,A-30,79.57032012939453
995,C:\Users\Dell\Desktop\Kacper Błachowiak - praca magisterska - klasyfikacja znaków drogowych\KB_Praca_Magisterska\data\raw\polish_traffic_signs_dataset\test\A-6d\2019_0721_181936_005 534_0.jpg,A-6d,A-6e,56.80474853515625
996,C:\Users\Dell\Desktop\Kacper Błachowiak - praca magisterska - klasyfikacja znaków drogowych\KB_Praca_Magisterska\data\raw\polish_traffic_signs_dataset\test\A-6d\2019_0809_155001_003 0347_0.jpg,A-6d,A-6e,173.10275268554688
999,C:\Users\Dell\Desktop\Kacper Błachowiak - praca magisterska - klasyfikacja znaków drogowych\KB_Praca_Magisterska\data\raw\polish_traffic_signs_dataset\test\A-6d\2019_0809_155001_003 0563_0.jpg,A-6d,A-6e,159.53121948242188
1001,C:\Users\Dell\Desktop\Kacper Błachowiak - praca magisterska - klasyfikacja znaków drogowych\KB_Praca_Magisterska\data\raw\polish_traffic_signs_dataset\test\A-6d\2019_0809_155001_003 0584_0.jpg,A-6d,A-6e,103.2289047241211
1008,C:\Users\Dell\Desktop\Kacper Błachowiak - praca magisterska - klasyfikacja znaków drogowych\KB_Praca_Magisterska\data\raw\polish_traffic_signs_dataset\test\A-6d\2019_0809_155001_003 1054_0.jpg,A-6d,A-6e,215.7093048095703
1015,C:\Users\Dell\Desktop\Kacper Błachowiak - praca magisterska - klasyfikacja znaków drogowych\KB_Praca_Magisterska\data\raw\polish_traffic_signs_dataset\test\A-6d\2019_0811_183255_004 1915_0.jpg,A-6d,A-6e,102.42683410644533
1018,C:\Users\Dell\Desktop\Kacper Błachowiak - praca magisterska - klasyfikacja znaków drogowych\KB_Praca_Magisterska\data\raw\polish_traffic_signs_dataset\test\A-6d\2019_0811_190715_005 194_0.jpg,A-6d,A-6e,121.0950927734375
1019,C:\Users\Dell\Desktop\Kacper Błachowiak - praca magisterska - klasyfikacja znaków drogowych\KB_Praca_Magisterska\data\raw\polish_traffic_signs_dataset\test\A-6d\2019_0811_190715_005 194_1.jpg,A-6d,A-6e,38.26580047607422
1024,C:\Users\Dell\Desktop\Kacper Błachowiak - praca magisterska - klasyfikacja znaków drogowych\KB_Praca_Magisterska\data\raw\polish_traffic_signs_dataset\test\A-6e\2019_0719_142601_003 0183_mirrored_0.jpg,A-6e,A-6b,73.86685180664062
1027,C:\Users\Dell\Desktop\Kacper Błachowiak - praca magisterska - klasyfikacja znaków drogowych\KB_Praca_Magisterska\data\raw\polish_traffic_signs_dataset\test\A-6e\2019_0719_142601_003 0228_mirrored_0.jpg,A-6e,A-6d,203.71011352539065
1039,C:\Users\Dell\Desktop\Kacper Błachowiak - praca magisterska - klasyfikacja znaków drogowych\KB_Praca_Magisterska\data\raw\polish_traffic_signs_dataset\test\A-6e\2019_0719_142601_003 0544_mirrored_0.jpg,A-6e,A-6d,50.9245491027832
1040,C:\Users\Dell\Desktop\Kacper Błachowiak - praca magisterska - klasyfikacja znaków drogowych\KB_Praca_Magisterska\data\raw\polish_traffic_signs_dataset\test\A-6e\2019_0719_142601_003 0866_mirrored_0.jpg,A-6e,A-6c,55.294898986816406
1051,C:\Users\Dell\Desktop\Kacper Błachowiak - praca magisterska - klasyfikacja znaków drogowych\KB_Praca_Magisterska\data\raw\polish_traffic_signs_dataset\test\A-6e\2019_0721_181936_005 180_mirrored_0.jpg,A-6e,A-11a,92.82556915283205
1065,C:\Users\Dell\Desktop\Kacper Błachowiak - praca magisterska - klasyfikacja znaków drogowych\KB_Praca_Magisterska\data\raw\polish_traffic_signs_dataset\test\A-6e\2019_0809_155001_003 0788_mirrored_0.jpg,A-6e,A-11,74.90401458740234
1067,C:\Users\Dell\Desktop\Kacper Błachowiak - praca magisterska - klasyfikacja znaków drogowych\KB_Praca_Magisterska\data\raw\polish_traffic_signs_dataset\test\A-6e\2019_0809_155001_003 0789_mirrored_0.jpg,A-6e,A-6d,65.3989028930664
1109,C:\Users\Dell\Desktop\Kacper Błachowiak - praca magisterska - klasyfikacja znaków drogowych\KB_Praca_Magisterska\data\raw\polish_traffic_signs_dataset\test\A-7\2019_0721_171043_003 0557_0.jpg,A-7,A-6e,61.87837600708008
1115,C:\Users\Dell\Desktop\Kacper Błachowiak - praca magisterska - klasyfikacja znaków drogowych\KB_Praca_Magisterska\data\raw\polish_traffic_signs_dataset\test\A-7\2019_0721_171043_003 1408_0.jpg,A-7,A-30,118.53245544433594
1124,C:\Users\Dell\Desktop\Kacper Błachowiak - praca magisterska - klasyfikacja znaków drogowych\KB_Praca_Magisterska\data\raw\polish_traffic_signs_dataset\test\A-7\2019_0721_181936_005 699_0.jpg,A-7,D-1,23.48019790649414
1178,C:\Users\Dell\Desktop\Kacper Błachowiak - praca magisterska - klasyfikacja znaków drogowych\KB_Praca_Magisterska\data\raw\polish_traffic_signs_dataset\test\A-7\2019_0811_175830_003 1426_0.jpg,A-7,D-1,65.98697662353516
1252,C:\Users\Dell\Desktop\Kacper Błachowiak - praca magisterska - klasyfikacja znaków drogowych\KB_Praca_Magisterska\data\raw\polish_traffic_signs_dataset\test\A-8\2019_0811_175830_003 0533_0.jpg,A-8,A-17,163.93231201171875
1255,C:\Users\Dell\Desktop\Kacper Błachowiak - praca magisterska - klasyfikacja znaków drogowych\KB_Praca_Magisterska\data\raw\polish_traffic_signs_dataset\test\A-8\2019_0814_154857_003 0369_1.jpg,A-8,A-29,76.41607666015625
1261,C:\Users\Dell\Desktop\Kacper Błachowiak - praca magisterska - klasyfikacja znaków drogowych\KB_Praca_Magisterska\data\raw\polish_traffic_signs_dataset\test\A-8\2019_0815_090538_005 1480_0.jpg,A-8,A-2,66.45317077636719
1265,C:\Users\Dell\Desktop\Kacper Błachowiak - praca magisterska - klasyfikacja znaków drogowych\KB_Praca_Magisterska\data\raw\polish_traffic_signs_dataset\test\A-8\2019_0830_154511_013 79_0.jpg,A-8,A-1,111.5552749633789
1280,C:\Users\Dell\Desktop\Kacper Błachowiak - praca magisterska - klasyfikacja znaków drogowych\KB_Praca_Magisterska\data\raw\polish_traffic_signs_dataset\test\B-18\2019_0814_162326_004 1613_0.jpg,B-18,B-33,102.25851440429688
1295,C:\Users\Dell\Desktop\Kacper Błachowiak - praca magisterska - klasyfikacja znaków drogowych\KB_Praca_Magisterska\data\raw\polish_traffic_signs_dataset\test\B-2\2019_0809_162432_004 1546_0.jpg,B-2,B-36,104.40923309326172
1381,C:\Users\Dell\Desktop\Kacper Błachowiak - praca magisterska - klasyfikacja znaków drogowych\KB_Praca_Magisterska\data\raw\polish_traffic_signs_dataset\test\B-21\2019_0714_142630_003 091_0.jpg,B-21,D-27,108.015625
1393,C:\Users\Dell\Desktop\Kacper Błachowiak - praca magisterska - klasyfikacja znaków drogowych\KB_Praca_Magisterska\data\raw\polish_traffic_signs_dataset\test\B-21\2019_0811_175830_003 0565_0.jpg,B-21,B-22,94.75616455078124
1395,C:\Users\Dell\Desktop\Kacper Błachowiak - praca magisterska - klasyfikacja znaków drogowych\KB_Praca_Magisterska\data\raw\polish_traffic_signs_dataset\test\B-21\2019_0811_183255_004 0766_0.jpg,B-21,B-22,40.354583740234375
1407,C:\Users\Dell\Desktop\Kacper Błachowiak - praca magisterska - klasyfikacja znaków drogowych\KB_Praca_Magisterska\data\raw\polish_traffic_signs_dataset\test\B-21\2019_0830_154511_013 67_0.jpg,B-21,B-22,84.24527740478516
1408,C:\Users\Dell\Desktop\Kacper Błachowiak - praca magisterska - klasyfikacja znaków drogowych\KB_Praca_Magisterska\data\raw\polish_traffic_signs_dataset\test\B-21\2019_0901_165821_014 0900_0.jpg,B-21,B-22,100.15827178955078
1414,C:\Users\Dell\Desktop\Kacper Błachowiak - praca magisterska - klasyfikacja znaków drogowych\KB_Praca_Magisterska\data\raw\polish_traffic_signs_dataset\test\B-22\2019_0714_142630_003 087_mirrored_1.jpg,B-22,B-27,76.36709594726562
1415,C:\Users\Dell\Desktop\Kacper Błachowiak - praca magisterska - klasyfikacja znaków drogowych\KB_Praca_Magisterska\data\raw\polish_traffic_signs_dataset\test\B-22\2019_0714_142630_003 091_mirrored_0.jpg,B-22,D-29,142.92332458496094
1417,C:\Users\Dell\Desktop\Kacper Błachowiak - praca magisterska - klasyfikacja znaków drogowych\KB_Praca_Magisterska\data\raw\polish_traffic_signs_dataset\test\B-22\2019_0721_171043_003 0739_0.jpg,B-22,B-21,176.8347930908203
1419,C:\Users\Dell\Desktop\Kacper Błachowiak - praca magisterska - klasyfikacja znaków drogowych\KB_Praca_Magisterska\data\raw\polish_traffic_signs_dataset\test\B-22\2019_0811_175830_003 0707_0.jpg,B-22,B-21,141.66690063476562
1420,C:\Users\Dell\Desktop\Kacper Błachowiak - praca magisterska - klasyfikacja znaków drogowych\KB_Praca_Magisterska\data\raw\polish_traffic_signs_dataset\test\B-22\2019_0811_175830_003 0708_0.jpg,B-22,B-21,109.80860900878906
1422,C:\Users\Dell\Desktop\Kacper Błachowiak - praca magisterska - klasyfikacja znaków drogowych\KB_Praca_Magisterska\data\raw\polish_traffic_signs_dataset\test\B-22\2019_0814_162326_004 1626_0.jpg,B-22,B-21,102.54484558105467
1423,C:\Users\Dell\Desktop\Kacper Błachowiak - praca magisterska - klasyfikacja znaków drogowych\KB_Praca_Magisterska\data\raw\polish_traffic_signs_dataset\test\B-22\2019_0814_162326_004 1627_0.jpg,B-22,B-21,59.21297836303711
1424,C:\Users\Dell\Desktop\Kacper Błachowiak - praca magisterska - klasyfikacja znaków drogowych\KB_Praca_Magisterska\data\raw\polish_traffic_signs_dataset\test\B-22\2019_0815_090538_005 1543_0.jpg,B-22,B-21,107.15300750732422
1425,C:\Users\Dell\Desktop\Kacper Błachowiak - praca magisterska - klasyfikacja znaków drogowych\KB_Praca_Magisterska\data\raw\polish_traffic_signs_dataset\test\B-22\2019_0815_090538_005 1544_0.jpg,B-22,B-21,65.82982635498047
1428,C:\Users\Dell\Desktop\Kacper Błachowiak - praca magisterska - klasyfikacja znaków drogowych\KB_Praca_Magisterska\data\raw\polish_traffic_signs_dataset\test\B-22\2019_0901_165821_014 2005_0.jpg,B-22,B-21,122.8903579711914
1431,C:\Users\Dell\Desktop\Kacper Błachowiak - praca magisterska - klasyfikacja znaków drogowych\KB_Praca_Magisterska\data\raw\polish_traffic_signs_dataset\test\B-22\2019_0920_164444_043 0989_0.jpg,B-22,B-21,63.88695526123047
1433,C:\Users\Dell\Desktop\Kacper Błachowiak - praca magisterska - klasyfikacja znaków drogowych\KB_Praca_Magisterska\data\raw\polish_traffic_signs_dataset\test\B-22\2020_0215_102737_009 1830_0.jpg,B-22,B-21,97.82096099853516
1434,C:\Users\Dell\Desktop\Kacper Błachowiak - praca magisterska - klasyfikacja znaków drogowych\KB_Praca_Magisterska\data\raw\polish_traffic_signs_dataset\test\B-22\2020_0215_102737_009 1831_0.jpg,B-22,B-21,122.85188293457033
1435,C:\Users\Dell\Desktop\Kacper Błachowiak - praca magisterska - klasyfikacja znaków drogowych\KB_Praca_Magisterska\data\raw\polish_traffic_signs_dataset\test\B-22\2020_0215_121321_011 214_0.jpg,B-22,B-21,132.9646759033203
1440,C:\Users\Dell\Desktop\Kacper Błachowiak - praca magisterska - klasyfikacja znaków drogowych\KB_Praca_Magisterska\data\raw\polish_traffic_signs_dataset\test\B-22\2020_0229_084843_018 1016_0.jpg,B-22,B-21,55.61275863647461
1441,C:\Users\Dell\Desktop\Kacper Błachowiak - praca magisterska - klasyfikacja znaków drogowych\KB_Praca_Magisterska\data\raw\polish_traffic_signs_dataset\test\B-22\2020_0229_092307_019 138_0.jpg,B-22,B-21,54.75300598144531
1442,C:\Users\Dell\Desktop\Kacper Błachowiak - praca magisterska - klasyfikacja znaków drogowych\KB_Praca_Magisterska\data\raw\polish_traffic_signs_dataset\test\B-22\2020_0410_162215_007 1886_0.jpg,B-22,B-21,148.9375457763672
1444,C:\Users\Dell\Desktop\Kacper Błachowiak - praca magisterska - klasyfikacja znaków drogowych\KB_Praca_Magisterska\data\raw\polish_traffic_signs_dataset\test\B-22\2020_0410_162215_007 1888_0.jpg,B-22,B-21,143.64010620117188
1446,C:\Users\Dell\Desktop\Kacper Błachowiak - praca magisterska - klasyfikacja znaków drogowych\KB_Praca_Magisterska\data\raw\polish_traffic_signs_dataset\test\B-22\2020_0508_164957_013 506_0.jpg,B-22,B-21,76.2271957397461
1453,C:\Users\Dell\Desktop\Kacper Błachowiak - praca magisterska - klasyfikacja znaków drogowych\KB_Praca_Magisterska\data\raw\polish_traffic_signs_dataset\test\B-25\2019_0719_142601_003 1099_0.jpg,B-25,B-18,181.56790161132807
1506,C:\Users\Dell\Desktop\Kacper Błachowiak - praca magisterska - klasyfikacja znaków drogowych\KB_Praca_Magisterska\data\raw\polish_traffic_signs_dataset\test\B-25\2019_0726_185626_003 153_0.jpg,B-25,B-33,71.77885437011719
1541,C:\Users\Dell\Desktop\Kacper Błachowiak - praca magisterska - klasyfikacja znaków drogowych\KB_Praca_Magisterska\data\raw\polish_traffic_signs_dataset\test\B-25\2019_0809_162432_004 0575_0.jpg,B-25,B-33,146.99278259277344
1589,C:\Users\Dell\Desktop\Kacper Błachowiak - praca magisterska - klasyfikacja znaków drogowych\KB_Praca_Magisterska\data\raw\polish_traffic_signs_dataset\test\B-25\2019_0815_090538_005 0666_0.jpg,B-25,B-27,98.8134994506836
1592,C:\Users\Dell\Desktop\Kacper Błachowiak - praca magisterska - klasyfikacja znaków drogowych\KB_Praca_Magisterska\data\raw\polish_traffic_signs_dataset\test\B-25\2019_0815_090538_005 0849_0.jpg,B-25,B-33,85.69568634033203
1615,C:\Users\Dell\Desktop\Kacper Błachowiak - praca magisterska - klasyfikacja znaków drogowych\KB_Praca_Magisterska\data\raw\polish_traffic_signs_dataset\test\B-26\2019_0811_183255_004 0298_0.jpg,B-26,B-25,103.75211334228516
1630,C:\Users\Dell\Desktop\Kacper Błachowiak - praca magisterska - klasyfikacja znaków drogowych\KB_Praca_Magisterska\data\raw\polish_traffic_signs_dataset\test\B-27\2019_0719_142601_003 1873_0.jpg,B-27,B-34,133.9015655517578
1637,C:\Users\Dell\Desktop\Kacper Błachowiak - praca magisterska - klasyfikacja znaków drogowych\KB_Praca_Magisterska\data\raw\polish_traffic_signs_dataset\test\B-27\2019_0811_183255_004 0595_0.jpg,B-27,D-2,123.01171112060548
1639,C:\Users\Dell\Desktop\Kacper Błachowiak - praca magisterska - klasyfikacja znaków drogowych\KB_Praca_Magisterska\data\raw\polish_traffic_signs_dataset\test\B-27\2019_0815_090538_005 0709_0.jpg,B-27,B-42,121.26000213623048
1651,C:\Users\Dell\Desktop\Kacper Błachowiak - praca magisterska - klasyfikacja znaków drogowych\KB_Praca_Magisterska\data\raw\polish_traffic_signs_dataset\test\B-27\2019_0901_165821_014 1815_0.jpg,B-27,B-42,68.82730102539062
1656,C:\Users\Dell\Desktop\Kacper Błachowiak - praca magisterska - klasyfikacja znaków drogowych\KB_Praca_Magisterska\data\raw\polish_traffic_signs_dataset\test\B-33\2019_0714_142630_003 007_0.jpg,B-33,A-6b,98.1811065673828
1659,C:\Users\Dell\Desktop\Kacper Błachowiak - praca magisterska - klasyfikacja znaków drogowych\KB_Praca_Magisterska\data\raw\polish_traffic_signs_dataset\test\B-33\2019_0719_142601_003 0098_0.jpg,B-33,C-2,104.9013442993164
1664,C:\Users\Dell\Desktop\Kacper Błachowiak - praca magisterska - klasyfikacja znaków drogowych\KB_Praca_Magisterska\data\raw\polish_traffic_signs_dataset\test\B-33\2019_0719_142601_003 0119_0.jpg,B-33,B-34,145.61056518554688
1691,C:\Users\Dell\Desktop\Kacper Błachowiak - praca magisterska - klasyfikacja znaków drogowych\KB_Praca_Magisterska\data\raw\polish_traffic_signs_dataset\test\B-33\2019_0719_142601_003 0368_0.jpg,B-33,B-18,94.4856185913086
1726,C:\Users\Dell\Desktop\Kacper Błachowiak - praca magisterska - klasyfikacja znaków drogowych\KB_Praca_Magisterska\data\raw\polish_traffic_signs_dataset\test\B-33\2019_0719_142601_003 1331_0.jpg,B-33,B-18,111.3015594482422
1731,C:\Users\Dell\Desktop\Kacper Błachowiak - praca magisterska - klasyfikacja znaków drogowych\KB_Praca_Magisterska\data\raw\polish_traffic_signs_dataset\test\B-33\2019_0719_142601_003 1495_0.jpg,B-33,C-16,118.3806381225586
1763,C:\Users\Dell\Desktop\Kacper Błachowiak - praca magisterska - klasyfikacja znaków drogowych\KB_Praca_Magisterska\data\raw\polish_traffic_signs_dataset\test\B-33\2019_0719_150032_004 0287_0.jpg,B-33,B-18,144.92153930664062
1790,C:\Users\Dell\Desktop\Kacper Błachowiak - praca magisterska - klasyfikacja znaków drogowych\KB_Praca_Magisterska\data\raw\polish_traffic_signs_dataset\test\B-33\2019_0721_171043_003 0920_0.jpg,B-33,B-34,148.51583862304688
1823,C:\Users\Dell\Desktop\Kacper Błachowiak - praca magisterska - klasyfikacja znaków drogowych\KB_Praca_Magisterska\data\raw\polish_traffic_signs_dataset\test\B-33\2019_0726_185626_003 964_0.jpg,B-33,B-9,215.796875
1866,C:\Users\Dell\Desktop\Kacper Błachowiak - praca magisterska - klasyfikacja znaków drogowych\KB_Praca_Magisterska\data\raw\polish_traffic_signs_dataset\test\B-33\2019_0809_155001_003 1160_0.jpg,B-33,B-25,151.72003173828125
1867,C:\Users\Dell\Desktop\Kacper Błachowiak - praca magisterska - klasyfikacja znaków drogowych\KB_Praca_Magisterska\data\raw\polish_traffic_signs_dataset\test\B-33\2019_0809_155001_003 1160_1.jpg,B-33,B-25,168.70510864257812
1914,C:\Users\Dell\Desktop\Kacper Błachowiak - praca magisterska - klasyfikacja znaków drogowych\KB_Praca_Magisterska\data\raw\polish_traffic_signs_dataset\test\B-33\2019_0809_162432_004 1257_0.jpg,B-33,B-18,142.38958740234375
1919,C:\Users\Dell\Desktop\Kacper Błachowiak - praca magisterska - klasyfikacja znaków drogowych\KB_Praca_Magisterska\data\raw\polish_traffic_signs_dataset\test\B-33\2019_0809_162432_004 1298_0.jpg,B-33,B-18,150.24424743652344
1933,C:\Users\Dell\Desktop\Kacper Błachowiak - praca magisterska - klasyfikacja znaków drogowych\KB_Praca_Magisterska\data\raw\polish_traffic_signs_dataset\test\B-33\2019_0811_175830_003 0782_0.jpg,B-33,B-18,196.5606231689453
1936,C:\Users\Dell\Desktop\Kacper Błachowiak - praca magisterska - klasyfikacja znaków drogowych\KB_Praca_Magisterska\data\raw\polish_traffic_signs_dataset\test\B-33\2019_0811_183255_004 0336_0.jpg,B-33,B-34,84.46651458740234
1950,C:\Users\Dell\Desktop\Kacper Błachowiak - praca magisterska - klasyfikacja znaków drogowych\KB_Praca_Magisterska\data\raw\polish_traffic_signs_dataset\test\B-33\2019_0811_183255_004 0965_0.jpg,B-33,B-34,19.60033226013184
1957,C:\Users\Dell\Desktop\Kacper Błachowiak - praca magisterska - klasyfikacja znaków drogowych\KB_Praca_Magisterska\data\raw\polish_traffic_signs_dataset\test\B-33\2019_0811_183255_004 1142_0.jpg,B-33,B-34,115.27564239501952
1970,C:\Users\Dell\Desktop\Kacper Błachowiak - praca magisterska - klasyfikacja znaków drogowych\KB_Praca_Magisterska\data\raw\polish_traffic_signs_dataset\test\B-33\2019_0811_190715_005 286_1.jpg,B-33,C-13,125.22364044189452
2038,C:\Users\Dell\Desktop\Kacper Błachowiak - praca magisterska - klasyfikacja znaków drogowych\KB_Praca_Magisterska\data\raw\polish_traffic_signs_dataset\test\B-36\2019_0721_171043_003 0512_0.jpg,B-36,C-13,41.98038101196289
2163,C:\Users\Dell\Desktop\Kacper Błachowiak - praca magisterska - klasyfikacja znaków drogowych\KB_Praca_Magisterska\data\raw\polish_traffic_signs_dataset\test\B-42\2019_0809_155001_003 1190_0.jpg,B-42,B-34,204.6999664306641
2169,C:\Users\Dell\Desktop\Kacper Błachowiak - praca magisterska - klasyfikacja znaków drogowych\KB_Praca_Magisterska\data\raw\polish_traffic_signs_dataset\test\B-42\2019_0815_090538_005 1351_0.jpg,B-42,B-27,51.60429000854492
2202,C:\Users\Dell\Desktop\Kacper Błachowiak - praca magisterska - klasyfikacja znaków drogowych\KB_Praca_Magisterska\data\raw\polish_traffic_signs_dataset\test\B-43\2019_1223_114427_004 1296_0.jpg,B-43,B-33,159.015625
2242,C:\Users\Dell\Desktop\Kacper Błachowiak - praca magisterska - klasyfikacja znaków drogowych\KB_Praca_Magisterska\data\raw\polish_traffic_signs_dataset\test\B-5\2019_0922_153729_042 0172_0.jpg,B-5,B-27,69.17334747314453
2244,C:\Users\Dell\Desktop\Kacper Błachowiak - praca magisterska - klasyfikacja znaków drogowych\KB_Praca_Magisterska\data\raw\polish_traffic_signs_dataset\test\B-5\2019_0927_161359_043 1821_0.jpg,B-5,B-18,109.53028869628906
2262,C:\Users\Dell\Desktop\Kacper Błachowiak - praca magisterska - klasyfikacja znaków drogowych\KB_Praca_Magisterska\data\raw\polish_traffic_signs_dataset\test\B-8\2019_0814_162326_004 0334_0.jpg,B-8,B-9,136.97314453125
2285,C:\Users\Dell\Desktop\Kacper Błachowiak - praca magisterska - klasyfikacja znaków drogowych\KB_Praca_Magisterska\data\raw\polish_traffic_signs_dataset\test\C-10\2019_0714_142630_003 093_mirrored_0.jpg,C-10,B-21,120.17356872558594
2287,C:\Users\Dell\Desktop\Kacper Błachowiak - praca magisterska - klasyfikacja znaków drogowych\KB_Praca_Magisterska\data\raw\polish_traffic_signs_dataset\test\C-10\2019_0719_142601_003 1027_mirrored_0.jpg,C-10,D-24,136.70596313476562
2290,C:\Users\Dell\Desktop\Kacper Błachowiak - praca magisterska - klasyfikacja znaków drogowych\KB_Praca_Magisterska\data\raw\polish_traffic_signs_dataset\test\C-10\2019_0719_142601_003 1110_mirrored_0.jpg,C-10,C-9,135.169189453125
2294,C:\Users\Dell\Desktop\Kacper Błachowiak - praca magisterska - klasyfikacja znaków drogowych\KB_Praca_Magisterska\data\raw\polish_traffic_signs_dataset\test\C-10\2019_0719_142601_003 1168_mirrored_0.jpg,C-10,C-9,180.31968688964844
2300,C:\Users\Dell\Desktop\Kacper Błachowiak - praca magisterska - klasyfikacja znaków drogowych\KB_Praca_Magisterska\data\raw\polish_traffic_signs_dataset\test\C-10\2019_0719_142601_003 1308_0.jpg,C-10,C-16,97.14462280273438
2301,C:\Users\Dell\Desktop\Kacper Błachowiak - praca magisterska - klasyfikacja znaków drogowych\KB_Praca_Magisterska\data\raw\polish_traffic_signs_dataset\test\C-10\2019_0719_142601_003 1309_0.jpg,C-10,C-2,115.55287170410156
2303,C:\Users\Dell\Desktop\Kacper Błachowiak - praca magisterska - klasyfikacja znaków drogowych\KB_Praca_Magisterska\data\raw\polish_traffic_signs_dataset\test\C-10\2019_0719_142601_003 1311_0.jpg,C-10,C-9,103.99617767333984
2310,C:\Users\Dell\Desktop\Kacper Błachowiak - praca magisterska - klasyfikacja znaków drogowych\KB_Praca_Magisterska\data\raw\polish_traffic_signs_dataset\test\C-10\2019_0719_142601_003 1331_mirrored_1.jpg,C-10,C-9,108.09386444091795
2313,C:\Users\Dell\Desktop\Kacper Błachowiak - praca magisterska - klasyfikacja znaków drogowych\KB_Praca_Magisterska\data\raw\polish_traffic_signs_dataset\test\C-10\2019_0719_142601_003 1356_mirrored_0.jpg,C-10,C-9,98.29290008544922
2326,C:\Users\Dell\Desktop\Kacper Błachowiak - praca magisterska - klasyfikacja znaków drogowych\KB_Praca_Magisterska\data\raw\polish_traffic_signs_dataset\test\C-10\2019_0719_142601_003 1677_mirrored_0.jpg,C-10,C-9,146.013427734375
2328,C:\Users\Dell\Desktop\Kacper Błachowiak - praca magisterska - klasyfikacja znaków drogowych\KB_Praca_Magisterska\data\raw\polish_traffic_signs_dataset\test\C-10\2019_0719_142601_003 1683_mirrored_0.jpg,C-10,C-9,91.14266967773438
2330,C:\Users\Dell\Desktop\Kacper Błachowiak - praca magisterska - klasyfikacja znaków drogowych\KB_Praca_Magisterska\data\raw\polish_traffic_signs_dataset\test\C-10\2019_0719_142601_003 1793_mirrored_0.jpg,C-10,C-9,143.2733154296875
2331,C:\Users\Dell\Desktop\Kacper Błachowiak - praca magisterska - klasyfikacja znaków drogowych\KB_Praca_Magisterska\data\raw\polish_traffic_signs_dataset\test\C-10\2019_0719_142601_003 1799_mirrored_0.jpg,C-10,C-4,108.3837432861328
2335,C:\Users\Dell\Desktop\Kacper Błachowiak - praca magisterska - klasyfikacja znaków drogowych\KB_Praca_Magisterska\data\raw\polish_traffic_signs_dataset\test\C-10\2019_0719_142601_003 1808_mirrored_0.jpg,C-10,C-9,67.15409088134766
2337,C:\Users\Dell\Desktop\Kacper Błachowiak - praca magisterska - klasyfikacja znaków drogowych\KB_Praca_Magisterska\data\raw\polish_traffic_signs_dataset\test\C-10\2019_0719_142601_003 1855_mirrored_0.jpg,C-10,C-9,62.35562133789063
2338,C:\Users\Dell\Desktop\Kacper Błachowiak - praca magisterska - klasyfikacja znaków drogowych\KB_Praca_Magisterska\data\raw\polish_traffic_signs_dataset\test\C-10\2019_0719_142601_003 1862_mirrored_0.jpg,C-10,C-4,146.96112060546875
2340,C:\Users\Dell\Desktop\Kacper Błachowiak - praca magisterska - klasyfikacja znaków drogowych\KB_Praca_Magisterska\data\raw\polish_traffic_signs_dataset\test\C-10\2019_0719_142601_003 1971_mirrored_0.jpg,C-10,C-9,115.62462615966795
2341,C:\Users\Dell\Desktop\Kacper Błachowiak - praca magisterska - klasyfikacja znaków drogowych\KB_Praca_Magisterska\data\raw\polish_traffic_signs_dataset\test\C-10\2019_0719_142601_003 1983_mirrored_0.jpg,C-10,C-9,169.0296173095703
2343,C:\Users\Dell\Desktop\Kacper Błachowiak - praca magisterska - klasyfikacja znaków drogowych\KB_Praca_Magisterska\data\raw\polish_traffic_signs_dataset\test\C-10\2019_0719_142601_003 2047_mirrored_0.jpg,C-10,C-16,37.46536636352539
2345,C:\Users\Dell\Desktop\Kacper Błachowiak - praca magisterska - klasyfikacja znaków drogowych\KB_Praca_Magisterska\data\raw\polish_traffic_signs_dataset\test\C-10\2019_0719_142601_003 2049_mirrored_0.jpg,C-10,C-9,54.99039840698242
2347,C:\Users\Dell\Desktop\Kacper Błachowiak - praca magisterska - klasyfikacja znaków drogowych\KB_Praca_Magisterska\data\raw\polish_traffic_signs_dataset\test\C-10\2019_0719_142601_003 2063_mirrored_0.jpg,C-10,C-9,44.38642883300781
2350,C:\Users\Dell\Desktop\Kacper Błachowiak - praca magisterska - klasyfikacja znaków drogowych\KB_Praca_Magisterska\data\raw\polish_traffic_signs_dataset\test\C-10\2019_0719_150032_004 0498_mirrored_0.jpg,C-10,C-4,120.1877212524414
2355,C:\Users\Dell\Desktop\Kacper Błachowiak - praca magisterska - klasyfikacja znaków drogowych\KB_Praca_Magisterska\data\raw\polish_traffic_signs_dataset\test\C-10\2019_0719_150032_004 0645_mirrored_0.jpg,C-10,C-9,95.48176574707033
2357,C:\Users\Dell\Desktop\Kacper Błachowiak - praca magisterska - klasyfikacja znaków drogowych\KB_Praca_Magisterska\data\raw\polish_traffic_signs_dataset\test\C-10\2019_0719_150032_004 0660_mirrored_0.jpg,C-10,C-9,85.18729400634766
2359,C:\Users\Dell\Desktop\Kacper Błachowiak - praca magisterska - klasyfikacja znaków drogowych\KB_Praca_Magisterska\data\raw\polish_traffic_signs_dataset\test\C-10\2019_0719_150032_004 1443_mirrored_0.jpg,C-10,C-9,57.34464263916016
2362,C:\Users\Dell\Desktop\Kacper Błachowiak - praca magisterska - klasyfikacja znaków drogowych\KB_Praca_Magisterska\data\raw\polish_traffic_signs_dataset\test\C-10\2019_0721_171043_003 0424_mirrored_0.jpg,C-10,C-9,68.79440307617188
2363,C:\Users\Dell\Desktop\Kacper Błachowiak - praca magisterska - klasyfikacja znaków drogowych\KB_Praca_Magisterska\data\raw\polish_traffic_signs_dataset\test\C-10\2019_0721_171043_003 0425_mirrored_0.jpg,C-10,C-9,84.06858825683594
2365,C:\Users\Dell\Desktop\Kacper Błachowiak - praca magisterska - klasyfikacja znaków drogowych\KB_Praca_Magisterska\data\raw\polish_traffic_signs_dataset\test\C-10\2019_0721_171043_003 0508_mirrored_0.jpg,C-10,C-4,34.00986862182617
2366,C:\Users\Dell\Desktop\Kacper Błachowiak - praca magisterska - klasyfikacja znaków drogowych\KB_Praca_Magisterska\data\raw\polish_traffic_signs_dataset\test\C-10\2019_0721_171043_003 0510_mirrored_0.jpg,C-10,C-9,96.65987396240234
2367,C:\Users\Dell\Desktop\Kacper Błachowiak - praca magisterska - klasyfikacja znaków drogowych\KB_Praca_Magisterska\data\raw\polish_traffic_signs_dataset\test\C-10\2019_0721_171043_003 0561_mirrored_0.jpg,C-10,B-34,41.94688415527344
2368,C:\Users\Dell\Desktop\Kacper Błachowiak - praca magisterska - klasyfikacja znaków drogowych\KB_Praca_Magisterska\data\raw\polish_traffic_signs_dataset\test\C-10\2019_0721_171043_003 0562_mirrored_0.jpg,C-10,C-9,65.22159576416016
2369,C:\Users\Dell\Desktop\Kacper Błachowiak - praca magisterska - klasyfikacja znaków drogowych\KB_Praca_Magisterska\data\raw\polish_traffic_signs_dataset\test\C-10\2019_0721_171043_003 0563_mirrored_0.jpg,C-10,C-9,93.5832748413086
2370,C:\Users\Dell\Desktop\Kacper Błachowiak - praca magisterska - klasyfikacja znaków drogowych\KB_Praca_Magisterska\data\raw\polish_traffic_signs_dataset\test\C-10\2019_0721_171043_003 0589_mirrored_0.jpg,C-10,C-9,51.34873580932617
2372,C:\Users\Dell\Desktop\Kacper Błachowiak - praca magisterska - klasyfikacja znaków drogowych\KB_Praca_Magisterska\data\raw\polish_traffic_signs_dataset\test\C-10\2019_0721_171043_003 0671_mirrored_0.jpg,C-10,C-9,186.24383544921875
2374,C:\Users\Dell\Desktop\Kacper Błachowiak - praca magisterska - klasyfikacja znaków drogowych\KB_Praca_Magisterska\data\raw\polish_traffic_signs_dataset\test\C-10\2019_0721_171043_003 0672_mirrored_0.jpg,C-10,C-9,56.77945327758789
2376,C:\Users\Dell\Desktop\Kacper Błachowiak - praca magisterska - klasyfikacja znaków drogowych\KB_Praca_Magisterska\data\raw\polish_traffic_signs_dataset\test\C-10\2019_0721_171043_003 0674_mirrored_0.jpg,C-10,C-9,77.82453155517578
2387,C:\Users\Dell\Desktop\Kacper Błachowiak - praca magisterska - klasyfikacja znaków drogowych\KB_Praca_Magisterska\data\raw\polish_traffic_signs_dataset\test\C-10\2019_0809_155001_003 0072_mirrored_0.jpg,C-10,C-9,57.81314086914063
2389,C:\Users\Dell\Desktop\Kacper Błachowiak - praca magisterska - klasyfikacja znaków drogowych\KB_Praca_Magisterska\data\raw\polish_traffic_signs_dataset\test\C-10\2019_0809_155001_003 1218_mirrored_0.jpg,C-10,C-4,69.68180847167969
2392,C:\Users\Dell\Desktop\Kacper Błachowiak - praca magisterska - klasyfikacja znaków drogowych\KB_Praca_Magisterska\data\raw\polish_traffic_signs_dataset\test\C-10\2019_0809_155001_003 1310_mirrored_0.jpg,C-10,C-9,116.64263916015624
2394,C:\Users\Dell\Desktop\Kacper Błachowiak - praca magisterska - klasyfikacja znaków drogowych\KB_Praca_Magisterska\data\raw\polish_traffic_signs_dataset\test\C-10\2019_0809_155001_003 1315_mirrored_0.jpg,C-10,C-9,149.2735595703125
2401,C:\Users\Dell\Desktop\Kacper Błachowiak - praca magisterska - klasyfikacja znaków drogowych\KB_Praca_Magisterska\data\raw\polish_traffic_signs_dataset\test\C-10\2019_0809_155001_003 1458_mirrored_0.jpg,C-10,C-9,65.46797943115234
2403,C:\Users\Dell\Desktop\Kacper Błachowiak - praca magisterska - klasyfikacja znaków drogowych\KB_Praca_Magisterska\data\raw\polish_traffic_signs_dataset\test\C-10\2019_0809_155001_003 1518_0.jpg,C-10,C-9,139.2958984375
2410,C:\Users\Dell\Desktop\Kacper Błachowiak - praca magisterska - klasyfikacja znaków drogowych\KB_Praca_Magisterska\data\raw\polish_traffic_signs_dataset\test\C-10\2019_0809_155001_003 1541_mirrored_0.jpg,C-10,C-9,96.61373901367188
2426,C:\Users\Dell\Desktop\Kacper Błachowiak - praca magisterska - klasyfikacja znaków drogowych\KB_Praca_Magisterska\data\raw\polish_traffic_signs_dataset\test\C-10\2019_0809_155001_003 2042_mirrored_0.jpg,C-10,C-9,76.89092254638672
2429,C:\Users\Dell\Desktop\Kacper Błachowiak - praca magisterska - klasyfikacja znaków drogowych\KB_Praca_Magisterska\data\raw\polish_traffic_signs_dataset\test\C-10\2019_0809_162432_004 0015_mirrored_0.jpg,C-10,C-9,139.68380737304688
2439,C:\Users\Dell\Desktop\Kacper Błachowiak - praca magisterska - klasyfikacja znaków drogowych\KB_Praca_Magisterska\data\raw\polish_traffic_signs_dataset\test\C-10\2019_0809_162432_004 0623_mirrored_0.jpg,C-10,C-5,66.84496307373047
2443,C:\Users\Dell\Desktop\Kacper Błachowiak - praca magisterska - klasyfikacja znaków drogowych\KB_Praca_Magisterska\data\raw\polish_traffic_signs_dataset\test\C-10\2019_0809_162432_004 0739_mirrored_0.jpg,C-10,C-9,104.30953216552734
2446,C:\Users\Dell\Desktop\Kacper Błachowiak - praca magisterska - klasyfikacja znaków drogowych\KB_Praca_Magisterska\data\raw\polish_traffic_signs_dataset\test\C-10\2019_0809_162432_004 0993_mirrored_0.jpg,C-10,C-9,63.2626953125
2456,C:\Users\Dell\Desktop\Kacper Błachowiak - praca magisterska - klasyfikacja znaków drogowych\KB_Praca_Magisterska\data\raw\polish_traffic_signs_dataset\test\C-10\2019_0811_175830_003 0565_mirrored_0.jpg,C-10,D-14,63.52531051635742
2461,C:\Users\Dell\Desktop\Kacper Błachowiak - praca magisterska - klasyfikacja znaków drogowych\KB_Praca_Magisterska\data\raw\polish_traffic_signs_dataset\test\C-10\2019_0811_175830_003 0656_mirrored_0.jpg,C-10,C-9,71.33180236816406
2472,C:\Users\Dell\Desktop\Kacper Błachowiak - praca magisterska - klasyfikacja znaków drogowych\KB_Praca_Magisterska\data\raw\polish_traffic_signs_dataset\test\C-10\2019_0811_183255_004 0768_mirrored_0.jpg,C-10,C-4,40.44384002685547
2474,C:\Users\Dell\Desktop\Kacper Błachowiak - praca magisterska - klasyfikacja znaków drogowych\KB_Praca_Magisterska\data\raw\polish_traffic_signs_dataset\test\C-10\2019_0811_183255_004 0867_mirrored_0.jpg,C-10,C-9,40.06543731689453
2481,C:\Users\Dell\Desktop\Kacper Błachowiak - praca magisterska - klasyfikacja znaków drogowych\KB_Praca_Magisterska\data\raw\polish_traffic_signs_dataset\test\C-10\2019_0811_183255_004 1455_mirrored_0.jpg,C-10,C-9,105.2595443725586
2485,C:\Users\Dell\Desktop\Kacper Błachowiak - praca magisterska - klasyfikacja znaków drogowych\KB_Praca_Magisterska\data\raw\polish_traffic_signs_dataset\test\C-10\2019_0811_183255_004 1490_mirrored_0.jpg,C-10,C-9,99.0966339111328
2487,C:\Users\Dell\Desktop\Kacper Błachowiak - praca magisterska - klasyfikacja znaków drogowych\KB_Praca_Magisterska\data\raw\polish_traffic_signs_dataset\test\C-10\2019_0811_183255_004 1768_mirrored_0.jpg,C-10,B-42,127.81712341308594
2490,C:\Users\Dell\Desktop\Kacper Błachowiak - praca magisterska - klasyfikacja znaków drogowych\KB_Praca_Magisterska\data\raw\polish_traffic_signs_dataset\test\C-10\2019_0814_154857_003 0180_mirrored_0.jpg,C-10,C-9,98.16212463378906
2499,C:\Users\Dell\Desktop\Kacper Błachowiak - praca magisterska - klasyfikacja znaków drogowych\KB_Praca_Magisterska\data\raw\polish_traffic_signs_dataset\test\C-10\2019_0814_162326_004 0895_mirrored_0.jpg,C-10,C-9,174.33554077148438
2500,C:\Users\Dell\Desktop\Kacper Błachowiak - praca magisterska - klasyfikacja znaków drogowych\KB_Praca_Magisterska\data\raw\polish_traffic_signs_dataset\test\C-10\2019_0814_162326_004 0896_mirrored_0.jpg,C-10,C-9,84.0868148803711
2502,C:\Users\Dell\Desktop\Kacper Błachowiak - praca magisterska - klasyfikacja znaków drogowych\KB_Praca_Magisterska\data\raw\polish_traffic_signs_dataset\test\C-10\2019_0814_162326_004 0899_mirrored_0.jpg,C-10,C-9,107.7649383544922
2506,C:\Users\Dell\Desktop\Kacper Błachowiak - praca magisterska - klasyfikacja znaków drogowych\KB_Praca_Magisterska\data\raw\polish_traffic_signs_dataset\test\C-10\2019_0814_162326_004 1016_mirrored_0.jpg,C-10,C-9,52.39076232910156
2509,C:\Users\Dell\Desktop\Kacper Błachowiak - praca magisterska - klasyfikacja znaków drogowych\KB_Praca_Magisterska\data\raw\polish_traffic_signs_dataset\test\C-10\2019_0814_162326_004 1541_mirrored_0.jpg,C-10,C-9,118.36143493652344
2512,C:\Users\Dell\Desktop\Kacper Błachowiak - praca magisterska - klasyfikacja znaków drogowych\KB_Praca_Magisterska\data\raw\polish_traffic_signs_dataset\test\C-10\2019_0818_134512_010 154_1.jpg,C-10,C-2,86.65766906738281
2513,C:\Users\Dell\Desktop\Kacper Błachowiak - praca magisterska - klasyfikacja znaków drogowych\KB_Praca_Magisterska\data\raw\polish_traffic_signs_dataset\test\C-10\2019_0818_134512_010 155_0.jpg,C-10,C-9,88.39381408691406
2514,C:\Users\Dell\Desktop\Kacper Błachowiak - praca magisterska - klasyfikacja znaków drogowych\KB_Praca_Magisterska\data\raw\polish_traffic_signs_dataset\test\C-10\2019_0818_134512_010 155_1.jpg,C-10,C-9,120.05799102783205
2515,C:\Users\Dell\Desktop\Kacper Błachowiak - praca magisterska - klasyfikacja znaków drogowych\KB_Praca_Magisterska\data\raw\polish_traffic_signs_dataset\test\C-10\2019_0818_134512_010 156_0.jpg,C-10,C-9,105.04776763916016
2516,C:\Users\Dell\Desktop\Kacper Błachowiak - praca magisterska - klasyfikacja znaków drogowych\KB_Praca_Magisterska\data\raw\polish_traffic_signs_dataset\test\C-10\2019_0818_134512_010 156_1.jpg,C-10,C-9,101.82569122314452
2517,C:\Users\Dell\Desktop\Kacper Błachowiak - praca magisterska - klasyfikacja znaków drogowych\KB_Praca_Magisterska\data\raw\polish_traffic_signs_dataset\test\C-10\2019_0818_134512_010 233_0.jpg,C-10,C-9,121.2515106201172
2519,C:\Users\Dell\Desktop\Kacper Błachowiak - praca magisterska - klasyfikacja znaków drogowych\KB_Praca_Magisterska\data\raw\polish_traffic_signs_dataset\test\C-10\2019_0927_153929_042 1625_0.jpg,C-10,C-9,81.87405395507812
2520,C:\Users\Dell\Desktop\Kacper Błachowiak - praca magisterska - klasyfikacja znaków drogowych\KB_Praca_Magisterska\data\raw\polish_traffic_signs_dataset\test\C-10\2019_0929_154947_042 376_0.jpg,C-10,C-12,108.26033782958984
2521,C:\Users\Dell\Desktop\Kacper Błachowiak - praca magisterska - klasyfikacja znaków drogowych\KB_Praca_Magisterska\data\raw\polish_traffic_signs_dataset\test\C-10\2019_0929_154947_042 377_0.jpg,C-10,C-12,96.74024200439452
2523,C:\Users\Dell\Desktop\Kacper Błachowiak - praca magisterska - klasyfikacja znaków drogowych\KB_Praca_Magisterska\data\raw\polish_traffic_signs_dataset\test\C-10\2019_1030_162407_042 1536_0.jpg,C-10,C-9,105.19332122802734
2526,C:\Users\Dell\Desktop\Kacper Błachowiak - praca magisterska - klasyfikacja znaków drogowych\KB_Praca_Magisterska\data\raw\polish_traffic_signs_dataset\test\C-10\2019_1223_092421_001 0681_0.jpg,C-10,C-9,83.77064514160156
2528,C:\Users\Dell\Desktop\Kacper Błachowiak - praca magisterska - klasyfikacja znaków drogowych\KB_Praca_Magisterska\data\raw\polish_traffic_signs_dataset\test\C-10\2019_1223_110958_003 1849_0.jpg,C-10,C-9,145.74253845214844
2530,C:\Users\Dell\Desktop\Kacper Błachowiak - praca magisterska - klasyfikacja znaków drogowych\KB_Praca_Magisterska\data\raw\polish_traffic_signs_dataset\test\C-10\2020_0213_153817_007 1480_0.jpg,C-10,C-9,102.2587661743164
2531,C:\Users\Dell\Desktop\Kacper Błachowiak - praca magisterska - klasyfikacja znaków drogowych\KB_Praca_Magisterska\data\raw\polish_traffic_signs_dataset\test\C-10\2020_0313_172757_002 0238_0.jpg,C-10,C-9,94.74290466308594
2532,C:\Users\Dell\Desktop\Kacper Błachowiak - praca magisterska - klasyfikacja znaków drogowych\KB_Praca_Magisterska\data\raw\polish_traffic_signs_dataset\test\C-10\2020_0313_172757_002 0239_0.jpg,C-10,C-9,83.19821166992188
2533,C:\Users\Dell\Desktop\Kacper Błachowiak - praca magisterska - klasyfikacja znaków drogowych\KB_Praca_Magisterska\data\raw\polish_traffic_signs_dataset\test\C-10\2020_0313_172757_002 1151_0.jpg,C-10,C-9,87.17858123779297
2534,C:\Users\Dell\Desktop\Kacper Błachowiak - praca magisterska - klasyfikacja znaków drogowych\KB_Praca_Magisterska\data\raw\polish_traffic_signs_dataset\test\C-10\2020_0313_172757_002 1152_0.jpg,C-10,C-9,81.3781967163086
2537,C:\Users\Dell\Desktop\Kacper Błachowiak - praca magisterska - klasyfikacja znaków drogowych\KB_Praca_Magisterska\data\raw\polish_traffic_signs_dataset\test\C-10\2020_0413_162855_009 1427_0.jpg,C-10,C-9,134.3345184326172
2538,C:\Users\Dell\Desktop\Kacper Błachowiak - praca magisterska - klasyfikacja znaków drogowych\KB_Praca_Magisterska\data\raw\polish_traffic_signs_dataset\test\C-10\2020_0413_162855_009 1428_0.jpg,C-10,C-5,94.5893096923828
2540,C:\Users\Dell\Desktop\Kacper Błachowiak - praca magisterska - klasyfikacja znaków drogowych\KB_Praca_Magisterska\data\raw\polish_traffic_signs_dataset\test\C-10\2020_0510_185408_014 1506_0.jpg,C-10,C-9,105.14030456542967
2541,C:\Users\Dell\Desktop\Kacper Błachowiak - praca magisterska - klasyfikacja znaków drogowych\KB_Praca_Magisterska\data\raw\polish_traffic_signs_dataset\test\C-10\2020_0510_185408_014 1507_0.jpg,C-10,C-9,102.91319274902344
2613,C:\Users\Dell\Desktop\Kacper Błachowiak - praca magisterska - klasyfikacja znaków drogowych\KB_Praca_Magisterska\data\raw\polish_traffic_signs_dataset\test\C-12\2019_0814_162326_004 1672_0.jpg,C-12,C-4,134.91188049316406
2663,C:\Users\Dell\Desktop\Kacper Błachowiak - praca magisterska - klasyfikacja znaków drogowych\KB_Praca_Magisterska\data\raw\polish_traffic_signs_dataset\test\C-13\2019_0726_185626_003 042_0.jpg,C-13,C-13-C-16,86.00312805175781
2688,C:\Users\Dell\Desktop\Kacper Błachowiak - praca magisterska - klasyfikacja znaków drogowych\KB_Praca_Magisterska\data\raw\polish_traffic_signs_dataset\test\C-13a\2019_0811_175830_003 0657_0.jpg,C-13a,C-13a-C-16a,82.32695770263672
2692,C:\Users\Dell\Desktop\Kacper Błachowiak - praca magisterska - klasyfikacja znaków drogowych\KB_Praca_Magisterska\data\raw\polish_traffic_signs_dataset\test\C-13a-C-16a\2019_0726_185626_003 152_0.jpg,C-13a-C-16a,C-9,60.04944610595703
2693,C:\Users\Dell\Desktop\Kacper Błachowiak - praca magisterska - klasyfikacja znaków drogowych\KB_Praca_Magisterska\data\raw\polish_traffic_signs_dataset\test\C-13a-C-16a\2019_0815_090538_005 0867_0.jpg,C-13a-C-16a,C-10,103.49214935302734
2694,C:\Users\Dell\Desktop\Kacper Błachowiak - praca magisterska - klasyfikacja znaków drogowych\KB_Praca_Magisterska\data\raw\polish_traffic_signs_dataset\test\C-13a-C-16a\2019_0815_090538_005 1169_0.jpg,C-13a-C-16a,C-13-C-16,55.81013870239258
2695,C:\Users\Dell\Desktop\Kacper Błachowiak - praca magisterska - klasyfikacja znaków drogowych\KB_Praca_Magisterska\data\raw\polish_traffic_signs_dataset\test\C-13a-C-16a\2019_0815_090538_005 1198_0.jpg,C-13a-C-16a,C-13-C-16,26.608074188232425
2711,C:\Users\Dell\Desktop\Kacper Błachowiak - praca magisterska - klasyfikacja znaków drogowych\KB_Praca_Magisterska\data\raw\polish_traffic_signs_dataset\test\C-2\2019_0721_181936_005 233_0.jpg,C-2,A-4,26.43425178527832
2716,C:\Users\Dell\Desktop\Kacper Błachowiak - praca magisterska - klasyfikacja znaków drogowych\KB_Praca_Magisterska\data\raw\polish_traffic_signs_dataset\test\C-2\2019_0811_190715_005 250_0.jpg,C-2,C-16,28.022201538085938
2717,C:\Users\Dell\Desktop\Kacper Błachowiak - praca magisterska - klasyfikacja znaków drogowych\KB_Praca_Magisterska\data\raw\polish_traffic_signs_dataset\test\C-2\2019_0811_190715_005 251_0.jpg,C-2,C-4,20.21493911743164
2721,C:\Users\Dell\Desktop\Kacper Błachowiak - praca magisterska - klasyfikacja znaków drogowych\KB_Praca_Magisterska\data\raw\polish_traffic_signs_dataset\test\C-4\2019_0721_181936_005 233_mirrored_0.jpg,C-4,B-25,12.976486206054688
2725,C:\Users\Dell\Desktop\Kacper Błachowiak - praca magisterska - klasyfikacja znaków drogowych\KB_Praca_Magisterska\data\raw\polish_traffic_signs_dataset\test\C-4\2019_0809_155001_003 0856_mirrored_0.jpg,C-4,C-2,103.21682739257812
2726,C:\Users\Dell\Desktop\Kacper Błachowiak - praca magisterska - klasyfikacja znaków drogowych\KB_Praca_Magisterska\data\raw\polish_traffic_signs_dataset\test\C-4\2019_0811_190715_005 250_mirrored_0.jpg,C-4,C-16,33.045257568359375
2727,C:\Users\Dell\Desktop\Kacper Błachowiak - praca magisterska - klasyfikacja znaków drogowych\KB_Praca_Magisterska\data\raw\polish_traffic_signs_dataset\test\C-4\2019_0811_190715_005 251_mirrored_0.jpg,C-4,A-6a,12.67099952697754
2731,C:\Users\Dell\Desktop\Kacper Błachowiak - praca magisterska - klasyfikacja znaków drogowych\KB_Praca_Magisterska\data\raw\polish_traffic_signs_dataset\test\C-5\2019_0719_142601_003 0360_0.jpg,C-5,C-16,65.5698013305664
2742,C:\Users\Dell\Desktop\Kacper Błachowiak - praca magisterska - klasyfikacja znaków drogowych\KB_Praca_Magisterska\data\raw\polish_traffic_signs_dataset\test\C-5\2019_0809_155001_003 0589_0.jpg,C-5,D-3,63.7414436340332
2748,C:\Users\Dell\Desktop\Kacper Błachowiak - praca magisterska - klasyfikacja znaków drogowych\KB_Praca_Magisterska\data\raw\polish_traffic_signs_dataset\test\C-5\2019_0811_190715_005 249_0.jpg,C-5,D-3,29.266233444213867
2760,C:\Users\Dell\Desktop\Kacper Błachowiak - praca magisterska - klasyfikacja znaków drogowych\KB_Praca_Magisterska\data\raw\polish_traffic_signs_dataset\test\C-5\2019_0815_090538_005 1002_0.jpg,C-5,D-3,53.96148681640625
2788,C:\Users\Dell\Desktop\Kacper Błachowiak - praca magisterska - klasyfikacja znaków drogowych\KB_Praca_Magisterska\data\raw\polish_traffic_signs_dataset\test\C-9\2019_0719_142601_003 1167_0.jpg,C-9,C-10,159.63754272460938
2791,C:\Users\Dell\Desktop\Kacper Błachowiak - praca magisterska - klasyfikacja znaków drogowych\KB_Praca_Magisterska\data\raw\polish_traffic_signs_dataset\test\C-9\2019_0719_142601_003 1236_0.jpg,C-9,C-10,130.3334197998047
2805,C:\Users\Dell\Desktop\Kacper Błachowiak - praca magisterska - klasyfikacja znaków drogowych\KB_Praca_Magisterska\data\raw\polish_traffic_signs_dataset\test\C-9\2019_0719_142601_003 1449_0.jpg,C-9,C-10,111.5465850830078
2807,C:\Users\Dell\Desktop\Kacper Błachowiak - praca magisterska - klasyfikacja znaków drogowych\KB_Praca_Magisterska\data\raw\polish_traffic_signs_dataset\test\C-9\2019_0719_142601_003 1503_0.jpg,C-9,C-7,129.1962432861328
2812,C:\Users\Dell\Desktop\Kacper Błachowiak - praca magisterska - klasyfikacja znaków drogowych\KB_Praca_Magisterska\data\raw\polish_traffic_signs_dataset\test\C-9\2019_0719_142601_003 1612_0.jpg,C-9,C-10,87.46342468261719
2822,C:\Users\Dell\Desktop\Kacper Błachowiak - praca magisterska - klasyfikacja znaków drogowych\KB_Praca_Magisterska\data\raw\polish_traffic_signs_dataset\test\C-9\2019_0719_142601_003 1799_0.jpg,C-9,C-4,91.64522552490234
2829,C:\Users\Dell\Desktop\Kacper Błachowiak - praca magisterska - klasyfikacja znaków drogowych\KB_Praca_Magisterska\data\raw\polish_traffic_signs_dataset\test\C-9\2019_0719_142601_003 1862_0.jpg,C-9,C-2,109.11859130859376
2834,C:\Users\Dell\Desktop\Kacper Błachowiak - praca magisterska - klasyfikacja znaków drogowych\KB_Praca_Magisterska\data\raw\polish_traffic_signs_dataset\test\C-9\2019_0719_142601_003 2047_0.jpg,C-9,C-2,73.05467987060547
2835,C:\Users\Dell\Desktop\Kacper Błachowiak - praca magisterska - klasyfikacja znaków drogowych\KB_Praca_Magisterska\data\raw\polish_traffic_signs_dataset\test\C-9\2019_0719_142601_003 2048_0.jpg,C-9,C-10,73.99384307861328
2841,C:\Users\Dell\Desktop\Kacper Błachowiak - praca magisterska - klasyfikacja znaków drogowych\KB_Praca_Magisterska\data\raw\polish_traffic_signs_dataset\test\C-9\2019_0719_150032_004 0498_0.jpg,C-9,C-10,92.51446533203124
2855,C:\Users\Dell\Desktop\Kacper Błachowiak - praca magisterska - klasyfikacja znaków drogowych\KB_Praca_Magisterska\data\raw\polish_traffic_signs_dataset\test\C-9\2019_0721_171043_003 0507_0.jpg,C-9,C-4,82.5807876586914
2858,C:\Users\Dell\Desktop\Kacper Błachowiak - praca magisterska - klasyfikacja znaków drogowych\KB_Praca_Magisterska\data\raw\polish_traffic_signs_dataset\test\C-9\2019_0721_171043_003 0561_0.jpg,C-9,B-34,37.09794998168945
2864,C:\Users\Dell\Desktop\Kacper Błachowiak - praca magisterska - klasyfikacja znaków drogowych\KB_Praca_Magisterska\data\raw\polish_traffic_signs_dataset\test\C-9\2019_0721_171043_003 0671_1.jpg,C-9,C-4,141.96043395996094
2870,C:\Users\Dell\Desktop\Kacper Błachowiak - praca magisterska - klasyfikacja znaków drogowych\KB_Praca_Magisterska\data\raw\polish_traffic_signs_dataset\test\C-9\2019_0721_171043_003 0681_1.jpg,C-9,C-10,50.17664337158203
2871,C:\Users\Dell\Desktop\Kacper Błachowiak - praca magisterska - klasyfikacja znaków drogowych\KB_Praca_Magisterska\data\raw\polish_traffic_signs_dataset\test\C-9\2019_0721_171043_003 0682_0.jpg,C-9,C-10,166.4584503173828
2876,C:\Users\Dell\Desktop\Kacper Błachowiak - praca magisterska - klasyfikacja znaków drogowych\KB_Praca_Magisterska\data\raw\polish_traffic_signs_dataset\test\C-9\2019_0726_185626_003 619_0.jpg,C-9,C-10,71.73976135253906
2880,C:\Users\Dell\Desktop\Kacper Błachowiak - praca magisterska - klasyfikacja znaków drogowych\KB_Praca_Magisterska\data\raw\polish_traffic_signs_dataset\test\C-9\2019_0809_155001_003 1218_0.jpg,C-9,C-10,118.64148712158205
2888,C:\Users\Dell\Desktop\Kacper Błachowiak - praca magisterska - klasyfikacja znaków drogowych\KB_Praca_Magisterska\data\raw\polish_traffic_signs_dataset\test\C-9\2019_0809_155001_003 1393_0.jpg,C-9,C-10,81.520263671875
2891,C:\Users\Dell\Desktop\Kacper Błachowiak - praca magisterska - klasyfikacja znaków drogowych\KB_Praca_Magisterska\data\raw\polish_traffic_signs_dataset\test\C-9\2019_0809_155001_003 1453_0.jpg,C-9,C-10,185.8972320556641
2893,C:\Users\Dell\Desktop\Kacper Błachowiak - praca magisterska - klasyfikacja znaków drogowych\KB_Praca_Magisterska\data\raw\polish_traffic_signs_dataset\test\C-9\2019_0809_155001_003 1518_0.jpg,C-9,C-10,170.22979736328125
2907,C:\Users\Dell\Desktop\Kacper Błachowiak - praca magisterska - klasyfikacja znaków drogowych\KB_Praca_Magisterska\data\raw\polish_traffic_signs_dataset\test\C-9\2019_0809_155001_003 1855_0.jpg,C-9,C-10,95.4119110107422
2916,C:\Users\Dell\Desktop\Kacper Błachowiak - praca magisterska - klasyfikacja znaków drogowych\KB_Praca_Magisterska\data\raw\polish_traffic_signs_dataset\test\C-9\2019_0809_162432_004 0008_0.jpg,C-9,C-10,142.30812072753906
2917,C:\Users\Dell\Desktop\Kacper Błachowiak - praca magisterska - klasyfikacja znaków drogowych\KB_Praca_Magisterska\data\raw\polish_traffic_signs_dataset\test\C-9\2019_0809_162432_004 0014_0.jpg,C-9,C-4,150.1592254638672
2928,C:\Users\Dell\Desktop\Kacper Błachowiak - praca magisterska - klasyfikacja znaków drogowych\KB_Praca_Magisterska\data\raw\polish_traffic_signs_dataset\test\C-9\2019_0809_162432_004 0623_0.jpg,C-9,C-4,65.89220428466797
2938,C:\Users\Dell\Desktop\Kacper Błachowiak - praca magisterska - klasyfikacja znaków drogowych\KB_Praca_Magisterska\data\raw\polish_traffic_signs_dataset\test\C-9\2019_0809_162432_004 1431_0.jpg,C-9,C-10,20.67117691040039
2943,C:\Users\Dell\Desktop\Kacper Błachowiak - praca magisterska - klasyfikacja znaków drogowych\KB_Praca_Magisterska\data\raw\polish_traffic_signs_dataset\test\C-9\2019_0811_175830_003 0490_0.jpg,C-9,C-10,65.91287994384766
2945,C:\Users\Dell\Desktop\Kacper Błachowiak - praca magisterska - klasyfikacja znaków drogowych\KB_Praca_Magisterska\data\raw\polish_traffic_signs_dataset\test\C-9\2019_0811_175830_003 0565_0.jpg,C-9,D-14,59.66228103637695
2957,C:\Users\Dell\Desktop\Kacper Błachowiak - praca magisterska - klasyfikacja znaków drogowych\KB_Praca_Magisterska\data\raw\polish_traffic_signs_dataset\test\C-9\2019_0811_183255_004 0694_0.jpg,C-9,C-10,94.13638305664062
2961,C:\Users\Dell\Desktop\Kacper Błachowiak - praca magisterska - klasyfikacja znaków drogowych\KB_Praca_Magisterska\data\raw\polish_traffic_signs_dataset\test\C-9\2019_0811_183255_004 0768_0.jpg,C-9,C-4,70.70893859863281
2962,C:\Users\Dell\Desktop\Kacper Błachowiak - praca magisterska - klasyfikacja znaków drogowych\KB_Praca_Magisterska\data\raw\polish_traffic_signs_dataset\test\C-9\2019_0811_183255_004 0769_0.jpg,C-9,C-10,105.0916519165039
2966,C:\Users\Dell\Desktop\Kacper Błachowiak - praca magisterska - klasyfikacja znaków drogowych\KB_Praca_Magisterska\data\raw\polish_traffic_signs_dataset\test\C-9\2019_0811_183255_004 1040_0.jpg,C-9,C-10,76.42353057861328
2967,C:\Users\Dell\Desktop\Kacper Błachowiak - praca magisterska - klasyfikacja znaków drogowych\KB_Praca_Magisterska\data\raw\polish_traffic_signs_dataset\test\C-9\2019_0811_183255_004 1088_0.jpg,C-9,C-10,90.2792739868164
2969,C:\Users\Dell\Desktop\Kacper Błachowiak - praca magisterska - klasyfikacja znaków drogowych\KB_Praca_Magisterska\data\raw\polish_traffic_signs_dataset\test\C-9\2019_0811_183255_004 1359_0.jpg,C-9,C-10,76.04552459716797
2975,C:\Users\Dell\Desktop\Kacper Błachowiak - praca magisterska - klasyfikacja znaków drogowych\KB_Praca_Magisterska\data\raw\polish_traffic_signs_dataset\test\C-9\2019_0811_183255_004 1768_0.jpg,C-9,B-42,126.08617401123048
2976,C:\Users\Dell\Desktop\Kacper Błachowiak - praca magisterska - klasyfikacja znaków drogowych\KB_Praca_Magisterska\data\raw\polish_traffic_signs_dataset\test\C-9\2019_0814_154857_003 0178_0.jpg,C-9,C-16,78.9579849243164
3006,C:\Users\Dell\Desktop\Kacper Błachowiak - praca magisterska - klasyfikacja znaków drogowych\KB_Praca_Magisterska\data\raw\polish_traffic_signs_dataset\test\C-9\2019_0814_162326_004 1636_0.jpg,C-9,C-10,155.66207885742188
3007,C:\Users\Dell\Desktop\Kacper Błachowiak - praca magisterska - klasyfikacja znaków drogowych\KB_Praca_Magisterska\data\raw\polish_traffic_signs_dataset\test\C-9\2019_0814_162326_004 1652_0.jpg,C-9,C-10,103.35423278808594
3008,C:\Users\Dell\Desktop\Kacper Błachowiak - praca magisterska - klasyfikacja znaków drogowych\KB_Praca_Magisterska\data\raw\polish_traffic_signs_dataset\test\C-9\2019_0814_162326_004 1653_0.jpg,C-9,C-4,111.61366271972656
3021,C:\Users\Dell\Desktop\Kacper Błachowiak - praca magisterska - klasyfikacja znaków drogowych\KB_Praca_Magisterska\data\raw\polish_traffic_signs_dataset\test\C-9\2019_0815_090538_005 0638_0.jpg,C-9,C-10,76.34634399414062
3022,C:\Users\Dell\Desktop\Kacper Błachowiak - praca magisterska - klasyfikacja znaków drogowych\KB_Praca_Magisterska\data\raw\polish_traffic_signs_dataset\test\C-9\2019_0815_090538_005 0647_0.jpg,C-9,C-10,87.8800277709961
3025,C:\Users\Dell\Desktop\Kacper Błachowiak - praca magisterska - klasyfikacja znaków drogowych\KB_Praca_Magisterska\data\raw\polish_traffic_signs_dataset\test\C-9\2019_0815_090538_005 0659_0.jpg,C-9,C-10,63.91445541381836
3028,C:\Users\Dell\Desktop\Kacper Błachowiak - praca magisterska - klasyfikacja znaków drogowych\KB_Praca_Magisterska\data\raw\polish_traffic_signs_dataset\test\C-9\2019_0815_090538_005 0671_0.jpg,C-9,C-5,95.5052490234375
3032,C:\Users\Dell\Desktop\Kacper Błachowiak - praca magisterska - klasyfikacja znaków drogowych\KB_Praca_Magisterska\data\raw\polish_traffic_signs_dataset\test\C-9\2019_0815_090538_005 0691_0.jpg,C-9,C-10,57.578155517578125
3034,C:\Users\Dell\Desktop\Kacper Błachowiak - praca magisterska - klasyfikacja znaków drogowych\KB_Praca_Magisterska\data\raw\polish_traffic_signs_dataset\test\C-9\2019_0815_090538_005 1046_0.jpg,C-9,C-10,32.54536437988281
3036,C:\Users\Dell\Desktop\Kacper Błachowiak - praca magisterska - klasyfikacja znaków drogowych\KB_Praca_Magisterska\data\raw\polish_traffic_signs_dataset\test\C-9\2019_0815_090538_005 1166_0.jpg,C-9,C-10,57.798133850097656
3037,C:\Users\Dell\Desktop\Kacper Błachowiak - praca magisterska - klasyfikacja znaków drogowych\KB_Praca_Magisterska\data\raw\polish_traffic_signs_dataset\test\C-9\2019_0815_090538_005 1167_0.jpg,C-9,C-10,33.96698760986328
3038,C:\Users\Dell\Desktop\Kacper Błachowiak - praca magisterska - klasyfikacja znaków drogowych\KB_Praca_Magisterska\data\raw\polish_traffic_signs_dataset\test\C-9\2019_0815_090538_005 1197_0.jpg,C-9,C-10,53.59901809692383
3039,C:\Users\Dell\Desktop\Kacper Błachowiak - praca magisterska - klasyfikacja znaków drogowych\KB_Praca_Magisterska\data\raw\polish_traffic_signs_dataset\test\D-1\2019_0719_150032_004 0645_0.jpg,D-1,D-2,135.9901123046875
3055,C:\Users\Dell\Desktop\Kacper Błachowiak - praca magisterska - klasyfikacja znaków drogowych\KB_Praca_Magisterska\data\raw\polish_traffic_signs_dataset\test\D-1\2019_0721_171043_003 0531_0.jpg,D-1,A-6e,105.36431884765624
3149,C:\Users\Dell\Desktop\Kacper Błachowiak - praca magisterska - klasyfikacja znaków drogowych\KB_Praca_Magisterska\data\raw\polish_traffic_signs_dataset\test\D-1\2019_0809_162432_004 1553_0.jpg,D-1,A-1,51.62433624267578
3255,C:\Users\Dell\Desktop\Kacper Błachowiak - praca magisterska - klasyfikacja znaków drogowych\KB_Praca_Magisterska\data\raw\polish_traffic_signs_dataset\test\D-15\2019_0714_142630_003 039_0.jpg,D-15,D-27,54.692481994628906
3302,C:\Users\Dell\Desktop\Kacper Błachowiak - praca magisterska - klasyfikacja znaków drogowych\KB_Praca_Magisterska\data\raw\polish_traffic_signs_dataset\test\D-15\2019_0809_155001_003 0857_0.jpg,D-15,D-27,102.32968139648438
3354,C:\Users\Dell\Desktop\Kacper Błachowiak - praca magisterska - klasyfikacja znaków drogowych\KB_Praca_Magisterska\data\raw\polish_traffic_signs_dataset\test\D-15\2019_0815_090538_005 0646_0.jpg,D-15,D-26b,46.62616729736328
3398,C:\Users\Dell\Desktop\Kacper Błachowiak - praca magisterska - klasyfikacja znaków drogowych\KB_Praca_Magisterska\data\raw\polish_traffic_signs_dataset\test\D-18\2019_0811_183255_004 1486_0.jpg,D-18,D-14,49.59015655517578
3402,C:\Users\Dell\Desktop\Kacper Błachowiak - praca magisterska - klasyfikacja znaków drogowych\KB_Praca_Magisterska\data\raw\polish_traffic_signs_dataset\test\D-18\2019_0814_154857_003 0853_0.jpg,D-18,D-23,58.94457244873047
3409,C:\Users\Dell\Desktop\Kacper Błachowiak - praca magisterska - klasyfikacja znaków drogowych\KB_Praca_Magisterska\data\raw\polish_traffic_signs_dataset\test\D-18\2019_0814_154857_003 1649_0.jpg,D-18,D-tablica,86.09568786621094
3424,C:\Users\Dell\Desktop\Kacper Błachowiak - praca magisterska - klasyfikacja znaków drogowych\KB_Praca_Magisterska\data\raw\polish_traffic_signs_dataset\test\D-18b\2019_0814_154857_003 0619_1.jpg,D-18b,D-18,119.2248077392578
3479,C:\Users\Dell\Desktop\Kacper Błachowiak - praca magisterska - klasyfikacja znaków drogowych\KB_Praca_Magisterska\data\raw\polish_traffic_signs_dataset\test\D-21\2019_0719_142601_003 0239_0.jpg,D-21,D-8,81.58610534667969
3482,C:\Users\Dell\Desktop\Kacper Błachowiak - praca magisterska - klasyfikacja znaków drogowych\KB_Praca_Magisterska\data\raw\polish_traffic_signs_dataset\test\D-21\2019_0719_142601_003 0258_0.jpg,D-21,D-43,87.36019897460938
3517,C:\Users\Dell\Desktop\Kacper Błachowiak - praca magisterska - klasyfikacja znaków drogowych\KB_Praca_Magisterska\data\raw\polish_traffic_signs_dataset\test\D-23\2019_0811_190715_005 399_0.jpg,D-23,D-18,38.885990142822266
3529,C:\Users\Dell\Desktop\Kacper Błachowiak - praca magisterska - klasyfikacja znaków drogowych\KB_Praca_Magisterska\data\raw\polish_traffic_signs_dataset\test\D-23a\2019_0719_142601_003 1483_0.jpg,D-23a,D-26c,148.42324829101562
3568,C:\Users\Dell\Desktop\Kacper Błachowiak - praca magisterska - klasyfikacja znaków drogowych\KB_Praca_Magisterska\data\raw\polish_traffic_signs_dataset\test\D-26c\2019_0719_142601_003 0135_0.jpg,D-26c,D-24,132.2855987548828
3575,C:\Users\Dell\Desktop\Kacper Błachowiak - praca magisterska - klasyfikacja znaków drogowych\KB_Praca_Magisterska\data\raw\polish_traffic_signs_dataset\test\D-26c\2019_0721_171043_003 0528_0.jpg,D-26c,D-23a,52.350616455078125
3592,C:\Users\Dell\Desktop\Kacper Błachowiak - praca magisterska - klasyfikacja znaków drogowych\KB_Praca_Magisterska\data\raw\polish_traffic_signs_dataset\test\D-27\2019_0814_154857_003 0853_0.jpg,D-27,D-26c,70.98048400878906
3602,C:\Users\Dell\Desktop\Kacper Błachowiak - praca magisterska - klasyfikacja znaków drogowych\KB_Praca_Magisterska\data\raw\polish_traffic_signs_dataset\test\D-28\2019_0719_142601_003 0258_0.jpg,D-28,C-16,120.04000854492188
3607,C:\Users\Dell\Desktop\Kacper Błachowiak - praca magisterska - klasyfikacja znaków drogowych\KB_Praca_Magisterska\data\raw\polish_traffic_signs_dataset\test\D-28\2019_0719_142601_003 1167_0.jpg,D-28,D-23,115.62065887451172
3632,C:\Users\Dell\Desktop\Kacper Błachowiak - praca magisterska - klasyfikacja znaków drogowych\KB_Praca_Magisterska\data\raw\polish_traffic_signs_dataset\test\D-29\2019_0719_142601_003 0213_0.jpg,D-29,D-27,133.67405700683594
3635,C:\Users\Dell\Desktop\Kacper Błachowiak - praca magisterska - klasyfikacja znaków drogowych\KB_Praca_Magisterska\data\raw\polish_traffic_signs_dataset\test\D-29\2019_0719_142601_003 0245_0.jpg,D-29,D-27,108.28455352783205
3637,C:\Users\Dell\Desktop\Kacper Błachowiak - praca magisterska - klasyfikacja znaków drogowych\KB_Praca_Magisterska\data\raw\polish_traffic_signs_dataset\test\D-29\2019_0719_142601_003 0258_0.jpg,D-29,C-16,133.281494140625
3661,C:\Users\Dell\Desktop\Kacper Błachowiak - praca magisterska - klasyfikacja znaków drogowych\KB_Praca_Magisterska\data\raw\polish_traffic_signs_dataset\test\D-3\2019_0719_142601_003 0138_0.jpg,D-3,C-16,58.454925537109375
3664,C:\Users\Dell\Desktop\Kacper Błachowiak - praca magisterska - klasyfikacja znaków drogowych\KB_Praca_Magisterska\data\raw\polish_traffic_signs_dataset\test\D-3\2019_0719_142601_003 0188_0.jpg,D-3,C-5,80.91817474365234
3665,C:\Users\Dell\Desktop\Kacper Błachowiak - praca magisterska - klasyfikacja znaków drogowych\KB_Praca_Magisterska\data\raw\polish_traffic_signs_dataset\test\D-3\2019_0719_142601_003 0188_1.jpg,D-3,D-23,92.2759017944336
3668,C:\Users\Dell\Desktop\Kacper Błachowiak - praca magisterska - klasyfikacja znaków drogowych\KB_Praca_Magisterska\data\raw\polish_traffic_signs_dataset\test\D-3\2019_0719_142601_003 0230_0.jpg,D-3,D-23,100.06708526611328
3674,C:\Users\Dell\Desktop\Kacper Błachowiak - praca magisterska - klasyfikacja znaków drogowych\KB_Praca_Magisterska\data\raw\polish_traffic_signs_dataset\test\D-3\2019_0721_181936_005 616_0.jpg,D-3,D-14,68.46785736083984
3677,C:\Users\Dell\Desktop\Kacper Błachowiak - praca magisterska - klasyfikacja znaków drogowych\KB_Praca_Magisterska\data\raw\polish_traffic_signs_dataset\test\D-3\2019_0721_181936_005 707_1.jpg,D-3,D-8,45.040287017822266
3696,C:\Users\Dell\Desktop\Kacper Błachowiak - praca magisterska - klasyfikacja znaków drogowych\KB_Praca_Magisterska\data\raw\polish_traffic_signs_dataset\test\D-3\2019_0811_190715_005 451_0.jpg,D-3,D-27,70.7337875366211
3698,C:\Users\Dell\Desktop\Kacper Błachowiak - praca magisterska - klasyfikacja znaków drogowych\KB_Praca_Magisterska\data\raw\polish_traffic_signs_dataset\test\D-3\2019_0811_190715_005 458_0.jpg,D-3,B-42,138.4169921875
3720,C:\Users\Dell\Desktop\Kacper Błachowiak - praca magisterska - klasyfikacja znaków drogowych\KB_Praca_Magisterska\data\raw\polish_traffic_signs_dataset\test\D-41\2019_0815_090538_005 0436_0.jpg,D-41,A-16,46.55159759521485
3726,C:\Users\Dell\Desktop\Kacper Błachowiak - praca magisterska - klasyfikacja znaków drogowych\KB_Praca_Magisterska\data\raw\polish_traffic_signs_dataset\test\D-41\2019_1030_162407_042 0093_1.jpg,D-41,D-8,56.46441268920898
3786,C:\Users\Dell\Desktop\Kacper Błachowiak - praca magisterska - klasyfikacja znaków drogowych\KB_Praca_Magisterska\data\raw\polish_traffic_signs_dataset\test\D-43\2019_0721_171043_003 1524_0.jpg,D-43,D-42,107.4269790649414
3813,C:\Users\Dell\Desktop\Kacper Błachowiak - praca magisterska - klasyfikacja znaków drogowych\KB_Praca_Magisterska\data\raw\polish_traffic_signs_dataset\test\D-43\2019_0815_090538_005 1840_0.jpg,D-43,D-42,50.80137634277344
3816,C:\Users\Dell\Desktop\Kacper Błachowiak - praca magisterska - klasyfikacja znaków drogowych\KB_Praca_Magisterska\data\raw\polish_traffic_signs_dataset\test\D-43\2019_0815_094007_006 381_0.jpg,D-43,D-42,97.56616973876952
3820,C:\Users\Dell\Desktop\Kacper Błachowiak - praca magisterska - klasyfikacja znaków drogowych\KB_Praca_Magisterska\data\raw\polish_traffic_signs_dataset\test\D-4a\2020_0313_183912_004 359_0.jpg,D-4a,D-4b,62.34220504760742
3821,C:\Users\Dell\Desktop\Kacper Błachowiak - praca magisterska - klasyfikacja znaków drogowych\KB_Praca_Magisterska\data\raw\polish_traffic_signs_dataset\test\D-4a\2020_0510_192839_015 828_0.jpg,D-4a,D-9,43.62124633789063
3845,C:\Users\Dell\Desktop\Kacper Błachowiak - praca magisterska - klasyfikacja znaków drogowych\KB_Praca_Magisterska\data\raw\polish_traffic_signs_dataset\test\D-4b\2019_0809_162432_004 1457_0.jpg,D-4b,D-4a,80.87088012695312
3848,C:\Users\Dell\Desktop\Kacper Błachowiak - praca magisterska - klasyfikacja znaków drogowych\KB_Praca_Magisterska\data\raw\polish_traffic_signs_dataset\test\D-4b\2019_0920_164444_043 0584_0.jpg,D-4b,B-36,57.96271896362305
3862,C:\Users\Dell\Desktop\Kacper Błachowiak - praca magisterska - klasyfikacja znaków drogowych\KB_Praca_Magisterska\data\raw\polish_traffic_signs_dataset\test\D-51\2019_0811_183255_004 0946_0.jpg,D-51,D-14,33.05728912353516
3918,C:\Users\Dell\Desktop\Kacper Błachowiak - praca magisterska - klasyfikacja znaków drogowych\KB_Praca_Magisterska\data\raw\polish_traffic_signs_dataset\test\D-6\2019_0721_171043_003 0444_0.jpg,D-6,D-6b,108.7692413330078
3921,C:\Users\Dell\Desktop\Kacper Błachowiak - praca magisterska - klasyfikacja znaków drogowych\KB_Praca_Magisterska\data\raw\polish_traffic_signs_dataset\test\D-6\2019_0721_171043_003 0531_0.jpg,D-6,A-32,68.92448425292969
3988,C:\Users\Dell\Desktop\Kacper Błachowiak - praca magisterska - klasyfikacja znaków drogowych\KB_Praca_Magisterska\data\raw\polish_traffic_signs_dataset\test\D-6\2019_0809_162432_004 1535_0.jpg,D-6,D-6b,133.89630126953125
4032,C:\Users\Dell\Desktop\Kacper Błachowiak - praca magisterska - klasyfikacja znaków drogowych\KB_Praca_Magisterska\data\raw\polish_traffic_signs_dataset\test\D-6\2019_0811_183255_004 0188_0.jpg,D-6,D-6b,123.68950653076172
4071,C:\Users\Dell\Desktop\Kacper Błachowiak - praca magisterska - klasyfikacja znaków drogowych\KB_Praca_Magisterska\data\raw\polish_traffic_signs_dataset\test\D-6\2019_0814_162326_004 1659_0.jpg,D-6,D-6b,130.16653442382812
4117,C:\Users\Dell\Desktop\Kacper Błachowiak - praca magisterska - klasyfikacja znaków drogowych\KB_Praca_Magisterska\data\raw\polish_traffic_signs_dataset\test\D-6\2019_0815_090538_005 1423_0.jpg,D-6,A-16,48.33972930908203
4177,C:\Users\Dell\Desktop\Kacper Błachowiak - praca magisterska - klasyfikacja znaków drogowych\KB_Praca_Magisterska\data\raw\polish_traffic_signs_dataset\test\D-6b\2019_0726_185626_003 107_0.jpg,D-6b,D-6,154.2509307861328
